sample_id	segment_id	type	river_name	sac	catchment_area	grts_ranking	sample
407506_3260	943	35	GIELISBEEK	1	1	407506	1
728498_3260	1017	35	NOORBEEK	1	1	728498	1
1047854_3260	1088	35	GELSLOOPKE	1	1	1047854	1
1150886_3260	1690	35	NA	1	1	1150886	1
1391710_3260	814	35	GOUWBERGSE LOOP	1	1	1391710	1
2357110_3260	872	35	BRISDILLOOP	1	1	2357110	1
2485086_3260	806	35	GOUWBERGSE LOOP	1	1	2485086	1
2701266_3260	942	35	GIELISBEEK	1	1	2701266	1
3144798_3260	822	35	GOUWBERGSE LOOP	1	1	3144798	1
3286646_3260	876	35	BRISDILLOOP	1	1	3286646	1
3469714_3260	386	35	RENNE	1	1	3469714	1
4172754_3260	862	35	ABEEK	1	1	4172754	1
4256146_3260	385	35	RENNE	1	1	4256146	1
5042578_3260	388	35	RENNE	1	1	5042578	1
6675294_3260	802	35	GOUWBERGSE LOOP	1	1	6675294	1
6762706_3260	1241	35	BOLLISENBEEK	1	1	6762706	1
7401874_3260	383	35	RENNE	1	1	7401874	1
7550870_3260	1692	35	ANTITANKKANAAL	1	1	7550870	1
8185921_3260	1011	35	BORNEBEEK	1	1	8185921	1
8319378_3260	395	35	RENNE	1	1	8319378	1
8417234_3260	368	35	ABEEK	1	1	8417234	0
8469598_3260	815	35	GOUWBERGSE LOOP	1	1	8469598	0
8976594_3260	1459	35	ZWARTEBEEK	1	1	8976594	0
9302418_3260	390	35	RENNE	1	1	9302418	0
9436254_3260	824	35	GOUWBERGSE LOOP	1	1	9436254	0
9844690_3260	945	35	GIELISBEEK	1	1	9844690	0
10930130_3260	541	35	ABEEK	1	1	10930130	0
11085430_3260	882	35	BRISDILLOOP	1	1	11085430	0
12385374_3260	826	35	GOUWBERGSE LOOP	1	1	12385374	0
12995794_3260	475	35	BOLLISENBEEK	1	1	12995794	0
13119698_3260	473	35	BOLLISENBEEK	1	1	13119698	0
13757278_3260	810	35	GOUWBERGSE LOOP	1	1	13757278	0
14154846_3260	819	35	GOUWBERGSE LOOP	1	1	14154846	0
14761054_3260	817	35	GOUWBERGSE LOOP	1	1	14761054	0
14805854_3260	808	35	GOUWBERGSE LOOP	1	1	14805854	0
15087570_3260	944	35	GIELISBEEK	1	1	15087570	0
15203422_3260	821	35	GOUWBERGSE LOOP	1	1	15203422	0
15522654_3260	792	35	GOUWBERGSE LOOP	1	1	15522654	0
16967745_3260	1008	35	BORNEBEEK	1	1	16967745	0
17279954_3260	861	35	ABEEK	1	1	17279954	0
17963218_3260	1239	35	BOLLISENBEEK	1	1	17963218	0
18349150_3260	820	35	GOUWBERGSE LOOP	1	1	18349150	0
18530578_3260	109	35	OUDE DOMMEL	1	1	18530578	0
18675922_3260	1461	35	ZWARTEBEEK	1	1	18675922	0
18872182_3260	870	35	BRISDILLOOP	1	1	18872182	0
19801718_3260	878	35	BRISDILLOOP	1	1	19801718	0
20241246_3260	796	35	GOUWBERGSE LOOP	1	1	20241246	0
20335826_3260	476	35	BOLLISENBEEK	1	1	20335826	0
20640146_3260	397	35	RENNE	1	1	20640146	0
20651442_3260	1016	35	NOORBEEK	1	1	20651442	0
21387058_3260	1521	35	ZUTENDAALBEEK	1	1	21387058	0
21646546_3260	478	35	BOLLISENBEEK	1	1	21646546	0
21938450_3260	108	35	OUDE DOMMEL	1	1	21938450	0
22157522_3260	1238	35	BOLLISENBEEK	1	1	22157522	0
22489106_3260	551	35	LOSBEEK	1	1	22489106	0
22697778_3260	1522	35	ZUTENDAALBEEK	1	1	22697778	0
22718529_3260	1004	35	BORNEBEEK	1	1	22718529	0
23433126_3260	1691	35	NA	1	1	23433126	0
23911262_3260	791	35	GOUWBERGSE LOOP	1	1	23911262	0
23971218_3260	382	35	RENNE	1	1	23971218	0
23976798_3260	797	35	GOUWBERGSE LOOP	1	1	23976798	0
24095698_3260	863	35	ABEEK	1	1	24095698	0
24700993_3260	1013	35	BORNEBEEK	1	1	24700993	0
24706142_3260	828	35	GOUWBERGSE LOOP	1	1	24706142	0
25581362_3260	1520	35	ZUTENDAALBEEK	1	1	25581362	0
26016862_3260	827	35	GOUWBERGSE LOOP	1	1	26016862	0
26562902_3260	589	35	RAAMDONKSEBEEK	1	1	26562902	0
26889426_3260	479	35	BOLLISENBEEK	1	1	26889426	0
27122526_3260	798	35	GOUWBERGSE LOOP	1	1	27122526	0
27869526_3260	591	35	RAAMDONKSEBEEK	1	1	27869526	0
27978590_3260	812	35	GOUWBERGSE LOOP	1	1	27978590	0
28040146_3260	370	35	ABEEK	1	1	28040146	0
28111250_3260	387	35	RENNE	1	1	28111250	0
28727090_3260	1519	35	ZUTENDAALBEEK	1	1	28727090	0
28859230_3260	787	35	GOUWBERGSE LOOP	1	1	28859230	0
29673426_3260	542	35	ABEEK	1	1	29673426	0
30035154_3260	477	35	BOLLISENBEEK	1	1	30035154	0
30058561_3260	1007	35	BORNEBEEK	1	1	30058561	0
30077330_3260	396	35	RENNE	1	1	30077330	0
30796638_3260	804	35	GOUWBERGSE LOOP	1	1	30796638	0
30945490_3260	472	35	BOLLISENBEEK	1	1	30945490	0
31006130_3260	1	35	NOORBEEK	1	1	31006130	0
33356894_3260	825	35	GOUWBERGSE LOOP	1	1	33356894	0
33876033_3260	1012	35	BORNEBEEK	1	1	33876033	0
34151858_3260	1018	35	NOORBEEK	1	1	34151858	0
34659166_3260	789	35	GOUWBERGSE LOOP	1	1	34659166	0
35301441_3260	1005	35	BORNEBEEK	1	1	35301441	0
35596306_3260	550	35	LOSBEEK	1	1	35596306	0
35635474_3260	111	35	OUDE DOMMEL	1	1	35635474	0
35731410_3260	946	35	GIELISBEEK	1	1	35731410	0
35773278_3260	803	35	GOUWBERGSE LOOP	1	1	35773278	0
35956690_3260	377	35	HOMMELBEEK	1	1	35956690	0
36618514_3260	110	35	OUDE DOMMEL	1	1	36618514	0
36880658_3260	107	35	OUDE DOMMEL	1	1	36880658	0
37046226_3260	376	35	HOMMELBEEK	1	1	37046226	0
37310806_3260	587	35	RAAMDONKSEBEEK	1	1	37310806	0
37703826_3260	45	35	OUDE LOSSING	1	1	37703826	0
37835094_3260	586	35	RAAMDONKSEBEEK	1	1	37835094	0
38008694_3260	873	35	BRISDILLOOP	1	1	38008694	0
38219986_3260	1240	35	BOLLISENBEEK	1	1	38219986	0
38337630_3260	829	35	GOUWBERGSE LOOP	1	1	38337630	0
38525906_3260	371	35	ABEEK	1	1	38525906	0
38656862_3260	800	35	GOUWBERGSE LOOP	1	1	38656862	0
39014742_3260	583	35	RAAMDONKSEBEEK	1	1	39014742	0
39517622_3260	1003	35	KLEINEBEEK	1	1	39517622	0
40076162_3260	1873	35	VOER	1	1	40076162	0
40164190_3260	794	35	GOUWBERGSE LOOP	1	1	40164190	0
40561502_3260	811	35	GOUWBERGSE LOOP	1	1	40561502	0
40691777_3260	1010	35	BORNEBEEK	1	1	40691777	0
41212766_3260	795	35	GOUWBERGSE LOOP	1	1	41212766	0
41220306_3260	1462	35	ZWARTEBEEK	1	1	41220306	0
43334750_3260	813	35	GOUWBERGSE LOOP	1	1	43334750	0
43643090_3260	474	35	BOLLISENBEEK	1	1	43643090	0
44121182_3260	818	35	GOUWBERGSE LOOP	1	1	44121182	0
44428126_3260	807	35	GOUWBERGSE LOOP	1	1	44428126	0
45766450_3260	1523	35	ZUTENDAALBEEK	1	1	45766450	0
45997010_3260	369	35	ABEEK	1	1	45997010	0
46154002_3260	113	35	OUDE DOMMEL	1	1	46154002	0
47796566_3260	585	35	RAAMDONKSEBEEK	1	1	47796566	0
48414994_3260	106	35	OUDE DOMMEL	1	1	48414994	0
48552798_3260	793	35	GOUWBERGSE LOOP	1	1	48552798	0
48748754_3260	1237	35	BOLLISENBEEK	1	1	48748754	0
48834166_3260	883	35	BRISDILLOOP	1	1	48834166	0
49161846_3260	877	35	BRISDILLOOP	1	1	49161846	0
50251730_3260	539	35	ABEEK	1	1	50251730	0
50286934_3260	580	35	RAAMDONKSEBEEK	1	1	50286934	0
50412638_3260	816	35	GOUWBERGSE LOOP	1	1	50412638	0
50915393_3260	1015	35	BORNEBEEK	1	1	50915393	0
50920542_3260	1876	35	GOUWBERGSE LOOP	1	1	50920542	0
50931318_3260	884	35	BRISDILLOOP	1	1	50931318	0
51245458_3260	391	35	RENNE	1	1	51245458	0
51335510_3260	579	35	RAAMDONKSEBEEK	1	1	51335510	0
51728726_3260	590	35	RAAMDONKSEBEEK	1	1	51728726	0
51947474_3260	378	35	HOMMELBEEK	1	1	51947474	0
52931538_3260	367	35	ABEEK	1	1	52931538	0
53956950_3260	581	35	RAAMDONKSEBEEK	1	1	53956950	0
54325650_3260	389	35	RENNE	1	1	54325650	0
54582110_3260	788	35	GOUWBERGSE LOOP	1	1	54582110	0
55176030_3260	805	35	GOUWBERGSE LOOP	1	1	55176030	0
55224385_3260	1006	35	BORNEBEEK	1	1	55224385	0
55371841_3260	1009	35	BORNEBEEK	1	1	55371841	0
55912054_3260	880	35	BRISDILLOOP	1	1	55912054	0
56748894_3260	809	35	GOUWBERGSE LOOP	1	1	56748894	0
56803602_3260	105	35	OUDE DOMMEL	1	1	56803602	0
57078162_3260	392	35	RENNE	1	1	57078162	0
57363666_3260	481	35	BOLLISENBEEK	1	1	57363666	0
57408814_3260	1089	35	GELSLOOPKE	1	1	57408814	0
58521810_3260	1460	35	ZWARTEBEEK	1	1	58521810	0
58640338_3260	540	35	ABEEK	1	1	58640338	0
58718070_3260	871	35	BRISDILLOOP	1	1	58718070	0
58980214_3260	874	35	BRISDILLOOP	1	1	58980214	0
59287506_3260	375	35	HOMMELBEEK	1	1	59287506	0
59460818_3260	480	35	BOLLISENBEEK	1	1	59460818	0
59699602_3260	394	35	RENNE	1	1	59699602	0
59890526_3260	801	35	GOUWBERGSE LOOP	1	1	59890526	0
60509394_3260	482	35	BOLLISENBEEK	1	1	60509394	0
61235474_3260	112	35	OUDE DOMMEL	1	1	61235474	0
61927826_3260	384	35	RENNE	1	1	61927826	0
62083414_3260	582	35	RAAMDONKSEBEEK	1	1	62083414	0
62203510_3260	881	35	BRISDILLOOP	1	1	62203510	0
62708574_3260	790	35	GOUWBERGSE LOOP	1	1	62708574	0
64104054_3260	875	35	BRISDILLOOP	1	1	64104054	0
64890486_3260	879	35	BRISDILLOOP	1	1	64890486	0
65229142_3260	584	35	RAAMDONKSEBEEK	1	1	65229142	0
65595457_3260	1014	35	BORNEBEEK	1	1	65595457	0
65991058_3260	393	35	RENNE	1	1	65991058	0
66015378_3260	46	35	OUDE LOSSING	1	1	66015378	0
66059358_3260	823	35	GOUWBERGSE LOOP	1	1	66059358	0
66670934_3260	588	35	RAAMDONKSEBEEK	1	1	66670934	0
63762_3260	783	35	DOMMEL	1	2	63762	1
88754_3260	329	35	BERWIJN	1	2	88754	1
116470_3260	618	35	KLEINE NETE	1	2	116470	1
157302_3260	1583	35	GROTE NETE	1	2	157302	1
266578_3260	188	35	MAAS	1	2	266578	1
391346_3260	320	35	BERWIJN	1	2	391346	1
435538_3260	208	35	MAAS	1	2	435538	1
494838_3260	853	35	DESSELSE NEET	1	2	494838	1
559698_3260	674	35	BOSBEEK	1	2	559698	1
620406_3260	1413	35	BRISDILLOOP	1	2	620406	1
678674_3260	899	35	DOMMEL	1	2	678674	1
756982_3260	851	35	DESSELSE NEET	1	2	756982	1
763510_3260	1600	35	GROTE NETE	1	2	763510	1
784658_3260	102	35	DOMMEL	1	2	784658	1
790866_3260	191	35	MAAS	1	2	790866	1
819282_3260	114	35	MAAS	1	2	819282	1
931702_3260	1568	35	GROTE NETE	1	2	931702	1
946450_3260	95	35	DOMMEL	1	2	946450	1
947026_3260	516	35	ITTERBEEK	1	2	947026	1
1001746_3260	1105	35	DOMMEL	1	2	1001746	1
1018130_3260	1117	35	DOMMEL	1	2	1018130	1
1135858_3260	1811	35	MAAS	1	2	1135858	1
1269266_3260	422	35	WARMBEEK	1	2	1269266	1
1296146_3260	491	35	BOLLISENBEEK	1	2	1296146	1
1309170_3260	1824	35	MAAS	1	2	1309170	1
1480566_3260	1765	35	ASBEEK	1	2	1480566	1
1484114_3260	207	35	MAAS	1	2	1484114	1
1496534_3260	1471	35	LAAKBEEK	1	2	1496534	1
1528790_3260	1147	35	KLEINE NETE	1	2	1528790	1
1604598_3260	1286	35	RODE LOOP	1	2	1604598	1
1880594_3260	435	35	WARMBEEK	1	2	1880594	1
1917010_3260	125	35	MAAS	1	2	1917010	1
1980278_3260	1565	35	GROTE NETE	1	2	1980278	1
2133494_3260	1393	35	GROTE NETE	1	2	2133494	1
2192630_3260	964	35	KLEINE NETE	1	2	2192630	1
2221394_3260	222	35	MAAS	1	2	2221394	1
2241970_3260	348	35	BERWIJN	1	2	2241970	1
2246930_3260	1110	35	DOMMEL	1	2	2246930	1
2252274_3260	270	35	MAAS	1	2	2252274	1
2291670_3260	603	35	KLEINE NETE	1	2	2291670	1
2342994_3260	118	35	MAAS	1	2	2342994	1
2369362_3260	55	35	BOSBEEK	1	2	2369362	1
2465270_3260	1402	35	GROTE NETE	1	2	2465270	1
2476530_3260	1859	35	MAAS	1	2	2476530	1
2477554_3260	292	35	MAAS	1	2	2477554	1
2548050_3260	200	35	MAAS	1	2	2548050	1
2589570_3260	956	35	VOER	1	2	2589570	1
2608274_3260	44	35	ABEEK	1	2	2608274	1
2685046_3260	1458	35	DESSELSE NEET	1	2	2685046	1
2746230_3260	1273	35	KLEINE HOOFDGRACHT	1	2	2746230	1
2853618_3260	1815	35	MAAS	1	2	2853618	1
2992914_3260	926	35	DOMMEL	1	2	2992914	1
3009526_3260	1292	35	RODE LOOP	1	2	3009526	1
3012470_3260	1420	35	BRISDILLOOP	1	2	3012470	1
3034610_3260	253	35	MAAS	1	2	3034610	1
3057270_3260	1602	35	GROTE NETE	1	2	3057270	1
3097462_3260	1575	35	GROTE NETE	1	2	3097462	1
3114742_3260	631	35	KLEINE NETE	1	2	3114742	1
3115490_3260	969	35	MAAS	1	2	3115490	1
3173042_3260	359	35	BERWIJN	1	2	3173042	1
3197426_3260	1852	35	MAAS	1	2	3197426	1
3238226_3260	158	35	MAAS	1	2	3238226	1
3240210_3260	1054	35	DOMMEL	1	2	3240210	1
3266770_3260	466	35	BOLLISENBEEK	1	2	3266770	1
3303286_3260	831	35	HANSKENSELSLOOP	1	2	3303286	1
3378422_3260	850	35	DESSELSE NEET	1	2	3378422	1
3402066_3260	173	35	MAAS	1	2	3402066	1
3406162_3260	128	35	MAAS	1	2	3406162	1
3431858_3260	1041	35	VOER	1	2	3431858	1
3446646_3260	1759	35	ASBEEK	1	2	3446646	1
3481874_3260	919	35	DOMMEL	1	2	3481874	1
3483058_3260	9	35	VOER	1	2	3483058	1
3729270_3260	1535	35	GROTE NETE	1	2	3729270	1
3757298_3260	1810	35	MAAS	1	2	3757298	1
3799218_3260	317	35	BERWIJN	1	2	3799218	1
3886578_3260	259	35	MAAS	1	2	3886578	1
3902898_3260	20	35	VOER	1	2	3902898	1
3979222_3260	610	35	KLEINE NETE	1	2	3979222	1
4028278_3260	1415	35	BRISDILLOOP	1	2	4028278	1
4105846_3260	1605	35	GROTE NETE	1	2	4105846	1
4110198_3260	1556	35	GROTE NETE	1	2	4110198	1
4117746_3260	1800	35	MAAS	1	2	4117746	1
4152754_3260	1037	35	VOER	1	2	4152754	1
4193526_3260	838	35	DESSELSE NEET	1	2	4193526	1
4275614_3260	1640	35	MARK	1	2	4275614	1
4325778_3260	47	35	ABEEK	1	2	4325778	1
4367318_3260	459	35	KLEINE NETE	1	2	4367318	1
4394806_3260	1333	35	VARENDONKSE BEEK	1	2	4394806	1
4440146_3260	119	35	MAAS	1	2	4440146	1
4492722_3260	16	35	VOER	1	2	4492722	1
4623442_3260	997	35	MAAS	1	2	4623442	1
4646226_3260	221	35	MAAS	1	2	4646226	1
4654710_3260	1615	35	GROTE NETE	1	2	4654710	1
4677106_3260	267	35	MAAS	1	2	4677106	1
4678802_3260	412	35	SOERBEEK	1	2	4678802	1
4896630_3260	1563	35	GROTE NETE	1	2	4896630	1
4965042_3260	950	35	VOER	1	2	4965042	1
4984630_3260	1328	35	VARENDONKSE BEEK	1	2	4984630	1
5012950_3260	1527	35	LAAKBEEK	1	2	5012950	1
5027798_3260	611	35	KLEINE NETE	1	2	5027798	1
5062046_3260	1643	35	MARK	1	2	5062046	1
5118034_3260	58	35	BOSBEEK	1	2	5118034	1
5219958_3260	1596	35	GROTE NETE	1	2	5219958	1
5230070_3260	1386	35	GROTE NETE	1	2	5230070	1
5281654_3260	1754	35	ASBEEK	1	2	5281654	1
5288466_3260	432	35	WARMBEEK	1	2	5288466	1
5353746_3260	1051	35	DOMMEL	1	2	5353746	1
5464338_3260	908	35	DOMMEL	1	2	5464338	1
5699382_3260	1348	35	VARENDONKSE BEEK	1	2	5699382	1
5712082_3260	504	35	BOLLISENBEEK	1	2	5712082	1
5788522_3260	1096	35	DOMMEL	1	2	5788522	1
5834358_3260	1613	35	GROTE NETE	1	2	5834358	1
5850898_3260	493	35	BOLLISENBEEK	1	2	5850898	1
5998326_3260	633	35	KLEINE NETE	1	2	5998326	1
6056626_3260	364	35	BERWIJN	1	2	6056626	1
6104950_3260	1256	35	KLEINE HOOFDGRACHT	1	2	6104950	1
6118898_3260	274	35	MAAS	1	2	6118898	1
6155254_3260	1290	35	RODE LOOP	1	2	6155254	1
6258134_3260	1529	35	LAAKBEEK	1	2	6258134	1
6272886_3260	1278	35	KLEINE HOOFDGRACHT	1	2	6272886	1
6275154_3260	115	35	MAAS	1	2	6275154	1
6318770_3260	360	35	BERWIJN	1	2	6318770	1
6376530_3260	990	35	MAAS	1	2	6376530	1
6436274_3260	349	35	BERWIJN	1	2	6436274	1
6448050_3260	322	35	BERWIJN	1	2	6448050	1
6459190_3260	1339	35	VARENDONKSE BEEK	1	2	6459190	1
6592374_3260	1757	35	ASBEEK	1	2	6592374	1
6620790_3260	1611	35	GROTE NETE	1	2	6620790	1
6655222_3260	856	35	DESSELSE NEET	1	2	6655222	1
6707986_3260	898	35	DOMMEL	1	2	6707986	1
6786294_3260	852	35	DESSELSE NEET	1	2	6786294	0
6976338_3260	515	35	ITTERBEEK	1	2	6976338	0
7036434_3260	419	35	WARMBEEK	1	2	7036434	0
7047030_3260	1409	35	BRISDILLOOP	1	2	7047030	0
7065746_3260	545	35	ABEEK	1	2	7065746	0
7071606_3260	1263	35	KLEINE HOOFDGRACHT	1	2	7071606	0
7144054_3260	1710	35	GROTE NETE	1	2	7144054	0
7208182_3260	846	35	DESSELSE NEET	1	2	7208182	0
7219794_3260	50	35	BOSBEEK	1	2	7219794	0
7263474_3260	1802	35	MAAS	1	2	7263474	0
7301458_3260	161	35	MAAS	1	2	7301458	0
7454802_3260	120	35	MAAS	1	2	7454802	0
7560690_3260	264	35	MAAS	1	2	7560690	0
7583702_3260	616	35	KLEINE NETE	1	2	7583702	0
7612278_3260	1260	35	KLEINE HOOFDGRACHT	1	2	7612278	0
7639378_3260	183	35	MAAS	1	2	7639378	0
7652018_3260	961	35	VOER	1	2	7652018	0
7739254_3260	1767	35	ASBEEK	1	2	7739254	0
7746706_3260	522	35	ITTERBEEK	1	2	7746706	0
7844114_3260	1057	35	DOMMEL	1	2	7844114	0
8073718_3260	1625	35	MOLSE NETE	1	2	8073718	0
8300150_3260	1604	35	GROTE NETE	1	2	8300150	0
8370134_3260	613	35	KLEINE NETE	1	2	8370134	0
8415922_3260	356	35	BERWIJN	1	2	8415922	0
8473682_3260	989	35	MAAS	1	2	8473682	0
8483090_3260	1053	35	DOMMEL	1	2	8483090	0
8499474_3260	1050	35	DOMMEL	1	2	8499474	0
8510962_3260	229	35	MAAS	1	2	8510962	0
8554454_3260	1621	35	KLEINE NETE	1	2	8554454	0
8556022_3260	1387	35	GROTE NETE	1	2	8556022	0
8632182_3260	1549	35	GROTE NETE	1	2	8632182	0
8779638_3260	1416	35	BRISDILLOOP	1	2	8779638	0
8801714_3260	573	35	NA	1	2	8801714	0
8844434_3260	532	35	ITTERBEEK	1	2	8844434	0
8859122_3260	242	35	MAAS	1	2	8859122	0
8860150_3260	1628	35	MOLSE NETE	1	2	8860150	0
9014518_3260	1454	35	DESSELSE NEET	1	2	9014518	0
9133586_3260	420	35	WARMBEEK	1	2	9133586	0
9146706_3260	177	35	MAAS	1	2	9146706	0
9260466_3260	578	35	NA	1	2	9260466	0
9335058_3260	96	35	DOMMEL	1	2	9335058	0
9418614_3260	1552	35	GROTE NETE	1	2	9418614	0
9552758_3260	1283	35	KLEINE HOOFDGRACHT	1	2	9552758	0
9582002_3260	347	35	BERWIJN	1	2	9582002	0
9585490_3260	52	35	BOSBEEK	1	2	9585490	0
9594290_3260	6	35	VOER	1	2	9594290	0
9736530_3260	184	35	MAAS	1	2	9736530	0
9774514_3260	8	35	VOER	1	2	9774514	0
9845074_3260	148	35	MAAS	1	2	9845074	0
9850290_3260	571	35	NA	1	2	9850290	0
10046898_3260	575	35	NA	1	2	10046898	0
10046898_3260	1023	35	VOER	1	2	10046898	0
10155254_3260	313	35	KLEINE NETE	1	2	10155254	0
10168530_3260	502	35	BOLLISENBEEK	1	2	10168530	0
10286966_3260	1421	35	BRISDILLOOP	1	2	10286966	0
10309042_3260	1019	35	VOER	1	2	10309042	0
10316258_3260	982	35	MAAS	1	2	10316258	0
10438930_3260	1104	35	DOMMEL	1	2	10438930	0
10559762_3260	916	35	DOMMEL	1	2	10559762	0
10601334_3260	1284	35	KLEINE HOOFDGRACHT	1	2	10601334	0
10635538_3260	1109	35	DOMMEL	1	2	10635538	0
10758482_3260	170	35	MAAS	1	2	10758482	0
10843382_3260	965	35	KLEINE NETE	1	2	10843382	0
10878838_3260	1736	35	ASBEEK	1	2	10878838	0
10936658_3260	201	35	MAAS	1	2	10936658	0
10956274_3260	241	35	MAAS	1	2	10956274	0
10957302_3260	1627	35	MOLSE NETE	1	2	10957302	0
10994354_3260	953	35	VOER	1	2	10994354	0
11087346_3260	246	35	MAAS	1	2	11087346	0
11095474_3260	1021	35	VOER	1	2	11095474	0
11181942_3260	1751	35	ASBEEK	1	2	11181942	0
11218418_3260	1875	35	KIKBEEK	1	2	11218418	0
11364690_3260	155	35	MAAS	1	2	11364690	0
11483126_3260	1714	35	KLEINE NETE	1	2	11483126	0
11515862_3260	614	35	KLEINE NETE	1	2	11515862	0
11663222_3260	1418	35	BRISDILLOOP	1	2	11663222	0
11714422_3260	1745	35	ASBEEK	1	2	11714422	0
11947254_3260	1455	35	DESSELSE NEET	1	2	11947254	0
12019026_3260	220	35	MAAS	1	2	12019026	0
12029174_3260	854	35	DESSELSE NEET	1	2	12029174	0
12253686_3260	1631	35	MOLSE NETE	1	2	12253686	0
12289910_3260	1408	35	BRISDILLOOP	1	2	12289910	0
12322422_3260	1617	35	GROTE NETE	1	2	12322422	0
12388150_3260	1342	35	VARENDONKSE BEEK	1	2	12388150	0
12542934_3260	455	35	KLEINE NETE	1	2	12542934	0
12544338_3260	160	35	MAAS	1	2	12544338	0
12582134_3260	837	35	DESSELSE NEET	1	2	12582134	0
12610226_3260	357	35	BERWIJN	1	2	12610226	0
12713206_3260	842	35	DESSELSE NEET	1	2	12713206	0
12713846_3260	1738	35	ASBEEK	1	2	12713846	0
12835026_3260	471	35	BOLLISENBEEK	1	2	12835026	0
12869138_3260	718	35	WARMBEEK	1	2	12869138	0
12969846_3260	1542	35	GROTE NETE	1	2	12969846	0
13063926_3260	447	35	KLEINE NETE	1	2	13063926	0
13065746_3260	423	35	WARMBEEK	1	2	13065746	0
13315570_3260	1874	35	MAAS	1	2	13315570	0
13327890_3260	421	35	WARMBEEK	1	2	13327890	0
13454418_3260	988	35	MAAS	1	2	13454418	0
13470482_3260	935	35	DOMMEL	1	2	13470482	0
13487602_3260	290	35	MAAS	1	2	13487602	0
13520306_3260	574	35	NA	1	2	13520306	0
13570386_3260	193	35	MAAS	1	2	13570386	0
13606386_3260	262	35	MAAS	1	2	13606386	0
13756278_3260	1271	35	KLEINE HOOFDGRACHT	1	2	13756278	0
13838834_3260	1866	35	MAAS	1	2	13838834	0
13967634_3260	917	35	DOMMEL	1	2	13967634	0
14044658_3260	256	35	MAAS	1	2	14044658	0
14067026_3260	206	35	MAAS	1	2	14067026	0
14081554_3260	417	35	WARMBEEK	1	2	14081554	0
14114290_3260	266	35	MAAS	1	2	14114290	0
14310162_3260	900	35	DOMMEL	1	2	14310162	0
14352246_3260	1733	35	ASBEEK	1	2	14352246	0
14412114_3260	176	35	MAAS	1	2	14412114	0
14640086_3260	454	35	KLEINE NETE	1	2	14640086	0
14642706_3260	1157	35	WARMBEEK	1	2	14642706	0
14646742_3260	1530	35	LAAKBEEK	1	2	14646742	0
14727666_3260	1835	35	MAAS	1	2	14727666	0
14802418_3260	228	35	MAAS	1	2	14802418	0
14842962_3260	592	35	ZANDERBEEK	1	2	14842962	0
14853458_3260	211	35	MAAS	1	2	14853458	0
15024146_3260	1152	35	WARMBEEK	1	2	15024146	0
15034230_3260	1251	35	GROTE NETE	1	2	15034230	0
15043314_3260	1817	35	MAAS	1	2	15043314	0
15162866_3260	265	35	MAAS	1	2	15162866	0
15163666_3260	904	35	DOMMEL	1	2	15163666	0
15208246_3260	1329	35	VARENDONKSE BEEK	1	2	15208246	0
15254034_3260	443	35	WARMBEEK	1	2	15254034	0
15281650_3260	247	35	MAAS	1	2	15281650	0
15426706_3260	415	35	SOERBEEK	1	2	15426706	0
15443574_3260	1601	35	GROTE NETE	1	2	15443574	0
15454354_3260	544	35	ABEEK	1	2	15454354	0
15460214_3260	1264	35	KLEINE HOOFDGRACHT	1	2	15460214	0
15591286_3260	1547	35	GROTE NETE	1	2	15591286	0
15611314_3260	345	35	BERWIJN	1	2	15611314	0
15681298_3260	496	35	BOLLISENBEEK	1	2	15681298	0
15776242_3260	1836	35	MAAS	1	2	15776242	0
15886198_3260	833	35	HANSKENSELSLOOP	1	2	15886198	0
16058166_3260	1344	35	VARENDONKSE BEEK	1	2	16058166	0
16111090_3260	286	35	MAAS	1	2	16111090	0
16211474_3260	424	35	WARMBEEK	1	2	16211474	0
16217522_3260	335	35	BERWIJN	1	2	16217522	0
16256822_3260	1331	35	VARENDONKSE BEEK	1	2	16256822	0
16295346_3260	351	35	BERWIJN	1	2	16295346	0
16459986_3260	501	35	BOLLISENBEEK	1	2	16459986	0
16462354_3260	786	35	WARMBEEK	1	2	16462354	0
16495122_3260	428	35	WARMBEEK	1	2	16495122	0
16513362_3260	130	35	MAAS	1	2	16513362	0
16629622_3260	1244	35	GROTE NETE	1	2	16629622	0
16682066_3260	996	35	MAAS	1	2	16682066	0
16819634_3260	355	35	BERWIJN	1	2	16819634	0
17106898_3260	373	35	ABEEK	1	2	17106898	0
17120670_3260	1647	35	MARK	1	2	17120670	0
17161746_3260	722	35	WARMBEEK	1	2	17161746	0
17299954_3260	1825	35	MAAS	1	2	17299954	0
17393526_3260	1247	35	GROTE NETE	1	2	17393526	0
17417078_3260	1282	35	KLEINE HOOFDGRACHT	1	2	17417078	0
17421554_3260	1805	35	MAAS	1	2	17421554	0
17523858_3260	414	35	SOERBEEK	1	2	17523858	0
17649074_3260	1020	35	VOER	1	2	17649074	0
17700946_3260	59	35	BOSBEEK	1	2	17700946	0
17708918_3260	1567	35	GROTE NETE	1	2	17708918	0
17720658_3260	212	35	MAAS	1	2	17720658	0
17741686_3260	1558	35	GROTE NETE	1	2	17741686	0
17749234_3260	1801	35	MAAS	1	2	17749234	0
17764690_3260	194	35	MAAS	1	2	17764690	0
17835858_3260	54	35	BOSBEEK	1	2	17835858	0
17853106_3260	358	35	BERWIJN	1	2	17853106	0
17903090_3260	250	35	MAAS	1	2	17903090	0
17980082_3260	330	35	BERWIJN	1	2	17980082	0
18082130_3260	174	35	MAAS	1	2	18082130	0
18138870_3260	626	35	KLEINE NETE	1	2	18138870	0
18171666_3260	492	35	BOLLISENBEEK	1	2	18171666	0
18270290_3260	56	35	BOSBEEK	1	2	18270290	0
18404850_3260	282	35	MAAS	1	2	18404850	0
18413906_3260	131	35	MAAS	1	2	18413906	0
18417462_3260	1347	35	VARENDONKSE BEEK	1	2	18417462	0
18426354_3260	1870	35	MAAS	1	2	18426354	0
18499858_3260	1108	35	DOMMEL	1	2	18499858	0
18512370_3260	1841	35	MAAS	1	2	18512370	0
18535570_3260	509	35	ITTERBEEK	1	2	18535570	0
18556402_3260	279	35	MAAS	1	2	18556402	0
18737014_3260	1545	35	GROTE NETE	1	2	18737014	0
18837010_3260	1156	35	WARMBEEK	1	2	18837010	0
18901682_3260	362	35	BERWIJN	1	2	18901682	0
18938194_3260	134	35	MAAS	1	2	18938194	0
18966866_3260	159	35	MAAS	1	2	18966866	0
18991602_3260	1862	35	MAAS	1	2	18991602	0
19015542_3260	1262	35	KLEINE HOOFDGRACHT	1	2	19015542	0
19059858_3260	507	35	ITTERBEEK	1	2	19059858	0
19097938_3260	164	35	MAAS	1	2	19097938	0
19134962_3260	1822	35	MAAS	1	2	19134962	0
19214866_3260	441	35	WARMBEEK	1	2	19214866	0
19316598_3260	1743	35	ASBEEK	1	2	19316598	0
19332242_3260	5	35	ABEEK	1	2	19332242	0
19359058_3260	219	35	MAAS	1	2	19359058	0
19382962_3260	952	35	VOER	1	2	19382962	0
19548434_3260	1107	35	DOMMEL	1	2	19548434	0
19568502_3260	1761	35	ASBEEK	1	2	19568502	0
19576694_3260	1560	35	GROTE NETE	1	2	19576694	0
19593718_3260	1630	35	MOLSE NETE	1	2	19593718	0
19613458_3260	499	35	BOLLISENBEEK	1	2	19613458	0
19619250_3260	1032	35	VOER	1	2	19619250	0
19723410_3260	528	35	ITTERBEEK	1	2	19723410	0
19728182_3260	1341	35	VARENDONKSE BEEK	1	2	19728182	0
19892498_3260	1116	35	DOMMEL	1	2	19892498	0
20236786_3260	1856	35	MAAS	1	2	20236786	0
20251154_3260	784	35	WARMBEEK	1	2	20251154	0
20266066_3260	947	35	BOSBEEK	1	2	20266066	0
20307474_3260	721	35	WARMBEEK	1	2	20307474	0
20329618_3260	521	35	ITTERBEEK	1	2	20329618	0
20457810_3260	167	35	MAAS	1	2	20457810	0
20511058_3260	132	35	MAAS	1	2	20511058	0
20653554_3260	278	35	MAAS	1	2	20653554	0
20741590_3260	1528	35	LAAKBEEK	1	2	20741590	0
20784562_3260	11	35	VOER	1	2	20784562	0
20940534_3260	630	35	KLEINE NETE	1	2	20940534	0
20965238_3260	1268	35	KLEINE HOOFDGRACHT	1	2	20965238	0
21141366_3260	1764	35	ASBEEK	1	2	21141366	0
21166038_3260	605	35	KLEINE NETE	1	2	21166038	0
21248498_3260	1844	35	MAAS	1	2	21248498	0
21477238_3260	1274	35	KLEINE HOOFDGRACHT	1	2	21477238	0
21539602_3260	924	35	DOMMEL	1	2	21539602	0
21611382_3260	1281	35	KLEINE HOOFDGRACHT	1	2	21611382	0
21631314_3260	197	35	MAAS	1	2	21631314	0
21846802_3260	901	35	DOMMEL	1	2	21846802	0
21903222_3260	1566	35	GROTE NETE	1	2	21903222	0
21973266_3260	1106	35	DOMMEL	1	2	21973266	0
22013814_3260	1266	35	KLEINE HOOFDGRACHT	1	2	22013814	0
22047202_3260	981	35	MAAS	1	2	22047202	0
22051830_3260	1287	35	RODE LOOP	1	2	22051830	0
22140402_3260	289	35	MAAS	1	2	22140402	0
22304502_3260	1696	35	LARUMSE LOOP	1	2	22304502	0
22306226_3260	1040	35	VOER	1	2	22306226	0
22306322_3260	720	35	WARMBEEK	1	2	22306322	0
22357878_3260	1254	35	KLEINE HOOFDGRACHT	1	2	22357878	0
22383074_3260	967	35	MAAS	1	2	22383074	0
22454134_3260	1750	35	ASBEEK	1	2	22454134	0
22508978_3260	336	35	BERWIJN	1	2	22508978	0
22559058_3260	141	35	MAAS	1	2	22559058	0
22776594_3260	939	35	DOMMEL	1	2	22776594	0
22829113_3260	1699	35	WOLFPUTBEEK	1	2	22829113	0
22931318_3260	1546	35	GROTE NETE	1	2	22931318	0
22957558_3260	1394	35	GROTE NETE	1	2	22957558	0
23039058_3260	1000	35	MAAS	1	2	23039058	0
23107446_3260	1756	35	ASBEEK	1	2	23107446	0
23169810_3260	933	35	DOMMEL	1	2	23169810	0
23340918_3260	1533	35	GROTE NETE	1	2	23340918	0
23431650_3260	966	35	MAAS	1	2	23431650	0
23574390_3260	1276	35	KLEINE HOOFDGRACHT	1	2	23574390	0
23638546_3260	433	35	WARMBEEK	1	2	23638546	0
23678386_3260	577	35	NA	1	2	23678386	0
23713010_3260	1804	35	MAAS	1	2	23713010	0
23767378_3260	153	35	MAAS	1	2	23767378	0
23808274_3260	1101	35	DOMMEL	1	2	23808274	0
23825170_3260	940	35	DOMMEL	1	2	23825170	0
23900178_3260	408	35	WARMBEEK	1	2	23900178	0
23947602_3260	156	35	MAAS	1	2	23947602	0
24028498_3260	210	35	MAAS	1	2	24028498	0
24028790_3260	1603	35	GROTE NETE	1	2	24028790	0
24077650_3260	217	35	MAAS	1	2	24077650	0
24171762_3260	1809	35	MAAS	1	2	24171762	0
24246610_3260	136	35	MAAS	1	2	24246610	0
24267538_3260	928	35	DOMMEL	1	2	24267538	0
24282070_3260	1144	35	KLEINE NETE	1	2	24282070	0
24394226_3260	1845	35	MAAS	1	2	24394226	0
24405622_3260	1594	35	GROTE NETE	1	2	24405622	0
24445458_3260	785	35	WARMBEEK	1	2	24445458	0
24471414_3260	1250	35	GROTE NETE	1	2	24471414	0
24524210_3260	343	35	BERWIJN	1	2	24524210	0
24573910_3260	601	35	KLEINE NETE	1	2	24573910	0
24628370_3260	1045	35	OMLEIDING ABEEK	1	2	24628370	0
24698354_3260	232	35	MAAS	1	2	24698354	0
24791826_3260	929	35	DOMMEL	1	2	24791826	0
24792886_3260	1324	35	VARENDONKSE BEEK	1	2	24792886	0
24834666_3260	1705	35	WARMBEEK	1	2	24834666	0
24881110_3260	451	35	KLEINE NETE	1	2	24881110	0
24883474_3260	1048	35	DOMMEL	1	2	24883474	0
25104722_3260	195	35	MAAS	1	2	25104722	0
25243122_3260	251	35	MAAS	1	2	25243122	0
25286866_3260	465	35	BOLLISENBEEK	1	2	25286866	0
25322454_3260	448	35	KLEINE NETE	1	2	25322454	0
25475570_3260	1837	35	MAAS	1	2	25475570	0
25552758_3260	1541	35	GROTE NETE	1	2	25552758	0
25680354_3260	976	35	MAAS	1	2	25680354	0
25709330_3260	921	35	DOMMEL	1	2	25709330	0
25754098_3260	1829	35	MAAS	1	2	25754098	0
25825618_3260	198	35	MAAS	1	2	25825618	0
25935734_3260	1752	35	ASBEEK	1	2	25935734	0
25956690_3260	190	35	MAAS	1	2	25956690	0
25976306_3260	271	35	MAAS	1	2	25976306	0
26018422_3260	1708	35	GROTE NETE	1	2	26018422	0
26041842_3260	276	35	MAAS	1	2	26041842	0
26058230_3260	1400	35	GROTE NETE	1	2	26058230	0
26103218_3260	1025	35	VOER	1	2	26103218	0
26106546_3260	332	35	BERWIJN	1	2	26106546	0
26145938_3260	529	35	ITTERBEEK	1	2	26145938	0
26162610_3260	337	35	BERWIJN	1	2	26162610	0
26185874_3260	546	35	ABEEK	1	2	26185874	0
26381814_3260	1388	35	GROTE NETE	1	2	26381814	0
26382134_3260	1338	35	VARENDONKSE BEEK	1	2	26382134	0
26577650_3260	1819	35	MAAS	1	2	26577650	0
26633846_3260	1586	35	GROTE NETE	1	2	26633846	0
26656630_3260	1742	35	ASBEEK	1	2	26656630	0
26662358_3260	1470	35	LAAKBEEK	1	2	26662358	0
26718738_3260	437	35	WARMBEEK	1	2	26718738	0
26782482_3260	925	35	DOMMEL	1	2	26782482	0
26830710_3260	1248	35	GROTE NETE	1	2	26830710	0
26864630_3260	1293	35	RODE LOOP	1	2	26864630	0
26930674_3260	239	35	MAAS	1	2	26930674	0
27028146_3260	365	35	BERWIJN	1	2	27028146	0
27046418_3260	436	35	WARMBEEK	1	2	27046418	0
27092854_3260	1249	35	GROTE NETE	1	2	27092854	0
27108982_3260	1609	35	GROTE NETE	1	2	27108982	0
27125074_3260	226	35	MAAS	1	2	27125074	0
27144054_3260	1707	35	GROTE NETE	1	2	27144054	0
27237874_3260	263	35	MAAS	1	2	27237874	0
27258386_3260	868	35	WARMBEEK	1	2	27258386	0
27402514_3260	910	35	DOMMEL	1	2	27402514	0
27473782_3260	1578	35	GROTE NETE	1	2	27473782	0
27572722_3260	1839	35	MAAS	1	2	27572722	0
27726994_3260	512	35	ITTERBEEK	1	2	27726994	0
27746578_3260	905	35	DOMMEL	1	2	27746578	0
27894742_3260	535	35	KLEINE NETE	1	2	27894742	0
27933010_3260	146	35	MAAS	1	2	27933010	0
28039378_3260	469	35	BOLLISENBEEK	1	2	28039378	0
28200018_3260	992	35	MAAS	1	2	28200018	0
28426322_3260	121	35	MAAS	1	2	28426322	0
28427126_3260	1564	35	GROTE NETE	1	2	28427126	0
28469110_3260	832	35	HANSKENSELSLOOP	1	2	28469110	0
28741110_3260	1391	35	GROTE NETE	1	2	28741110	0
28794386_3260	425	35	WARMBEEK	1	2	28794386	0
28936466_3260	1124	35	DOMMEL	1	2	28936466	0
29053910_3260	460	35	KLEINE NETE	1	2	29053910	0
29056434_3260	1033	35	VOER	1	2	29056434	0
29075414_3260	452	35	KLEINE NETE	1	2	29075414	0
29082290_3260	951	35	VOER	1	2	29082290	0
29173170_3260	10	35	VOER	1	2	29173170	0
29252274_3260	331	35	BERWIJN	1	2	29252274	0
29312786_3260	497	35	BOLLISENBEEK	1	2	29312786	0
29353846_3260	1267	35	KLEINE HOOFDGRACHT	1	2	29353846	0
29442934_3260	1571	35	GROTE NETE	1	2	29442934	0
29460342_3260	1410	35	BRISDILLOOP	1	2	29460342	0
29525974_3260	1620	35	KLEINE NETE	1	2	29525974	0
29555190_3260	1632	35	MOLSE NETE	1	2	29555190	0
29616466_3260	172	35	MAAS	1	2	29616466	0
29751254_3260	600	35	KLEINE NETE	1	2	29751254	0
29770358_3260	1712	35	GROTE NETE	1	2	29770358	0
29855154_3260	2	35	VOER	1	2	29855154	0
29903634_3260	920	35	DOMMEL	1	2	29903634	0
29926834_3260	352	35	BERWIJN	1	2	29926834	0
29961014_3260	1694	35	GROTE NETE	1	2	29961014	0
29980534_3260	1412	35	BRISDILLOOP	1	2	29980534	0
29985042_3260	1123	35	DOMMEL	1	2	29985042	0
30000370_3260	1796	35	MAAS	1	2	30000370	0
30058102_3260	1607	35	GROTE NETE	1	2	30058102	0
30080886_3260	1735	35	ASBEEK	1	2	30080886	0
30312722_3260	1119	35	DOMMEL	1	2	30312722	0
30490642_3260	1154	35	WARMBEEK	1	2	30490642	0
30564626_3260	92	35	DOMMEL	1	2	30564626	0
30566006_3260	1580	35	GROTE NETE	1	2	30566006	0
30600722_3260	410	35	WARMBEEK	1	2	30600722	0
30648146_3260	51	35	BOSBEEK	1	2	30648146	0
30694834_3260	1039	35	VOER	1	2	30694834	0
30746486_3260	1255	35	KLEINE HOOFDGRACHT	1	2	30746486	0
30840694_3260	1766	35	ASBEEK	1	2	30840694	0
30865206_3260	1349	35	VARENDONKSE BEEK	1	2	30865206	0
31148306_3260	1103	35	DOMMEL	1	2	31148306	0
31257746_3260	526	35	ITTERBEEK	1	2	31257746	0
31280210_3260	987	35	MAAS	1	2	31280210	0
31319378_3260	225	35	MAAS	1	2	31319378	0
31484594_3260	361	35	BERWIJN	1	2	31484594	0
31542354_3260	991	35	MAAS	1	2	31542354	0
31558738_3260	1002	35	MAAS	1	2	31558738	0
31581522_3260	223	35	MAAS	1	2	31581522	0
31767026_3260	1838	35	MAAS	1	2	31767026	0
31839474_3260	1807	35	MAAS	1	2	31839474	0
31841810_3260	724	35	WARMBEEK	1	2	31841810	0
31856502_3260	1769	35	ASBEEK	1	2	31856502	0
32002922_3260	1094	35	DOMMEL	1	2	32002922	0
32057842_3260	1868	35	MAAS	1	2	32057842	0
32070322_3260	324	35	BERWIJN	1	2	32070322	0
32127314_3260	145	35	MAAS	1	2	32127314	0
32228018_3260	949	35	VOER	1	2	32228018	0
32253814_3260	1258	35	KLEINE HOOFDGRACHT	1	2	32253814	0
32325022_3260	1641	35	MARK	1	2	32325022	0
32367954_3260	227	35	MAAS	1	2	32367954	0
32374006_3260	845	35	DESSELSE NEET	1	2	32374006	0
32439442_3260	43	35	ABEEK	1	2	32439442	0
32495062_3260	1473	35	LAAKBEEK	1	2	32495062	0
32592746_3260	1100	35	DOMMEL	1	2	32592746	0
32593138_3260	1813	35	MAAS	1	2	32593138	0
32601334_3260	963	35	KLEINE NETE	1	2	32601334	0
32778578_3260	169	35	MAAS	1	2	32778578	0
32818934_3260	628	35	KLEINE NETE	1	2	32818934	0
33017334_3260	1385	35	GROTE NETE	1	2	33017334	0
33020386_3260	974	35	MAAS	1	2	33020386	0
33054130_3260	1042	35	VOER	1	2	33054130	0
33093906_3260	781	35	DOMMEL	1	2	33093906	0
33293942_3260	1616	35	GROTE NETE	1	2	33293942	0
33374290_3260	123	35	MAAS	1	2	33374290	0
33408758_3260	622	35	KLEINE NETE	1	2	33408758	0
33512882_3260	1038	35	VOER	1	2	33512882	0
33523446_3260	629	35	KLEINE NETE	1	2	33523446	0
33552722_3260	127	35	MAAS	1	2	33552722	0
33654646_3260	1411	35	BRISDILLOOP	1	2	33654646	0
33700178_3260	143	35	MAAS	1	2	33700178	0
33769366_3260	316	35	TAPPELBEEK	1	2	33769366	0
33956626_3260	486	35	BOLLISENBEEK	1	2	33956626	0
33967538_3260	1028	35	VOER	1	2	33967538	0
33967602_3260	257	35	MAAS	1	2	33967602	0
34028018_3260	1847	35	MAAS	1	2	34028018	0
34048274_3260	1113	35	DOMMEL	1	2	34048274	0
34065910_3260	1383	35	GROTE NETE	1	2	34065910	0
34068690_3260	1236	35	BOLLISENBEEK	1	2	34068690	0
34104950_3260	1590	35	GROTE NETE	1	2	34104950	0
34129654_3260	624	35	KLEINE NETE	1	2	34129654	0
34137974_3260	1536	35	GROTE NETE	1	2	34137974	0
34223538_3260	346	35	BERWIJN	1	2	34223538	0
34286066_3260	1864	35	MAAS	1	2	34286066	0
34430450_3260	275	35	MAAS	1	2	34430450	0
34554742_3260	1573	35	GROTE NETE	1	2	34554742	0
34572770_3260	970	35	MAAS	1	2	34572770	0
34573394_3260	999	35	MAAS	1	2	34573394	0
34580086_3260	1595	35	GROTE NETE	1	2	34580086	0
34748374_3260	607	35	KLEINE NETE	1	2	34748374	0
34835218_3260	895	35	DOMMEL	1	2	34835218	0
34846678_3260	615	35	KLEINE NETE	1	2	34846678	0
34910738_3260	434	35	WARMBEEK	1	2	34910738	0
34989942_3260	1543	35	GROTE NETE	1	2	34989942	0
35016114_3260	1030	35	VOER	1	2	35016114	0
35111602_3260	954	35	VOER	1	2	35111602	0
35278326_3260	1395	35	GROTE NETE	1	2	35278326	0
35300982_3260	1608	35	GROTE NETE	1	2	35300982	0
35533970_3260	519	35	ITTERBEEK	1	2	35533970	0
35629014_3260	453	35	KLEINE NETE	1	2	35629014	0
35645302_3260	1539	35	GROTE NETE	1	2	35645302	0
35699186_3260	1834	35	MAAS	1	2	35699186	0
35924306_3260	171	35	MAAS	1	2	35924306	0
36123126_3260	1626	35	MOLSE NETE	1	2	36123126	0
36226806_3260	625	35	KLEINE NETE	1	2	36226806	0
36230642_3260	281	35	MAAS	1	2	36230642	0
36298258_3260	725	35	WARMBEEK	1	2	36298258	0
36335890_3260	1163	35	DOMMEL	1	2	36335890	0
36343606_3260	1336	35	VARENDONKSE BEEK	1	2	36343606	0
36387986_3260	4	35	ABEEK	1	2	36387986	0
36440082_3260	379	35	ABEEK	1	2	36440082	0
36501366_3260	1423	35	BRISDILLOOP	1	2	36501366	0
36539154_3260	937	35	DOMMEL	1	2	36539154	0
36543990_3260	1398	35	GROTE NETE	1	2	36543990	0
36652818_3260	495	35	BOLLISENBEEK	1	2	36652818	0
36742578_3260	354	35	BERWIJN	1	2	36742578	0
36762770_3260	525	35	ITTERBEEK	1	2	36762770	0
36845906_3260	144	35	MAAS	1	2	36845906	0
37029494_3260	1610	35	GROTE NETE	1	2	37029494	0
37033878_3260	315	35	TAPPELBEEK	1	2	37033878	0
37099382_3260	1768	35	ASBEEK	1	2	37099382	0
37150226_3260	418	35	WARMBEEK	1	2	37150226	0
37219858_3260	865	35	WARMBEEK	1	2	37219858	0
37291830_3260	1345	35	VARENDONKSE BEEK	1	2	37291830	0
37374738_3260	930	35	DOMMEL	1	2	37374738	0
37445042_3260	1034	35	VOER	1	2	37445042	0
37456658_3260	938	35	DOMMEL	1	2	37456658	0
37458258_3260	179	35	MAAS	1	2	37458258	0
37513906_3260	363	35	BERWIJN	1	2	37513906	0
37523794_3260	185	35	MAAS	1	2	37523794	0
37564946_3260	439	35	WARMBEEK	1	2	37564946	0
37587730_3260	936	35	DOMMEL	1	2	37587730	0
37680274_3260	530	35	ITTERBEEK	1	2	37680274	0
37732214_3260	1242	35	GROTE NETE	1	2	37732214	0
37856214_3260	536	35	KLEINE NETE	1	2	37856214	0
37879030_3260	843	35	DESSELSE NEET	1	2	37879030	0
37934226_3260	505	35	ITTERBEEK	1	2	37934226	0
37961202_3260	252	35	MAAS	1	2	37961202	0
37962998_3260	1715	35	KLEINE NETE	1	2	37962998	0
37982546_3260	180	35	MAAS	1	2	37982546	0
38020982_3260	1261	35	KLEINE HOOFDGRACHT	1	2	38020982	0
38544146_3260	483	35	BOLLISENBEEK	1	2	38544146	0
38559218_3260	272	35	MAAS	1	2	38559218	0
38702162_3260	995	35	MAAS	1	2	38702162	0
38766454_3260	1407	35	BRISDILLOOP	1	2	38766454	0
38768438_3260	1327	35	VARENDONKSE BEEK	1	2	38768438	0
38781010_3260	117	35	MAAS	1	2	38781010	0
38873586_3260	1872	35	MAAS	1	2	38873586	0
38922102_3260	1270	35	KLEINE HOOFDGRACHT	1	2	38922102	0
38953234_3260	91	35	DOMMEL	1	2	38953234	0
38965046_3260	1337	35	VARENDONKSE BEEK	1	2	38965046	0
38991670_3260	1889	35	VARENDONKSE BEEK	1	2	38991670	0
39039506_3260	438	35	WARMBEEK	1	2	39039506	0
39089110_3260	463	35	KLEINE NETE	1	2	39089110	0
39092642_3260	985	35	MAAS	1	2	39092642	0
39184246_3260	1544	35	GROTE NETE	1	2	39184246	0
39303030_3260	1275	35	KLEINE HOOFDGRACHT	1	2	39303030	0
39407026_3260	576	35	NA	1	2	39407026	0
39410354_3260	325	35	BERWIJN	1	2	39410354	0
39543766_3260	538	35	KLEINE NETE	1	2	39543766	0
39553298_3260	1115	35	DOMMEL	1	2	39553298	0
39598418_3260	137	35	MAAS	1	2	39598418	0
39714678_3260	1740	35	ASBEEK	1	2	39714678	0
39734354_3260	993	35	MAAS	1	2	39734354	0
39804338_3260	1035	35	VOER	1	2	39804338	0
39804402_3260	268	35	MAAS	1	2	39804402	0
39839606_3260	1540	35	GROTE NETE	1	2	39839606	0
39844114_3260	103	35	DOMMEL	1	2	39844114	0
39974774_3260	1419	35	BRISDILLOOP	1	2	39974774	0
40046390_3260	1332	35	VARENDONKSE BEEK	1	2	40046390	0
40089462_3260	1550	35	GROTE NETE	1	2	40089462	0
40144306_3260	14	35	VOER	1	2	40144306	0
40151826_3260	922	35	DOMMEL	1	2	40151826	0
40253778_3260	147	35	MAAS	1	2	40253778	0
40275446_3260	1390	35	GROTE NETE	1	2	40275446	0
40288118_3260	1744	35	ASBEEK	1	2	40288118	0
40412594_3260	350	35	BERWIJN	1	2	40412594	0
40446450_3260	1869	35	MAAS	1	2	40446450	0
40520466_3260	931	35	DOMMEL	1	2	40520466	0
40857106_3260	1158	35	WARMBEEK	1	2	40857106	0
40864226_3260	968	35	MAAS	1	2	40864226	0
40946162_3260	1853	35	MAAS	1	2	40946162	0
40957074_3260	524	35	ITTERBEEK	1	2	40957074	0
41104818_3260	341	35	BERWIJN	1	2	41104818	0
41105906_3260	1849	35	MAAS	1	2	41105906	0
41128274_3260	181	35	MAAS	1	2	41128274	0
41154898_3260	129	35	MAAS	1	2	41154898	0
41310994_3260	896	35	DOMMEL	1	2	41310994	0
41312530_3260	93	35	DOMMEL	1	2	41312530	0
41428854_3260	1532	35	GROTE NETE	1	2	41428854	0
41482514_3260	780	35	DOMMEL	1	2	41482514	0
41510774_3260	1245	35	GROTE NETE	1	2	41510774	0
41534326_3260	1280	35	KLEINE HOOFDGRACHT	1	2	41534326	0
41569782_3260	1397	35	GROTE NETE	1	2	41569782	0
41635314_3260	260	35	MAAS	1	2	41635314	0
41670866_3260	470	35	BOLLISENBEEK	1	2	41670866	0
41841490_3260	518	35	ITTERBEEK	1	2	41841490	0
41920118_3260	1598	35	GROTE NETE	1	2	41920118	0
42088406_3260	609	35	KLEINE NETE	1	2	42088406	0
42100342_3260	1581	35	GROTE NETE	1	2	42100342	0
42116054_3260	458	35	KLEINE NETE	1	2	42116054	0
42128530_3260	506	35	ITTERBEEK	1	2	42128530	0
42153846_3260	1576	35	GROTE NETE	1	2	42153846	0
42334166_3260	599	35	KLEINE NETE	1	2	42334166	0
42362486_3260	1587	35	GROTE NETE	1	2	42362486	0
42492946_3260	553	35	ABEEK	1	2	42492946	0
42509746_3260	353	35	BERWIJN	1	2	42509746	0
42531154_3260	133	35	MAAS	1	2	42531154	0
42641014_3260	1606	35	GROTE NETE	1	2	42641014	0
42689682_3260	413	35	SOERBEEK	1	2	42689682	0
42706550_3260	1599	35	GROTE NETE	1	2	42706550	0
42761686_3260	1526	35	LAAKBEEK	1	2	42761686	0
42912018_3260	1111	35	DOMMEL	1	2	42912018	0
42961170_3260	1118	35	DOMMEL	1	2	42961170	0
43023350_3260	1288	35	RODE LOOP	1	2	43023350	0
43054226_3260	523	35	ITTERBEEK	1	2	43054226	0
43068914_3260	249	35	MAAS	1	2	43068914	0
43182726_3260	1698	35	MOLENBEEK	1	2	43182726	0
43215186_3260	163	35	MAAS	1	2	43215186	0
43279990_3260	1592	35	GROTE NETE	1	2	43279990	0
43354070_3260	1148	35	KLEINE NETE	1	2	43354070	0
43355382_3260	859	35	DESSELSE NEET	1	2	43355382	0
43476114_3260	411	35	SOERBEEK	1	2	43476114	0
43486642_3260	3	35	VOER	1	2	43486642	0
43539890_3260	958	35	VOER	1	2	43539890	0
43708718_3260	1695	35	DE AA	1	2	43708718	0
43722226_3260	280	35	MAAS	1	2	43722226	0
44038482_3260	126	35	MAAS	1	2	44038482	0
44122998_3260	1570	35	GROTE NETE	1	2	44122998	0
44141298_3260	1820	35	MAAS	1	2	44141298	0
44156662_3260	619	35	KLEINE NETE	1	2	44156662	0
44170486_3260	841	35	DESSELSE NEET	1	2	44170486	0
44250546_3260	342	35	BERWIJN	1	2	44250546	0
44261650_3260	907	35	DOMMEL	1	2	44261650	0
44328566_3260	1593	35	GROTE NETE	1	2	44328566	0
44354034_3260	1857	35	MAAS	1	2	44354034	0
44403958_3260	857	35	DESSELSE NEET	1	2	44403958	0
44453686_3260	1322	35	VARENDONKSE BEEK	1	2	44453686	0
44560658_3260	1056	35	DOMMEL	1	2	44560658	0
44714770_3260	932	35	DOMMEL	1	2	44714770	0
44742518_3260	1561	35	GROTE NETE	1	2	44742518	0
44749970_3260	510	35	ITTERBEEK	1	2	44749970	0
44776862_3260	1648	35	MARK	1	2	44776862	0
44804054_3260	450	35	KLEINE NETE	1	2	44804054	0
44862898_3260	18	35	VOER	1	2	44862898	0
44908626_3260	124	35	MAAS	1	2	44908626	0
44952566_3260	1291	35	RODE LOOP	1	2	44952566	0
45175658_3260	1099	35	DOMMEL	1	2	45175658	0
45189906_3260	934	35	DOMMEL	1	2	45189906	0
45218066_3260	100	35	DOMMEL	1	2	45218066	0
45245398_3260	449	35	KLEINE NETE	1	2	45245398	0
45280786_3260	409	35	WARMBEEK	1	2	45280786	0
45437910_3260	1146	35	KLEINE NETE	1	2	45437910	0
45475154_3260	224	35	MAAS	1	2	45475154	0
45501874_3260	1029	35	VOER	1	2	45501874	0
45539666_3260	202	35	MAAS	1	2	45539666	0
45599890_3260	1044	35	OMLEIDING ABEEK	1	2	45599890	0
45646242_3260	983	35	MAAS	1	2	45646242	0
45695058_3260	122	35	MAAS	1	2	45695058	0
45770614_3260	834	35	HANSKENSELSLOOP	1	2	45770614	0
45819378_3260	277	35	MAAS	1	2	45819378	0
45821426_3260	245	35	MAAS	1	2	45821426	0
45873110_3260	598	35	KLEINE NETE	1	2	45873110	0
45885302_3260	1257	35	KLEINE HOOFDGRACHT	1	2	45885302	0
45912402_3260	186	35	MAAS	1	2	45912402	0
45975510_3260	1149	35	KLEINE NETE	1	2	45975510	0
46169558_3260	1524	35	LAAKBEEK	1	2	46169558	0
46224626_3260	1812	35	MAAS	1	2	46224626	0
46257650_3260	288	35	MAAS	1	2	46257650	0
46259698_3260	230	35	MAAS	1	2	46259698	0
46294646_3260	1582	35	GROTE NETE	1	2	46294646	0
46348150_3260	1577	35	GROTE NETE	1	2	46348150	0
46370038_3260	849	35	DESSELSE NEET	1	2	46370038	0
46383634_3260	442	35	WARMBEEK	1	2	46383634	0
46501110_3260	858	35	DESSELSE NEET	1	2	46501110	0
46539026_3260	912	35	DOMMEL	1	2	46539026	0
46559506_3260	1161	35	DOMMEL	1	2	46559506	0
46783986_3260	231	35	MAAS	1	2	46783986	0
46913746_3260	468	35	BOLLISENBEEK	1	2	46913746	0
47024086_3260	1150	35	KLEINE NETE	1	2	47024086	0
47157046_3260	1326	35	VARENDONKSE BEEK	1	2	47157046	0
47305970_3260	1803	35	MAAS	1	2	47305970	0
47397362_3260	1851	35	MAAS	1	2	47397362	0
47593810_3260	149	35	MAAS	1	2	47593810	0
47602354_3260	334	35	BERWIJN	1	2	47602354	0
47627526_3260	1784	35	IJSE	1	2	47627526	0
47678338_3260	957	35	VOER	1	2	47678338	0
47804690_3260	1160	35	DOMMEL	1	2	47804690	0
47898130_3260	1155	35	WARMBEEK	1	2	47898130	0
48009554_3260	187	35	MAAS	1	2	48009554	0
48109650_3260	57	35	BOSBEEK	1	2	48109650	0
48117170_3260	344	35	BERWIJN	1	2	48117170	0
48123378_3260	255	35	MAAS	1	2	48123378	0
48233718_3260	839	35	DESSELSE NEET	1	2	48233718	0
48364790_3260	840	35	DESSELSE NEET	1	2	48364790	0
48423250_3260	204	35	MAAS	1	2	48423250	0
48465138_3260	1797	35	MAAS	1	2	48465138	0
48487922_3260	236	35	MAAS	1	2	48487922	0
48636178_3260	914	35	DOMMEL	1	2	48636178	0
48647602_3260	572	35	NA	1	2	48647602	0
48651026_3260	897	35	DOMMEL	1	2	48651026	0
48682226_3260	1799	35	MAAS	1	2	48682226	0
48707858_3260	98	35	DOMMEL	1	2	48707858	0
48840094_3260	1644	35	MARK	1	2	48840094	0
48860242_3260	1001	35	MAAS	1	2	48860242	0
48887986_3260	319	35	BERWIJN	1	2	48887986	0
48915794_3260	215	35	MAAS	1	2	48915794	0
48990690_3260	971	35	MAAS	1	2	48990690	0
49029906_3260	484	35	BOLLISENBEEK	1	2	49029906	0
49087094_3260	1709	35	GROTE NETE	1	2	49087094	0
49126902_3260	1399	35	GROTE NETE	1	2	49126902	0
49169234_3260	53	35	BOSBEEK	1	2	49169234	0
49278482_3260	869	35	WARMBEEK	1	2	49278482	0
49377554_3260	1055	35	DOMMEL	1	2	49377554	0
49497874_3260	498	35	BOLLISENBEEK	1	2	49497874	0
49583990_3260	1758	35	ASBEEK	1	2	49583990	0
49609202_3260	1831	35	MAAS	1	2	49609202	0
49611382_3260	1711	35	GROTE NETE	1	2	49611382	0
49632214_3260	1145	35	KLEINE NETE	1	2	49632214	0
49685266_3260	487	35	BOLLISENBEEK	1	2	49685266	0
49790838_3260	1747	35	ASBEEK	1	2	49790838	0
49871346_3260	1828	35	MAAS	1	2	49871346	0
49899382_3260	1246	35	GROTE NETE	1	2	49899382	0
50019742_3260	1649	35	MARK	1	2	50019742	0
50025430_3260	461	35	KLEINE NETE	1	2	50025430	0
50199798_3260	844	35	DESSELSE NEET	1	2	50199798	0
50291670_3260	456	35	KLEINE NETE	1	2	50291670	0
50395634_3260	1830	35	MAAS	1	2	50395634	0
50415378_3260	494	35	BOLLISENBEEK	1	2	50415378	0
50462582_3260	1739	35	ASBEEK	1	2	50462582	0
50471186_3260	911	35	DOMMEL	1	2	50471186	0
50526166_3260	604	35	KLEINE NETE	1	2	50526166	0
50648562_3260	285	35	MAAS	1	2	50648562	0
50669430_3260	1252	35	GROTE NETE	1	2	50669430	0
50744818_3260	312	35	ZIEPBEEK	1	2	50744818	0
50802162_3260	243	35	MAAS	1	2	50802162	0
50971890_3260	1795	35	MAAS	1	2	50971890	0
50978322_3260	727	35	WARMBEEK	1	2	50978322	0
51049718_3260	314	35	KLEINE NETE	1	2	51049718	0
51052406_3260	1734	35	ASBEEK	1	2	51052406	0
51165142_3260	612	35	KLEINE NETE	1	2	51165142	0
51236338_3260	291	35	MAAS	1	2	51236338	0
51418998_3260	1755	35	ASBEEK	1	2	51418998	0
51425810_3260	431	35	WARMBEEK	1	2	51425810	0
51468978_3260	327	35	BERWIJN	1	2	51468978	0
51480850_3260	1121	35	DOMMEL	1	2	51480850	0
51537526_3260	1579	35	GROTE NETE	1	2	51537526	0
51612918_3260	847	35	DESSELSE NEET	1	2	51612918	0
51646802_3260	189	35	MAAS	1	2	51646802	0
51717554_3260	7	35	VOER	1	2	51717554	0
51843410_3260	196	35	MAAS	1	2	51843410	0
51887990_3260	1749	35	ASBEEK	1	2	51887990	0
51963766_3260	1534	35	GROTE NETE	1	2	51963766	0
52031762_3260	97	35	DOMMEL	1	2	52031762	0
52055862_3260	1323	35	VARENDONKSE BEEK	1	2	52055862	0
52096498_3260	240	35	MAAS	1	2	52096498	0
52111570_3260	503	35	BOLLISENBEEK	1	2	52111570	0
52121074_3260	258	35	MAAS	1	2	52121074	0
52122582_3260	462	35	KLEINE NETE	1	2	52122582	0
52216694_3260	1279	35	KLEINE HOOFDGRACHT	1	2	52216694	0
52241842_3260	12	35	VOER	1	2	52241842	0
52253938_3260	1814	35	MAAS	1	2	52253938	0
52317682_3260	254	35	MAAS	1	2	52317682	0
52460534_3260	1289	35	RODE LOOP	1	2	52460534	0
52511606_3260	1569	35	GROTE NETE	1	2	52511606	0
52518386_3260	273	35	MAAS	1	2	52518386	0
52539666_3260	1049	35	DOMMEL	1	2	52539666	0
52636146_3260	1867	35	MAAS	1	2	52636146	0
52858358_3260	1389	35	GROTE NETE	1	2	52858358	0
52907506_3260	261	35	MAAS	1	2	52907506	0
52951538_3260	1827	35	MAAS	1	2	52951538	0
52966162_3260	490	35	BOLLISENBEEK	1	2	52966162	0
53066070_3260	1697	35	HERSELTSELOOP	1	2	53066070	0
53110646_3260	835	35	HANSKENSELSLOOP	1	2	53110646	0
53115378_3260	1840	35	MAAS	1	2	53115378	0
53127506_3260	152	35	MAAS	1	2	53127506	0
53131126_3260	1559	35	GROTE NETE	1	2	53131126	0
53160434_3260	1863	35	MAAS	1	2	53160434	0
53225334_3260	1259	35	KLEINE HOOFDGRACHT	1	2	53225334	0
53282770_3260	374	35	ABEEK	1	2	53282770	0
53366194_3260	1026	35	VOER	1	2	53366194	0
53531890_3260	1808	35	MAAS	1	2	53531890	0
53594610_3260	1861	35	MAAS	1	2	53594610	0
53595634_3260	293	35	MAAS	1	2	53595634	0
53730802_3260	237	35	MAAS	1	2	53730802	0
53794290_3260	284	35	MAAS	1	2	53794290	0
53864310_3260	1269	35	KLEINE HOOFDGRACHT	1	2	53864310	0
53896822_3260	1585	35	GROTE NETE	1	2	53896822	0
53958390_3260	446	35	KLEINE NETE	1	2	53958390	0
53985142_3260	1748	35	ASBEEK	1	2	53985142	0
54019574_3260	1706	35	GROTE NETE	1	2	54019574	0
54025650_3260	1043	35	VOER	1	2	54025650	0
54033878_3260	1525	35	LAAKBEEK	1	2	54033878	0
54216466_3260	500	35	BOLLISENBEEK	1	2	54216466	0
54233570_3260	972	35	MAAS	1	2	54233570	0
54268242_3260	192	35	MAAS	1	2	54268242	0
54420818_3260	213	35	MAAS	1	2	54420818	0
54423826_3260	94	35	DOMMEL	1	2	54423826	0
54424402_3260	517	35	ITTERBEEK	1	2	54424402	0
54503030_3260	1597	35	GROTE NETE	1	2	54503030	0
54509430_3260	1243	35	GROTE NETE	1	2	54509430	0
54671318_3260	608	35	KLEINE NETE	1	2	54671318	0
54749666_3260	980	35	MAAS	1	2	54749666	0
54758162_3260	941	35	DOMMEL	1	2	54758162	0
54812178_3260	719	35	WARMBEEK	1	2	54812178	0
54863734_3260	1253	35	KLEINE HOOFDGRACHT	1	2	54863734	0
54870262_3260	675	35	KLEINE NETE	1	2	54870262	0
54905330_3260	1858	35	MAAS	1	2	54905330	0
54917298_3260	321	35	BERWIJN	1	2	54917298	0
54928146_3260	485	35	BOLLISENBEEK	1	2	54928146	0
54944726_3260	457	35	KLEINE NETE	1	2	54944726	0
55040482_3260	975	35	MAAS	1	2	55040482	0
55076470_3260	1591	35	GROTE NETE	1	2	55076470	0
55172626_3260	726	35	WARMBEEK	1	2	55172626	0
55187538_3260	60	35	BOSBEEK	1	2	55187538	0
55257586_3260	1865	35	MAAS	1	2	55257586	0
55287218_3260	959	35	VOER	1	2	55287218	0
55292434_3260	429	35	WARMBEEK	1	2	55292434	0
55303666_3260	238	35	MAAS	1	2	55303666	0
55306454_3260	1718	35	MOLENBEEK	1	2	55306454	0
55362226_3260	948	35	VOER	1	2	55362226	0
55695570_3260	464	35	BOLLISENBEEK	1	2	55695570	0
55719894_3260	606	35	KLEINE NETE	1	2	55719894	0
55807222_3260	848	35	DESSELSE NEET	1	2	55807222	0
56031190_3260	602	35	KLEINE NETE	1	2	56031190	0
56121334_3260	1713	35	KLEINE NETE	1	2	56121334	0
56234322_3260	199	35	MAAS	1	2	56234322	0
56354678_3260	1265	35	KLEINE HOOFDGRACHT	1	2	56354678	0
56534354_3260	209	35	MAAS	1	2	56534354	0
56651282_3260	864	35	WARMBEEK	1	2	56651282	0
56709994_3260	1098	35	DOMMEL	1	2	56709994	0
56739574_3260	620	35	KLEINE NETE	1	2	56739574	0
56808594_3260	508	35	ITTERBEEK	1	2	56808594	0
56846674_3260	165	35	MAAS	1	2	56846674	0
56854390_3260	1405	35	BRISDILLOOP	1	2	56854390	0
56879454_3260	1788	35	MARK	1	2	56879454	0
56963602_3260	440	35	WARMBEEK	1	2	56963602	0
57005298_3260	1806	35	MAAS	1	2	57005298	0
57007634_3260	723	35	WARMBEEK	1	2	57007634	0
57024786_3260	913	35	DOMMEL	1	2	57024786	0
57104118_3260	445	35	KLEINE NETE	1	2	57104118	0
57116946_3260	1114	35	DOMMEL	1	2	57116946	0
57162226_3260	1842	35	MAAS	1	2	57162226	0
57411190_3260	1618	35	GROTE NETE	1	2	57411190	0
57587574_3260	1557	35	GROTE NETE	1	2	57587574	0
57735442_3260	782	35	DOMMEL	1	2	57735442	0
57752990_3260	1642	35	MARK	1	2	57752990	0
57828274_3260	323	35	BERWIJN	1	2	57828274	0
57841526_3260	1763	35	ASBEEK	1	2	57841526	0
57985522_3260	1855	35	MAAS	1	2	57985522	0
57997810_3260	1832	35	MAAS	1	2	57997810	0
58091126_3260	1584	35	GROTE NETE	1	2	58091126	0
58166518_3260	855	35	DESSELSE NEET	1	2	58166518	0
58199862_3260	1330	35	VARENDONKSE BEEK	1	2	58199862	0
58206546_3260	168	35	MAAS	1	2	58206546	0
58217322_3260	1095	35	DOMMEL	1	2	58217322	0
58273266_3260	248	35	MAAS	1	2	58273266	0
58320758_3260	1272	35	KLEINE HOOFDGRACHT	1	2	58320758	0
58356562_3260	513	35	ITTERBEEK	1	2	58356562	0
58363702_3260	1335	35	VARENDONKSE BEEK	1	2	58363702	0
58468690_3260	166	35	MAAS	1	2	58468690	0
58525494_3260	1343	35	VARENDONKSE BEEK	1	2	58525494	0
58598162_3260	489	35	BOLLISENBEEK	1	2	58598162	0
58636150_3260	1555	35	GROTE NETE	1	2	58636150	0
58701686_3260	1553	35	GROTE NETE	1	2	58701686	0
58771954_3260	1854	35	MAAS	1	2	58771954	0
58849142_3260	1417	35	BRISDILLOOP	1	2	58849142	0
59083506_3260	1818	35	MAAS	1	2	59083506	0
59088374_3260	1403	35	GROTE NETE	1	2	59088374	0
59133362_3260	1027	35	VOER	1	2	59133362	0
59167986_3260	1798	35	MAAS	1	2	59167986	0
59168214_3260	1472	35	LAAKBEEK	1	2	59168214	0
59268626_3260	427	35	WARMBEEK	1	2	59268626	0
59276278_3260	1285	35	RODE LOOP	1	2	59276278	0
59308150_3260	1457	35	DESSELSE NEET	1	2	59308150	0
59370742_3260	1456	35	DESSELSE NEET	1	2	59370742	0
59418962_3260	154	35	MAAS	1	2	59418962	0
59468466_3260	366	35	BERWIJN	1	2	59468466	0
59481522_3260	960	35	VOER	1	2	59481522	0
59486738_3260	430	35	WARMBEEK	1	2	59486738	0
59672850_3260	1120	35	DOMMEL	1	2	59672850	0
59692502_3260	1469	35	LAAKBEEK	1	2	59692502	0
59718130_3260	1848	35	MAAS	1	2	59718130	0
59752530_3260	116	35	MAAS	1	2	59752530	0
59828086_3260	1537	35	GROTE NETE	1	2	59828086	0
59845106_3260	1871	35	MAAS	1	2	59845106	0
59861474_3260	977	35	MAAS	1	2	59861474	0
59869458_3260	1122	35	DOMMEL	1	2	59869458	0
59934678_3260	1619	35	KLEINE NETE	1	2	59934678	0
60029426_3260	1823	35	MAAS	1	2	60029426	0
60067250_3260	13	35	VOER	1	2	60067250	0
60112286_3260	1646	35	MARK	1	2	60112286	0
60132598_3260	860	35	DESSELSE NEET	1	2	60132598	0
60181938_3260	1031	35	VOER	1	2	60181938	0
60224658_3260	533	35	ITTERBEEK	1	2	60224658	0
60277426_3260	955	35	VOER	1	2	60277426	0
60288530_3260	867	35	WARMBEEK	1	2	60288530	0
60291030_3260	1151	35	KLEINE NETE	1	2	60291030	0
60307794_3260	142	35	MAAS	1	2	60307794	0
60318738_3260	552	35	ABEEK	1	2	60318738	0
60319350_3260	1588	35	GROTE NETE	1	2	60319350	0
60360310_3260	1614	35	GROTE NETE	1	2	60360310	0
60502518_3260	1622	35	MOLSE NETE	1	2	60502518	0
60508434_3260	1102	35	DOMMEL	1	2	60508434	0
60553490_3260	101	35	DOMMEL	1	2	60553490	0
60640338_3260	986	35	MAAS	1	2	60640338	0
60729298_3260	543	35	ABEEK	1	2	60729298	0
60778834_3260	162	35	MAAS	1	2	60778834	0
60853750_3260	1392	35	GROTE NETE	1	2	60853750	0
60937714_3260	287	35	MAAS	1	2	60937714	0
60997494_3260	1746	35	ASBEEK	1	2	60997494	0
61060982_3260	1551	35	GROTE NETE	1	2	61060982	0
61146742_3260	1612	35	GROTE NETE	1	2	61146742	0
61174034_3260	1159	35	DOMMEL	1	2	61174034	0
61196786_3260	1860	35	MAAS	1	2	61196786	0
61216630_3260	1770	35	ASBEEK	1	2	61216630	0
61224082_3260	520	35	ITTERBEEK	1	2	61224082	0
61302098_3260	218	35	MAAS	1	2	61302098	0
61351798_3260	1531	35	GROTE NETE	1	2	61351798	0
61391378_3260	444	35	WARMBEEK	1	2	61391378	0
61511542_3260	1762	35	ASBEEK	1	2	61511542	0
61551094_3260	1624	35	MOLSE NETE	1	2	61551094	0
61653682_3260	962	35	VOER	1	2	61653682	0
61666450_3260	527	35	ITTERBEEK	1	2	61666450	0
61667190_3260	1422	35	BRISDILLOOP	1	2	61667190	0
61671222_3260	1340	35	VARENDONKSE BEEK	1	2	61671222	0
61698322_3260	1052	35	DOMMEL	1	2	61698322	0
61713170_3260	927	35	DOMMEL	1	2	61713170	0
61778258_3260	150	35	MAAS	1	2	61778258	0
61817718_3260	1574	35	GROTE NETE	1	2	61817718	0
61939986_3260	915	35	DOMMEL	1	2	61939986	0
61995346_3260	135	35	MAAS	1	2	61995346	0
61996918_3260	1737	35	ASBEEK	1	2	61996918	0
62076338_3260	340	35	BERWIJN	1	2	62076338	0
62161314_3260	984	35	MAAS	1	2	62161314	0
62179062_3260	627	35	KLEINE NETE	1	2	62179062	0
62268178_3260	488	35	BOLLISENBEEK	1	2	62268178	0
62288146_3260	1162	35	DOMMEL	1	2	62288146	0
62314706_3260	467	35	BOLLISENBEEK	1	2	62314706	0
62349586_3260	906	35	DOMMEL	1	2	62349586	0
62447090_3260	233	35	MAAS	1	2	62447090	0
62457654_3260	1346	35	VARENDONKSE BEEK	1	2	62457654	0
62560118_3260	1760	35	ASBEEK	1	2	62560118	0
62667090_3260	139	35	MAAS	1	2	62667090	0
62826834_3260	151	35	MAAS	1	2	62826834	0
62873010_3260	1036	35	VOER	1	2	62873010	0
62898038_3260	830	35	HANSKENSELSLOOP	1	2	62898038	0
62905842_3260	234	35	MAAS	1	2	62905842	0
63015666_3260	1821	35	MAAS	1	2	63015666	0
63126002_3260	1850	35	MAAS	1	2	63126002	0
63158134_3260	1548	35	GROTE NETE	1	2	63158134	0
63191538_3260	1843	35	MAAS	1	2	63191538	0
63212978_3260	15	35	VOER	1	2	63212978	0
63250706_3260	918	35	DOMMEL	1	2	63250706	0
63344438_3260	1334	35	VARENDONKSE BEEK	1	2	63344438	0
63370386_3260	531	35	ITTERBEEK	1	2	63370386	0
63426038_3260	1384	35	GROTE NETE	1	2	63426038	0
63462930_3260	426	35	WARMBEEK	1	2	63462930	0
63482642_3260	923	35	DOMMEL	1	2	63482642	0
63526358_3260	1468	35	LAAKBEEK	1	2	63526358	0
63527602_3260	326	35	BERWIJN	1	2	63527602	0
63647218_3260	244	35	MAAS	1	2	63647218	0
63648246_3260	1623	35	MOLSE NETE	1	2	63648246	0
63672658_3260	178	35	MAAS	1	2	63672658	0
63684470_3260	1753	35	ASBEEK	1	2	63684470	0
63817462_3260	623	35	KLEINE NETE	1	2	63817462	0
63831926_3260	1741	35	ASBEEK	1	2	63831926	0
63883538_3260	1112	35	DOMMEL	1	2	63883538	0
63911346_3260	338	35	BERWIJN	1	2	63911346	0
63914870_3260	1572	35	GROTE NETE	1	2	63914870	0
63932278_3260	1406	35	BRISDILLOOP	1	2	63932278	0
64022390_3260	1538	35	GROTE NETE	1	2	64022390	0
64051890_3260	328	35	BERWIJN	1	2	64051890	0
64055778_3260	978	35	MAAS	1	2	64055778	0
64184594_3260	909	35	DOMMEL	1	2	64184594	0
64341234_3260	1794	35	MAAS	1	2	64341234	0
64376306_3260	311	35	MAAS	1	2	64376306	0
64392274_3260	998	35	MAAS	1	2	64392274	0
64508778_3260	1097	35	DOMMEL	1	2	64508778	0
64513654_3260	1589	35	GROTE NETE	1	2	64513654	0
64542194_3260	283	35	MAAS	1	2	64542194	0
64638454_3260	1396	35	GROTE NETE	1	2	64638454	0
64648018_3260	514	35	ITTERBEEK	1	2	64648018	0
64785842_3260	17	35	VOER	1	2	64785842	0
64791890_3260	205	35	MAAS	1	2	64791890	0
64838418_3260	902	35	DOMMEL	1	2	64838418	0
64845686_3260	1414	35	BRISDILLOOP	1	2	64845686	0
64916562_3260	994	35	MAAS	1	2	64916562	0
64993142_3260	1277	35	KLEINE HOOFDGRACHT	1	2	64993142	0
65104354_3260	979	35	MAAS	1	2	65104354	0
65119190_3260	537	35	KLEINE NETE	1	2	65119190	0
65168530_3260	416	35	SOERBEEK	1	2	65168530	0
65242998_3260	1404	35	BRISDILLOOP	1	2	65242998	0
65337842_3260	1833	35	MAAS	1	2	65337842	0
65379830_3260	1401	35	GROTE NETE	1	2	65379830	0
65429778_3260	903	35	DOMMEL	1	2	65429778	0
65534450_3260	1826	35	MAAS	1	2	65534450	0
65590418_3260	534	35	ITTERBEEK	1	2	65590418	0
65617310_3260	1645	35	MARK	1	2	65617310	0
65621426_3260	1022	35	VOER	1	2	65621426	0
65628498_3260	157	35	MAAS	1	2	65628498	0
65714038_3260	1562	35	GROTE NETE	1	2	65714038	0
65721490_3260	511	35	ITTERBEEK	1	2	65721490	0
65731062_3260	1629	35	MOLSE NETE	1	2	65731062	0
65767158_3260	632	35	KLEINE NETE	1	2	65767158	0
65768178_3260	1816	35	MAAS	1	2	65768178	0
65768882_3260	21	35	VOER	1	2	65768882	0
65792338_3260	175	35	MAAS	1	2	65792338	0
65914614_3260	621	35	KLEINE NETE	1	2	65914614	0
65952434_3260	333	35	BERWIJN	1	2	65952434	0
65955154_3260	214	35	MAAS	1	2	65955154	0
66009586_3260	1846	35	MAAS	1	2	66009586	0
66058514_3260	104	35	DOMMEL	1	2	66058514	0
66189586_3260	99	35	DOMMEL	1	2	66189586	0
66215410_3260	269	35	MAAS	1	2	66215410	0
66303958_3260	617	35	KLEINE NETE	1	2	66303958	0
66359634_3260	182	35	MAAS	1	2	66359634	0
66404370_3260	1153	35	WARMBEEK	1	2	66404370	0
66511186_3260	203	35	MAAS	1	2	66511186	0
66579986_3260	866	35	WARMBEEK	1	2	66579986	0
66599250_3260	140	35	MAAS	1	2	66599250	0
66735926_3260	1325	35	VARENDONKSE BEEK	1	2	66735926	0
66816482_3260	973	35	MAAS	1	2	66816482	0
66817458_3260	19	35	VOER	1	2	66817458	0
66861394_3260	138	35	MAAS	1	2	66861394	0
66997682_3260	1024	35	VOER	1	2	66997682	0
67057074_3260	339	35	BERWIJN	1	2	67057074	0
67069266_3260	216	35	MAAS	1	2	67069266	0
67090294_3260	1554	35	GROTE NETE	1	2	67090294	0
67100146_3260	235	35	MAAS	1	2	67100146	0
93650_3260	1495	35	STIEMER	2	1	93650	1
131970_3260	31	35	VOER	2	1	131970	1
351794_3260	772	35	KAATSBEEK	2	1	351794	1
408694_3260	1210	35	SCHEPPELIJKE NETE	2	1	408694	1
434881_3260	1464	35	ZILTBEKE	2	1	434881	1
470034_3260	683	35	REPPELERBEEK	2	1	470034	1
1031262_3260	1886	35	GOUWBERGSE LOOP	2	1	1031262	1
1142226_3260	1497	35	STIEMER	2	1	1142226	1
1372353_3260	1358	35	EDE	2	1	1372353	1
1618386_3260	593	35	STIEMER	2	1	1618386	1
1704146_3260	73	35	DOMMEL	2	1	1704146	1
1729430_3260	1047	35	HOFBEEK	2	1	1729430	1
2151105_3260	1466	35	ZILTBEKE	2	1	2151105	1
2387410_3260	1498	35	STIEMER	2	1	2387410	0
3020754_3260	637	35	GIELISBEEK	2	1	3020754	0
3048322_3260	24	35	VOER	2	1	3048322	0
3792430_3260	1434	35	LOEIJENS NEETJE	2	1	3792430	0
3832950_3260	1224	35	SCHEPPELIJKE NETE	2	1	3832950	0
4055250_3260	63	35	DOMMEL	2	1	4055250	0
4206034_3260	1482	35	STIEMER	2	1	4206034	0
4424578_3260	22	35	VOER	2	1	4424578	0
4478366_3260	760	35	MERKSKE	2	1	4478366	0
4930678_3260	1204	35	SCHEPPELIJKE NETE	2	1	4930678	0
4976833_3260	1356	35	EDE	2	1	4976833	0
5833822_3260	1887	35	GOUWBERGSE LOOP	2	1	5833822	0
5951681_3260	1367	35	EDE	2	1	5951681	0
6303186_3260	1483	35	STIEMER	2	1	6303186	0
6534162_3260	1229	35	WARMBEEK	2	1	6534162	0
6827474_3260	1477	35	STIEMER	2	1	6827474	0
6847026_3260	1505	35	STIEMER	2	1	6847026	0
6954258_3260	886	35	HOLVENLOOP	2	1	6954258	0
7257182_3260	1880	35	GOUWBERGSE LOOP	2	1	7257182	0
7320594_3260	1231	35	WARMBEEK	2	1	7320594	0
7393985_3260	1465	35	ZILTBEKE	2	1	7393985	0
7477810_3260	1475	35	STIEMER	2	1	7477810	0
7725266_3260	62	35	DOMMEL	2	1	7725266	0
7731154_3260	654	35	GIELISBEEK	2	1	7731154	0
7844882_3260	1232	35	WARMBEEK	2	1	7844882	0
7847470_3260	1453	35	LOEIJENS NEETJE	2	1	7847470	0
8007122_3260	1490	35	STIEMER	2	1	8007122	0
8122561_3260	1354	35	EDE	2	1	8122561	0
8436830_3260	1877	35	GOUWBERGSE LOOP	2	1	8436830	0
8453238_3260	1214	35	SCHEPPELIJKE NETE	2	1	8453238	0
8471766_3260	1661	35	BOSHOVENLOOP	2	1	8471766	0
8674866_3260	778	35	KAATSBEEK	2	1	8674866	0
8704193_3260	1379	35	EDE	2	1	8704193	0
8845330_3260	686	35	REPPELERBEEK	2	1	8845330	0
8900726_3260	673	35	ACHTERSTE NEET	2	1	8900726	0
9027118_3260	1448	35	LOEIJENS NEETJE	2	1	9027118	0
9075830_3260	1222	35	SCHEPPELIJKE NETE	2	1	9075830	0
9455318_3260	49	35	VENLOOP	2	1	9455318	0
9530834_3260	1496	35	STIEMER	2	1	9530834	0
9748014_3260	1446	35	LOEIJENS NEETJE	2	1	9748014	0
9776594_3260	1485	35	STIEMER	2	1	9776594	0
10254898_3260	1507	35	STIEMER	2	1	10254898	0
10420434_3260	70	35	DOMMEL	2	1	10420434	0
10499090_3260	1228	35	WARMBEEK	2	1	10499090	0
10788086_3260	658	35	KLEIN NEETJE	2	1	10788086	0
10835922_3260	642	35	GIELISBEEK	2	1	10835922	0
11124270_3260	1450	35	LOEIJENS NEETJE	2	1	11124270	0
11194561_3260	1366	35	EDE	2	1	11194561	0
11197998_3260	1432	35	LOEIJENS NEETJE	2	1	11197998	0
11272862_3260	1126	35	KOEISCHOTSE LOOP	2	1	11272862	0
11419858_3260	84	35	DOMMEL	2	1	11419858	0
11784310_3260	670	35	ACHTERSTE NEET	2	1	11784310	0
12332590_3260	665	35	KLEIN NEETJE	2	1	12332590	0
12401110_3260	1665	35	BOSHOVENLOOP	2	1	12401110	0
12459282_3260	890	35	HOLVENLOOP	2	1	12459282	0
12565598_3260	1884	35	GOUWBERGSE LOOP	2	1	12565598	0
12666070_3260	1662	35	BOSHOVENLOOP	2	1	12666070	0
13131314_3260	777	35	KAATSBEEK	2	1	13131314	0
13370014_3260	1127	35	KOEISCHOTSE LOOP	2	1	13370014	0
13397458_3260	1502	35	STIEMER	2	1	13397458	0
13610542_3260	1435	35	LOEIJENS NEETJE	2	1	13610542	0
13947073_3260	1378	35	EDE	2	1	13947073	0
14085586_3260	1493	35	STIEMER	2	1	14085586	0
14174793_3260	1382	35	EDE	2	1	14174793	0
14274678_3260	667	35	ACHTERSTE NEET	2	1	14274678	0
14667969_3260	1371	35	EDE	2	1	14667969	0
15275422_3260	767	35	MERKSKE	2	1	15275422	0
15342866_3260	887	35	HOLVENLOOP	2	1	15342866	0
15490610_3260	775	35	KAATSBEEK	2	1	15490610	0
15631234_3260	25	35	VOER	2	1	15631234	0
16128562_3260	1474	35	STIEMER	2	1	16128562	0
16415862_3260	1223	35	SCHEPPELIJKE NETE	2	1	16415862	0
16437441_3260	1368	35	EDE	2	1	16437441	0
16657874_3260	1486	35	STIEMER	2	1	16657874	0
16680086_3260	48	35	VENLOOP	2	1	16680086	0
17031186_3260	398	35	WARMBEEK	2	1	17031186	0
17282066_3260	1233	35	WARMBEEK	2	1	17282066	0
17354945_3260	1375	35	EDE	2	1	17354945	0
17433474_3260	33	35	VOER	2	1	17433474	0
17767698_3260	892	35	HOLVENLOOP	2	1	17767698	0
18236630_3260	1655	35	BOSHOVENLOOP	2	1	18236630	0
18591990_3260	42	35	DALEMANSLOOP	2	1	18591990	0
18744194_3260	37	35	VOER	2	1	18744194	0
19124342_3260	672	35	ACHTERSTE NEET	2	1	19124342	0
19218642_3260	81	35	DOMMEL	2	1	19218642	0
19422770_3260	776	35	KAATSBEEK	2	1	19422770	0
19460289_3260	1362	35	EDE	2	1	19460289	0
19535262_3260	765	35	MERKSKE	2	1	19535262	0
19912658_3260	634	35	GIELISBEEK	2	1	19912658	0
19987574_3260	1215	35	SCHEPPELIJKE NETE	2	1	19987574	0
20583838_3260	766	35	MERKSKE	2	1	20583838	0
20713665_3260	1363	35	EDE	2	1	20713665	0
20721198_3260	664	35	KLEIN NEETJE	2	1	20721198	0
20740658_3260	1506	35	STIEMER	2	1	20740658	0
20758062_3260	1445	35	LOEIJENS NEETJE	2	1	20758062	0
20994066_3260	381	35	SOERBEEK	2	1	20994066	0
21069010_3260	89	35	DOMMEL	2	1	21069010	0
21102802_3260	75	35	DOMMEL	2	1	21102802	0
21857154_3260	26	35	VOER	2	1	21857154	0
22871158_3260	1212	35	SCHEPPELIJKE NETE	2	1	22871158	0
23056577_3260	1372	35	EDE	2	1	23056577	0
23058386_3260	649	35	GIELISBEEK	2	1	23058386	0
23099954_3260	1510	35	STIEMER	2	1	23099954	0
23146742_3260	38	35	DALEMANSLOOP	2	1	23146742	0
23178798_3260	1439	35	LOEIJENS NEETJE	2	1	23178798	0
23449718_3260	668	35	ACHTERSTE NEET	2	1	23449718	0
23473618_3260	1488	35	STIEMER	2	1	23473618	0
23821430_3260	1219	35	SCHEPPELIJKE NETE	2	1	23821430	0
24105153_3260	1370	35	EDE	2	1	24105153	0
24419574_3260	657	35	KLEIN NEETJE	2	1	24419574	0
24721970_3260	1513	35	STIEMER	2	1	24721970	0
24991698_3260	645	35	GIELISBEEK	2	1	24991698	0
25026770_3260	64	35	DOMMEL	2	1	25026770	0
25476654_3260	1447	35	LOEIJENS NEETJE	2	1	25476654	0
25822082_3260	34	35	VOER	2	1	25822082	0
25918582_3260	1221	35	SCHEPPELIJKE NETE	2	1	25918582	0
26049654_3260	1226	35	SCHEPPELIJKE NETE	2	1	26049654	0
26156306_3260	893	35	HOLVENLOOP	2	1	26156306	0
26346370_3260	32	35	VOER	2	1	26346370	0
26402350_3260	1431	35	LOEIJENS NEETJE	2	1	26402350	0
26901622_3260	1225	35	SCHEPPELIJKE NETE	2	1	26901622	0
27324609_3260	1357	35	EDE	2	1	27324609	0
27809746_3260	638	35	GIELISBEEK	2	1	27809746	0
27840705_3260	1373	35	EDE	2	1	27840705	0
27941842_3260	372	35	BULLENBEEK	2	1	27941842	0
28260306_3260	652	35	GIELISBEEK	2	1	28260306	0
28360238_3260	1443	35	LOEIJENS NEETJE	2	1	28360238	0
28827666_3260	399	35	WARMBEEK	2	1	28827666	0
29278418_3260	66	35	DOMMEL	2	1	29278418	0
29644190_3260	759	35	MERKSKE	2	1	29644190	0
29751250_3260	653	35	GIELISBEEK	2	1	29751250	0
29934466_3260	549	35	VOER	2	1	29934466	0
30169042_3260	639	35	GIELISBEEK	2	1	30169042	0
30563890_3260	779	35	KAATSBEEK	2	1	30563890	0
30955474_3260	656	35	GIELISBEEK	2	1	30955474	0
31277266_3260	78	35	DOMMEL	2	1	31277266	0
31488562_3260	1509	35	STIEMER	2	1	31488562	0
31505966_3260	1442	35	LOEIJENS NEETJE	2	1	31505966	0
31521910_3260	1213	35	SCHEPPELIJKE NETE	2	1	31521910	0
31685750_3260	1220	35	SCHEPPELIJKE NETE	2	1	31685750	0
31772865_3260	1376	35	EDE	2	1	31772865	0
32559037_3260	1046	35	NA	2	1	32559037	0
32633025_3260	1351	35	EDE	2	1	32633025	0
33129346_3260	27	35	VOER	2	1	33129346	0
33137345_3260	1463	35	ZILTBEKE	2	1	33137345	0
33258614_3260	1217	35	SCHEPPELIJKE NETE	2	1	33258614	0
33303570_3260	679	35	REPPELERBEEK	2	1	33303570	0
33340974_3260	1444	35	LOEIJENS NEETJE	2	1	33340974	0
33471582_3260	1881	35	GOUWBERGSE LOOP	2	1	33471582	0
33537118_3260	1885	35	GOUWBERGSE LOOP	2	1	33537118	0
33784706_3260	23	35	VOER	2	1	33784706	0
34159154_3260	1511	35	STIEMER	2	1	34159154	0
34418934_3260	39	35	DALEMANSLOOP	2	1	34418934	0
34521298_3260	67	35	DOMMEL	2	1	34521298	0
34958802_3260	1494	35	STIEMER	2	1	34958802	0
35093622_3260	1216	35	SCHEPPELIJKE NETE	2	1	35093622	0
35472598_3260	1660	35	BOSHOVENLOOP	2	1	35472598	0
35537106_3260	82	35	DOMMEL	2	1	35537106	0
35630638_3260	1436	35	LOEIJENS NEETJE	2	1	35630638	0
36090102_3260	41	35	DALEMANSLOOP	2	1	36090102	0
36229313_3260	1374	35	EDE	2	1	36229313	0
36263890_3260	646	35	GIELISBEEK	2	1	36263890	0
36473417_3260	1380	35	EDE	2	1	36473417	0
36990418_3260	1499	35	STIEMER	2	1	36990418	0
37085394_3260	61	35	DOMMEL	2	1	37085394	0
37338670_3260	1449	35	LOEIJENS NEETJE	2	1	37338670	0
37569750_3260	1659	35	BOSHOVENLOOP	2	1	37569750	0
37623762_3260	636	35	GIELISBEEK	2	1	37623762	0
38157430_3260	1209	35	SCHEPPELIJKE NETE	2	1	38157430	0
38304306_3260	1503	35	STIEMER	2	1	38304306	0
38599798_3260	1211	35	SCHEPPELIJKE NETE	2	1	38599798	0
38658258_3260	65	35	DOMMEL	2	1	38658258	0
38810642_3260	1227	35	WARMBEEK	2	1	38810642	0
38935090_3260	1476	35	STIEMER	2	1	38935090	0
39404758_3260	1656	35	BOSHOVENLOOP	2	1	39404758	0
39530030_3260	662	35	KLEIN NEETJE	2	1	39530030	0
39722258_3260	891	35	HOLVENLOOP	2	1	39722258	0
39977170_3260	74	35	DOMMEL	2	1	39977170	0
40318930_3260	650	35	GIELISBEEK	2	1	40318930	0
40843218_3260	651	35	GIELISBEEK	2	1	40843218	0
41139294_3260	1882	35	GOUWBERGSE LOOP	2	1	41139294	0
42089590_3260	1206	35	SCHEPPELIJKE NETE	2	1	42089590	0
42293202_3260	644	35	GIELISBEEK	2	1	42293202	0
42413074_3260	684	35	REPPELERBEEK	2	1	42413074	0
42486345_3260	1381	35	EDE	2	1	42486345	0
42839598_3260	1437	35	LOEIJENS NEETJE	2	1	42839598	0
43621622_3260	659	35	KLEIN NEETJE	2	1	43621622	0
43654418_3260	888	35	HOLVENLOOP	2	1	43654418	0
43670465_3260	597	35	MERLEBEEK	2	1	43670465	0
43789778_3260	1481	35	STIEMER	2	1	43789778	0
43860178_3260	79	35	DOMMEL	2	1	43860178	0
44029906_3260	648	35	GIELISBEEK	2	1	44029906	0
44355777_3260	1377	35	EDE	2	1	44355777	0
44610002_3260	594	35	STIEMER	2	1	44610002	0
44663682_3260	29	35	VOER	2	1	44663682	0
45021202_3260	685	35	REPPELERBEEK	2	1	45021202	0
45023442_3260	69	35	DOMMEL	2	1	45023442	0
45186258_3260	88	35	DOMMEL	2	1	45186258	0
45479890_3260	655	35	GIELISBEEK	2	1	45479890	0
45624338_3260	681	35	REPPELERBEEK	2	1	45624338	0
45712258_3260	28	35	VOER	2	1	45712258	0
45801006_3260	1433	35	LOEIJENS NEETJE	2	1	45801006	0
46591442_3260	1492	35	STIEMER	2	1	46591442	0
46809298_3260	86	35	DOMMEL	2	1	46809298	0
46816193_3260	596	35	MERLEBEEK	2	1	46816193	0
47005906_3260	77	35	DOMMEL	2	1	47005906	0
47104210_3260	68	35	DOMMEL	2	1	47104210	0
47398446_3260	1441	35	LOEIJENS NEETJE	2	1	47398446	0
47994834_3260	641	35	GIELISBEEK	2	1	47994834	0
48169170_3260	71	35	DOMMEL	2	1	48169170	0
48288449_3260	1467	35	ZILTBEKE	2	1	48288449	0
48422446_3260	1430	35	LOEIJENS NEETJE	2	1	48422446	0
48623809_3260	1350	35	EDE	2	1	48623809	0
48967214_3260	663	35	KLEIN NEETJE	2	1	48967214	0
49168594_3260	83	35	DOMMEL	2	1	49168594	0
49314354_3260	1508	35	STIEMER	2	1	49314354	0
49380562_3260	87	35	DOMMEL	2	1	49380562	0
49454326_3260	661	35	KLEIN NEETJE	2	1	49454326	0
49468854_3260	595	35	VLOEDGRACHT	2	1	49468854	0
49667090_3260	676	35	REPPELERBEEK	2	1	49667090	0
49770034_3260	771	35	KAATSBEEK	2	1	49770034	0
49890518_3260	1658	35	BOSHOVENLOOP	2	1	49890518	0
50065601_3260	1355	35	EDE	2	1	50065601	0
50201474_3260	36	35	VOER	2	1	50201474	0
50998738_3260	1491	35	STIEMER	2	1	50998738	0
51129362_3260	677	35	REPPELERBEEK	2	1	51129362	0
51142194_3260	773	35	KAATSBEEK	2	1	51142194	0
51564737_3260	1365	35	EDE	2	1	51564737	0
51887662_3260	1451	35	LOEIJENS NEETJE	2	1	51887662	0
51916242_3260	1478	35	STIEMER	2	1	51916242	0
52023414_3260	666	35	ACHTERSTE NEET	2	1	52023414	0
52178386_3260	1480	35	STIEMER	2	1	52178386	0
52189138_3260	640	35	GIELISBEEK	2	1	52189138	0
52337910_3260	660	35	KLEIN NEETJE	2	1	52337910	0
52837494_3260	1207	35	SCHEPPELIJKE NETE	2	1	52837494	0
52875457_3260	1369	35	EDE	2	1	52875457	0
52964370_3260	682	35	REPPELERBEEK	2	1	52964370	0
53019742_3260	1888	35	GOUWBERGSE LOOP	2	1	53019742	0
53181558_3260	1218	35	SCHEPPELIJKE NETE	2	1	53181558	0
53293302_3260	40	35	DALEMANSLOOP	2	1	53293302	0
53505490_3260	1500	35	STIEMER	2	1	53505490	0
53560534_3260	1664	35	BOSHOVENLOOP	2	1	53560534	0
53727350_3260	671	35	ACHTERSTE NEET	2	1	53727350	0
53837010_3260	90	35	DOMMEL	2	1	53837010	0
54012946_3260	680	35	REPPELERBEEK	2	1	54012946	0
54132946_3260	72	35	DOMMEL	2	1	54132946	0
54402322_3260	889	35	HOLVENLOOP	2	1	54402322	0
54713902_3260	1429	35	LOEIJENS NEETJE	2	1	54713902	0
55130674_3260	1512	35	STIEMER	2	1	55130674	0
55262326_3260	1203	35	SCHEPPELIJKE NETE	2	1	55262326	0
55323666_3260	678	35	REPPELERBEEK	2	1	55323666	0
55422510_3260	1438	35	LOEIJENS NEETJE	2	1	55422510	0
55439553_3260	1352	35	EDE	2	1	55439553	0
55924690_3260	643	35	GIELISBEEK	2	1	55924690	0
56090158_3260	1428	35	LOEIJENS NEETJE	2	1	56090158	0
56565010_3260	894	35	HOLVENLOOP	2	1	56565010	0
57148062_3260	1125	35	KOEISCHOTSE LOOP	2	1	57148062	0
57197442_3260	547	35	VOER	2	1	57197442	0
57781806_3260	1440	35	LOEIJENS NEETJE	2	1	57781806	0
57916510_3260	1883	35	GOUWBERGSE LOOP	2	1	57916510	0
58015954_3260	80	35	DOMMEL	2	1	58015954	0
58207698_3260	1479	35	STIEMER	2	1	58207698	0
58343634_3260	85	35	DOMMEL	2	1	58343634	0
58486226_3260	1501	35	STIEMER	2	1	58486226	0
58851538_3260	76	35	DOMMEL	2	1	58851538	0
59294594_3260	548	35	VOER	2	1	59294594	0
59332562_3260	647	35	GIELISBEEK	2	1	59332562	0
59638658_3260	35	35	VOER	2	1	59638658	0
59649490_3260	1487	35	STIEMER	2	1	59649490	0
59887734_3260	669	35	ACHTERSTE NEET	2	1	59887734	0
59948126_3260	1878	35	GOUWBERGSE LOOP	2	1	59948126	0
60620562_3260	1654	35	NA	2	1	60620562	0
61069266_3260	635	35	GIELISBEEK	2	1	61069266	0
62012534_3260	1205	35	SCHEPPELIJKE NETE	2	1	62012534	0
62451905_3260	1360	35	EDE	2	1	62451905	0
62656705_3260	1364	35	EDE	2	1	62656705	0
63046530_3260	30	35	VOER	2	1	63046530	0
63238337_3260	1359	35	EDE	2	1	63238337	0
63781334_3260	1666	35	BOSHOVENLOOP	2	1	63781334	0
63943698_3260	1230	35	WARMBEEK	2	1	63943698	0
64046294_3260	1663	35	BOSHOVENLOOP	2	1	64046294	0
64142430_3260	1879	35	GOUWBERGSE LOOP	2	1	64142430	0
64302546_3260	1484	35	STIEMER	2	1	64302546	0
64570582_3260	1657	35	BOSHOVENLOOP	2	1	64570582	0
64630226_3260	1489	35	STIEMER	2	1	64630226	0
64829910_3260	1667	35	BOSHOVENLOOP	2	1	64829910	0
64876737_3260	1353	35	EDE	2	1	64876737	0
65260818_3260	885	35	HOLVENLOOP	2	1	65260818	0
65420406_3260	1208	35	SCHEPPELIJKE NETE	2	1	65420406	0
65567282_3260	1504	35	STIEMER	2	1	65567282	0
66567726_3260	1452	35	LOEIJENS NEETJE	2	1	66567726	0
66646209_3260	1361	35	EDE	2	1	66646209	0
66870834_3260	774	35	KAATSBEEK	2	1	66870834	0
67065874_3260	380	35	SOERBEEK	2	1	67065874	0
378102_3260	1309	35	LOEIJENS NEETJE	2	2	378102	1
483446_3260	1172	35	SCHEPPELIJKE NETE	2	2	483446	1
485342_3260	1143	35	ANTITANKKANAAL	2	2	485342	1
952670_3260	1515	35	MUNTLOOP	2	2	952670	1
1006710_3260	1189	35	SCHEPPELIJKE NETE	2	2	1006710	1
1370998_3260	1166	35	SCHEPPELIJKE NETE	2	2	1370998	1
1497974_3260	565	35	SCHEPPELIJKE NETE	2	2	1497974	1
1596534_3260	1198	35	SCHEPPELIJKE NETE	2	2	1596534	1
1762550_3260	1320	35	LOEIJENS NEETJE	2	2	1762550	1
1781234_3260	294	35	KIKBEEK	2	2	1781234	1
2129938_3260	404	35	WARMBEEK	2	2	2129938	1
2366582_3260	1182	35	SCHEPPELIJKE NETE	2	2	2366582	1
2764274_3260	298	35	KIKBEEK	2	2	2764274	1
2774430_3260	735	35	GELSLOOPKE	2	2	2774430	0
3041246_3260	1139	35	ANTITANKKANAAL	2	2	3041246	0
3153014_3260	1179	35	SCHEPPELIJKE NETE	2	2	3153014	0
3484534_3260	1727	35	MOLSE NETE	2	2	3484534	0
3812850_3260	299	35	KIKBEEK	2	2	3812850	0
3930614_3260	1636	35	MOLSE NETE	2	2	3930614	0
3968558_3260	1307	35	WAMP	2	2	3968558	0
4057526_3260	1774	35	ZWARTEBEEK	2	2	4057526	0
4217718_3260	717	35	MOLSE NETE	2	2	4217718	0
4254134_3260	1780	35	ZWARTEBEEK	2	2	4254134	0
4377874_3260	1081	35	HOLVENLOOP	2	2	4377874	0
4640361_3260	1693	35	ZUIDELIJKE WATERGANG	2	2	4640361	0
4909150_3260	1792	35	MERKSKE	2	2	4909150	0
4979190_3260	1638	35	MOLSE NETE	2	2	4979190	0
5461406_3260	749	35	MERKSKE	2	2	5461406	0
5779730_3260	1060	35	HOLVENLOOP	2	2	5779730	0
5958930_3260	1061	35	HOLVENLOOP	2	2	5958930	0
6072286_3260	1677	35	ANTITANKKANAAL	2	2	6072286	0
6249590_3260	1190	35	SCHEPPELIJKE NETE	2	2	6249590	0
6498782_3260	1786	35	KLEINE AA OF WEERIJSBEEK	2	2	6498782	0
6786606_3260	1303	35	WAMP	2	2	6786606	0
7241746_3260	407	35	WARMBEEK	2	2	7241746	0
7383006_3260	1678	35	ANTITANKKANAAL	2	2	7383006	0
7482866_3260	295	35	KIKBEEK	2	2	7482866	0
7552118_3260	1200	35	SCHEPPELIJKE NETE	2	2	7552118	0
7621110_3260	707	35	MOLSE NETE	2	2	7621110	0
8119542_3260	1319	35	LOEIJENS NEETJE	2	2	8119542	0
8344990_3260	752	35	MERKSKE	2	2	8344990	0
9251702_3260	1731	35	MOLSE NETE	2	2	9251702	0
9655710_3260	748	35	MERKSKE	2	2	9655710	0
9686290_3260	1086	35	HOLVENLOOP	2	2	9686290	0
9912253_3260	1135	35	ANTITANKKANAAL	2	2	9912253	0
10021302_3260	1776	35	ZWARTEBEEK	2	2	10021302	0
10093982_3260	744	35	MERKSKE	2	2	10093982	0
10174397_3260	1134	35	ANTITANKKANAAL	2	2	10174397	0
10694870_3260	1426	35	KLEIN  WILBOEREBEEK	2	2	10694870	0
10775414_3260	1165	35	SCHEPPELIJKE NETE	2	2	10775414	0
11537682_3260	1070	35	HOLVENLOOP	2	2	11537682	0
12224862_3260	1514	35	MUNTLOOP	2	2	12224862	0
12642742_3260	1779	35	ZWARTEBEEK	2	2	12642742	0
12782866_3260	1067	35	HOLVENLOOP	2	2	12782866	0
12801438_3260	750	35	MERKSKE	2	2	12801438	0
12907054_3260	1297	35	WAMP	2	2	12907054	0
13320125_3260	1133	35	ANTITANKKANAAL	2	2	13320125	0
13706486_3260	1311	35	LOEIJENS NEETJE	2	2	13706486	0
13970294_3260	1729	35	MOLSE NETE	2	2	13970294	0
14436854_3260	712	35	MOLSE NETE	2	2	14436854	0
14546742_3260	1893	35	VARENDONKSE BEEK	2	2	14546742	0
14703478_3260	716	35	MOLSE NETE	2	2	14703478	0
14961142_3260	708	35	MOLSE NETE	2	2	14961142	0
15312862_3260	1668	35	ANTITANKKANAAL	2	2	15312862	0
15398710_3260	1892	35	VARENDONKSE BEEK	2	2	15398710	0
15721718_3260	1317	35	LOEIJENS NEETJE	2	2	15721718	0
15960030_3260	1683	35	ANTITANKKANAAL	2	2	15960030	0
16233718_3260	308	35	KLEIN NEETJE	2	2	16233718	0
16239094_3260	698	35	MOLSE NETE	2	2	16239094	0
16551470_3260	1308	35	WAMP	2	2	16551470	0
16951262_3260	1672	35	ANTITANKKANAAL	2	2	16951262	0
16986326_3260	1424	35	KLEIN  WILBOEREBEEK	2	2	16986326	0
16998518_3260	1176	35	SCHEPPELIJKE NETE	2	2	16998518	0
17112182_3260	1186	35	SCHEPPELIJKE NETE	2	2	17112182	0
17619830_3260	569	35	SCHEPPELIJKE NETE	2	2	17619830	0
18068726_3260	305	35	LOEIJENS NEETJE	2	2	18068726	0
18162078_3260	1700	35	Mark	2	2	18162078	0
18271506_3260	1080	35	HOLVENLOOP	2	2	18271506	0
18362642_3260	1059	35	HOLVENLOOP	2	2	18362642	0
18422902_3260	1184	35	SCHEPPELIJKE NETE	2	2	18422902	0
18431933_3260	1128	35	ANTITANKKANAAL	2	2	18431933	0
18672502_3260	1169	35	SCHEPPELIJKE NETE	2	2	18672502	0
19294174_3260	1142	35	ANTITANKKANAAL	2	2	19294174	0
19515894_3260	703	35	MOLSE NETE	2	2	19515894	0
19611581_3260	1132	35	ANTITANKKANAAL	2	2	19611581	0
19618934_3260	1194	35	SCHEPPELIJKE NETE	2	2	19618934	0
20212598_3260	1164	35	SCHEPPELIJKE NETE	2	2	20212598	0
20771374_3260	1300	35	WAMP	2	2	20771374	0
21555638_3260	1777	35	ZWARTEBEEK	2	2	21555638	0
21779870_3260	732	35	GELSLOOPKE	2	2	21779870	0
21814134_3260	570	35	SCHEPPELIJKE NETE	2	2	21814134	0
22055414_3260	693	35	MOLSE NETE	2	2	22055414	0
22098038_3260	1703	35	KANAAL VAN BOCHOLT NAAR HERENTALS	2	2	22098038	0
22432246_3260	706	35	MOLSE NETE	2	2	22432246	0
22502262_3260	556	35	SCHEPPELIJKE NETE	2	2	22502262	0
22706678_3260	687	35	MOLSE NETE	2	2	22706678	0
22785522_3260	300	35	KIKBEEK	2	2	22785522	0
22839314_3260	402	35	WARMBEEK	2	2	22839314	0
22866806_3260	1170	35	SCHEPPELIJKE NETE	2	2	22866806	0
23338102_3260	1183	35	SCHEPPELIJKE NETE	2	2	23338102	0
23824350_3260	1680	35	ANTITANKKANAAL	2	2	23824350	0
23898078_3260	1676	35	ANTITANKKANAAL	2	2	23898078	0
23931766_3260	1732	35	MOLSE NETE	2	2	23931766	0
24150034_3260	406	35	WARMBEEK	2	2	24150034	0
24448274_3260	1072	35	HOLVENLOOP	2	2	24448274	0
24781358_3260	1724	35	LOEIJENS NEETJE	2	2	24781358	0
25201142_3260	692	35	MOLSE NETE	2	2	25201142	0
25353078_3260	560	35	SCHEPPELIJKE NETE	2	2	25353078	0
25397214_3260	1682	35	ANTITANKKANAAL	2	2	25397214	0
25769929_3260	1790	35	OUDE KALE	2	2	25769929	0
25807350_3260	699	35	MOLSE NETE	2	2	25807350	0
25899222_3260	1425	35	KLEIN  WILBOEREBEEK	2	2	25899222	0
25921502_3260	1681	35	ANTITANKKANAAL	2	2	25921502	0
25959542_3260	1181	35	SCHEPPELIJKE NETE	2	2	25959542	0
26233334_3260	711	35	MOLSE NETE	2	2	26233334	0
26536822_3260	1167	35	SCHEPPELIJKE NETE	2	2	26536822	0
27200786_3260	1063	35	HOLVENLOOP	2	2	27200786	0
27298294_3260	691	35	MOLSE NETE	2	2	27298294	0
27475062_3260	1202	35	SCHEPPELIJKE NETE	2	2	27475062	0
27705334_3260	1093	35	'DE AA'	2	2	27705334	0
27919774_3260	746	35	MERKSKE	2	2	27919774	0
28007542_3260	1193	35	SCHEPPELIJKE NETE	2	2	28007542	0
28161270_3260	302	35	LOEIJENS NEETJE	2	2	28161270	0
28473846_3260	688	35	MOLSE NETE	2	2	28473846	0
28542942_3260	1684	35	ANTITANKKANAAL	2	2	28542942	0
28642578_3260	1071	35	HOLVENLOOP	2	2	28642578	0
29345758_3260	1685	35	ANTITANKKANAAL	2	2	29345758	0
29698934_3260	1726	35	MOLSE NETE	2	2	29698934	0
30071670_3260	562	35	SCHEPPELIJKE NETE	2	2	30071670	0
30078774_3260	1890	35	VARENDONKSE BEEK	2	2	30078774	0
30444022_3260	694	35	MOLSE NETE	2	2	30444022	0
30464886_3260	566	35	SCHEPPELIJKE NETE	2	2	30464886	0
30608658_3260	1069	35	HOLVENLOOP	2	2	30608658	0
31050230_3260	702	35	MOLSE NETE	2	2	31050230	0
31312374_3260	705	35	MOLSE NETE	2	2	31312374	0
31449646_3260	1722	35	WAMP	2	2	31449646	0
31633126_3260	1771	35	DEMER	2	2	31633126	0
31779702_3260	1168	35	SCHEPPELIJKE NETE	2	2	31779702	0
31952430_3260	1302	35	WAMP	2	2	31952430	0
31967734_3260	696	35	MOLSE NETE	2	2	31967734	0
32024542_3260	1675	35	ANTITANKKANAAL	2	2	32024542	0
32562038_3260	567	35	SCHEPPELIJKE NETE	2	2	32562038	0
32822686_3260	738	35	GELSLOOPKE	2	2	32822686	0
33017106_3260	1085	35	HOLVENLOOP	2	2	33017106	0
33223214_3260	1294	35	WAMP	2	2	33223214	0
33716726_3260	690	35	MOLSE NETE	2	2	33716726	0
33809654_3260	1314	35	LOEIJENS NEETJE	2	2	33809654	0
34273078_3260	1891	35	VARENDONKSE BEEK	2	2	34273078	0
34281974_3260	714	35	MOLSE NETE	2	2	34281974	0
34588638_3260	1686	35	ANTITANKKANAAL	2	2	34588638	0
34790262_3260	559	35	SCHEPPELIJKE NETE	2	2	34790262	0
34902366_3260	1702	35	Blauwputten en Leiloop	2	2	34902366	0
34912606_3260	1652	35	MUNTLOOP	2	2	34912606	0
34988242_3260	1235	35	DOMMEL	2	2	34988242	0
35022814_3260	1141	35	ANTITANKKANAAL	2	2	35022814	0
35872886_3260	1175	35	SCHEPPELIJKE NETE	2	2	35872886	0
35906806_3260	1315	35	LOEIJENS NEETJE	2	2	35906806	0
36126653_3260	1136	35	ANTITANKKANAAL	2	2	36126653	0
36199542_3260	1199	35	SCHEPPELIJKE NETE	2	2	36199542	0
36405238_3260	1091	35	'DE AA'	2	2	36405238	0
36570526_3260	742	35	MERKSKE	2	2	36570526	0
36782098_3260	400	35	WARMBEEK	2	2	36782098	0
36887414_3260	561	35	SCHEPPELIJKE NETE	2	2	36887414	0
36947934_3260	1689	35	ANTITANKKANAAL	2	2	36947934	0
37128542_3260	1516	35	MUNTLOOP	2	2	37128542	0
37135606_3260	304	35	KLEIN NEETJE	2	2	37135606	0
37136350_3260	1670	35	ANTITANKKANAAL	2	2	37136350	0
37299446_3260	1312	35	LOEIJENS NEETJE	2	2	37299446	0
37474926_3260	1704	35	DE AA	2	2	37474926	0
37485046_3260	1635	35	MOLSE NETE	2	2	37485046	0
37546422_3260	1775	35	ZWARTEBEEK	2	2	37546422	0
38348022_3260	1313	35	LOEIJENS NEETJE	2	2	38348022	0
38553046_3260	1720	35	'DE AA'	2	2	38553046	0
38997266_3260	1068	35	HOLVENLOOP	2	2	38997266	0
39128534_3260	836	35	'DE AA'	2	2	39128534	0
39307230_3260	1688	35	ANTITANKKANAAL	2	2	39307230	0
39308562_3260	1084	35	HOLVENLOOP	2	2	39308562	0
39414006_3260	1716	35	KLEINE NETE	2	2	39414006	0
39774646_3260	1772	35	ZWARTEBEEK	2	2	39774646	0
39838254_3260	1721	35	WAMP	2	2	39838254	0
40057974_3260	1201	35	SCHEPPELIJKE NETE	2	2	40057974	0
40274270_3260	1518	35	MUNTLOOP	2	2	40274270	0
40288246_3260	1092	35	'DE AA'	2	2	40288246	0
40320957_3260	1137	35	ANTITANKKANAAL	2	2	40320957	0
40356342_3260	695	35	MOLSE NETE	2	2	40356342	0
40452029_3260	1129	35	ANTITANKKANAAL	2	2	40452029	0
40880094_3260	1687	35	ANTITANKKANAAL	2	2	40880094	0
41990494_3260	1653	35	MUNTLOOP	2	2	41990494	0
42176046_3260	1304	35	WAMP	2	2	42176046	0
42185974_3260	307	35	KLEIN NEETJE	2	2	42185974	0
42203638_3260	1633	35	MOLSE NETE	2	2	42203638	0
42425206_3260	555	35	SCHEPPELIJKE NETE	2	2	42425206	0
42510302_3260	1673	35	ANTITANKKANAAL	2	2	42510302	0
42568978_3260	1077	35	HOLVENLOOP	2	2	42568978	0
42610902_3260	1427	35	KLEIN  WILBOEREBEEK	2	2	42610902	0
43066614_3260	1310	35	LOEIJENS NEETJE	2	2	43066614	0
43169886_3260	1791	35	MERKSKE	2	2	43169886	0
43841974_3260	1782	35	ZWARTEBEEK	2	2	43841974	0
44375158_3260	1188	35	SCHEPPELIJKE NETE	2	2	44375158	0
45656030_3260	1674	35	ANTITANKKANAAL	2	2	45656030	0
45766046_3260	737	35	GELSLOOPKE	2	2	45766046	0
45806126_3260	1295	35	WAMP	2	2	45806126	0
45873654_3260	1637	35	MOLSE NETE	2	2	45873654	0
45921750_3260	1719	35	'DE AA'	2	2	45921750	0
45944082_3260	1073	35	HOLVENLOOP	2	2	45944082	0
46446942_3260	1651	35	MUNTLOOP	2	2	46446942	0
46472310_3260	1187	35	SCHEPPELIJKE NETE	2	2	46472310	0
46619510_3260	554	35	SCHEPPELIJKE NETE	2	2	46619510	0
46620790_3260	1173	35	SCHEPPELIJKE NETE	2	2	46620790	0
46992658_3260	1074	35	HOLVENLOOP	2	2	46992658	0
47081438_3260	1138	35	ANTITANKKANAAL	2	2	47081438	0
47130718_3260	1793	35	MERKSKE	2	2	47130718	0
47466998_3260	710	35	MOLSE NETE	2	2	47466998	0
47631634_3260	1079	35	HOLVENLOOP	2	2	47631634	0
47681070_3260	1301	35	WAMP	2	2	47681070	0
47842718_3260	745	35	MERKSKE	2	2	47842718	0
47910162_3260	1066	35	HOLVENLOOP	2	2	47910162	0
47996022_3260	1195	35	SCHEPPELIJKE NETE	2	2	47996022	0
48097718_3260	1773	35	ZWARTEBEEK	2	2	48097718	0
48377330_3260	296	35	KIKBEEK	2	2	48377330	0
48467502_3260	1306	35	WAMP	2	2	48467502	0
48495094_3260	1634	35	MOLSE NETE	2	2	48495094	0
48515574_3260	709	35	MOLSE NETE	2	2	48515574	0
48901618_3260	297	35	KIKBEEK	2	2	48901618	0
48911774_3260	736	35	GELSLOOPKE	2	2	48911774	0
49220882_3260	1064	35	HOLVENLOOP	2	2	49220882	0
49711454_3260	1517	35	MUNTLOOP	2	2	49711454	0
50038750_3260	1679	35	ANTITANKKANAAL	2	2	50038750	0
50082066_3260	1058	35	HOLVENLOOP	2	2	50082066	0
50093174_3260	1196	35	SCHEPPELIJKE NETE	2	2	50093174	0
50146166_3260	1730	35	MOLSE NETE	2	2	50146166	0
50670454_3260	1725	35	MOLSE NETE	2	2	50670454	0
50777362_3260	1078	35	HOLVENLOOP	2	2	50777362	0
50973174_3260	700	35	MOLSE NETE	2	2	50973174	0
51043190_3260	563	35	SCHEPPELIJKE NETE	2	2	51043190	0
51635446_3260	1316	35	LOEIJENS NEETJE	2	2	51635446	0
53000542_3260	1650	35	MUNTLOOP	2	2	53000542	0
53639670_3260	689	35	MOLSE NETE	2	2	53639670	0
53651422_3260	1671	35	ANTITANKKANAAL	2	2	53651422	0
54419574_3260	1171	35	SCHEPPELIJKE NETE	2	2	54419574	0
54461790_3260	1701	35	Blauwputten en Leiloop	2	2	54461790	0
54463762_3260	1062	35	HOLVENLOOP	2	2	54463762	0
55270518_3260	1192	35	SCHEPPELIJKE NETE	2	2	55270518	0
55390665_3260	1789	35	OUDE KALE	2	2	55390665	0
55394237_3260	1131	35	ANTITANKKANAAL	2	2	55394237	0
55429622_3260	704	35	MOLSE NETE	2	2	55429622	0
55817462_3260	306	35	KLEIN NEETJE	2	2	55817462	0
55823634_3260	1087	35	HOLVENLOOP	2	2	55823634	0
55913334_3260	1728	35	MOLSE NETE	2	2	55913334	0
56056694_3260	557	35	SCHEPPELIJKE NETE	2	2	56056694	0
56207326_3260	1669	35	ANTITANKKANAAL	2	2	56207326	0
56630390_3260	1178	35	SCHEPPELIJKE NETE	2	2	56630390	0
56655890_3260	405	35	WARMBEEK	2	2	56655890	0
57207222_3260	1778	35	ZWARTEBEEK	2	2	57207222	0
57471534_3260	1299	35	WAMP	2	2	57471534	0
57482102_3260	558	35	SCHEPPELIJKE NETE	2	2	57482102	0
57753618_3260	401	35	WARMBEEK	2	2	57753618	0
58182134_3260	697	35	MOLSE NETE	2	2	58182134	0
58789138_3260	1075	35	HOLVENLOOP	2	2	58789138	0
59447798_3260	715	35	MOLSE NETE	2	2	59447798	0
59505142_3260	1639	35	MOLSE NETE	2	2	59505142	0
60092974_3260	1296	35	WAMP	2	2	60092974	0
60218230_3260	564	35	SCHEPPELIJKE NETE	2	2	60218230	0
60285486_3260	1723	35	WAMP	2	2	60285486	0
60482806_3260	1321	35	LOEIJENS NEETJE	2	2	60482806	0
60574198_3260	713	35	MOLSE NETE	2	2	60574198	0
60637117_3260	1130	35	ANTITANKKANAAL	2	2	60637117	0
60775542_3260	1191	35	SCHEPPELIJKE NETE	2	2	60775542	0
60873590_3260	568	35	SCHEPPELIJKE NETE	2	2	60873590	0
60877238_3260	1781	35	ZWARTEBEEK	2	2	60877238	0
60929270_3260	303	35	LOEIJENS NEETJE	2	2	60929270	0
61000978_3260	1082	35	HOLVENLOOP	2	2	61000978	0
61050414_3260	1305	35	WAMP	2	2	61050414	0
61414518_3260	1185	35	SCHEPPELIJKE NETE	2	2	61414518	0
61458934_3260	701	35	MOLSE NETE	2	2	61458934	0
61636626_3260	403	35	WARMBEEK	2	2	61636626	0
61736350_3260	743	35	MERKSKE	2	2	61736350	0
61852946_3260	1083	35	HOLVENLOOP	2	2	61852946	0
62087286_3260	1177	35	SCHEPPELIJKE NETE	2	2	62087286	0
62349430_3260	1174	35	SCHEPPELIJKE NETE	2	2	62349430	0
62590226_3260	1065	35	HOLVENLOOP	2	2	62590226	0
62676086_3260	1197	35	SCHEPPELIJKE NETE	2	2	62676086	0
62768342_3260	1717	35	MOLENBEEK	2	2	62768342	0
62841042_3260	1234	35	DOMMEL	2	2	62841042	0
63133086_3260	751	35	MERKSKE	2	2	63133086	0
63668214_3260	1090	35	'DE AA'	2	2	63668214	0
64248286_3260	1787	35	KLEINE AA OF WEERIJSBEEK	2	2	64248286	0
64771486_3260	733	35	GELSLOOPKE	2	2	64771486	0
65230238_3260	747	35	MERKSKE	2	2	65230238	0
65348142_3260	309	35	LOEIJENS NEETJE	2	2	65348142	0
65717817_3260	1785	35	AREBEEK	2	2	65717817	0
65820062_3260	734	35	GELSLOOPKE	2	2	65820062	0
65860142_3260	1298	35	WAMP	2	2	65860142	0
66016670_3260	753	35	MERKSKE	2	2	66016670	0
66067574_3260	1180	35	SCHEPPELIJKE NETE	2	2	66067574	0
66129170_3260	1076	35	HOLVENLOOP	2	2	66129170	0
66480094_3260	1140	35	ANTITANKKANAAL	2	2	66480094	0
66489830_3260	1783	35	GETE	2	2	66489830	0
66501878_3260	301	35	KLEINE NETE	2	2	66501878	0
66807030_3260	310	35	LOEIJENS NEETJE	2	2	66807030	0
66839798_3260	1318	35	LOEIJENS NEETJE	2	2	66839798	0
