polygon_id	grts_ranking	in_object	x	y
ANTANT0082	29020457	1	152674.82	205626.67
ANTANT0251	30645181	1	149699.86	220317.51
ANTANT0253	46898109	1	149888.58	220287.22
ANTANT0297	19512253	1	151996.08	219303.2
ANTANT0319	57195453	1	151293.81	218637.35
ANTANT0383	62794025	1	148260.84	208742.59
ANTARE0010	33767214	1	198319.69	230276.92
ANTARE0025	1304366	1	198859.3	231079.32
ANTARE0027	41959214	1	198745.47	230099.26
ANTARE0072	56040174	1	202718.64	223993.82
ANTARE0083	27204334	1	202702.67	223947.51
ANTARE0107	30874350	1	202693.44	224062.75
ANTARE0115	17963758	1	202279.29	224470.17
ANTARE0124	55778030	1	202313.48	223858.67
ANTARE0177	21699310	1	202418.61	224196.78
ANTARE0189	35068654	1	202703.71	224040.14
ANTARE0197	15211246	1	202807.16	223896.55
ANTARE0200	47027950	1	203142.82	221430.14
ANTARE0218	38935278	1	202317.77	224429.73
ANTARE0229	47609390	1	201482.8	224319.3
ANTARE0262	1186542	1	202299.79	224415.89
ANTARE0278	31136494	1	202318.97	224019.96
ANTARE0298	30373422	1	202246.01	224221.75
ANTARE0301	51911406	1	202832.81	223809.62
ANTARE0324	55933486	1	197213.16	223616.92
ANTARE0340	42956334	1	202169.24	224143.81
ANTBAA0036	54787374	1	187252.72	232388.23
ANTBAA0044	617774	1	185900.43	234169.98
ANTBAL0371	12845942	1	209651.92	208336.5
ANTBAL0373	62371702	1	208528.24	206152.68
ANTBAL0429	47179638	1	207728.99	205880.36
ANTBAL0443	13108086	1	209780.1	207921.45
ANTBAL0448	66323318	1	209536.25	208332.08
ANTBAL0451	34060150	1	208504.52	206111.74
ANTBAL0505	4843382	1	208207.4	206240.81
ANTBAL0559	13282934	1	210933.53	207810.96
ANTBAL0561	42845046	1	209195.45	206656.15
ANTBAL0591	9987958	1	206863.45	204825.68
ANTBAL0592	59467638	1	206906.43	204493.11
ANTBAL0594	4417398	1	206959.77	204622.88
ANTBAL0595	11757430	1	206962.85	204716.19
ANTBAL0596	39348086	1	206984.82	204863.41
ANTBAL0705	29910902	1	206955.31	204979.27
ANTBAL0709	59893622	1	208052.29	206133.59
ANTBAL0711	6860406	0	211028.38	207356.74
ANTBAL0762	42592118	1	208149	206290.77
ANTBCT0028	37037534	1	165755.43	227648.29
ANTBCT0134	55406046	1	165044.71	226919.93
ANTBCT0155	13987294	1	165248.64	226865.45
ANTBCT0231	64465118	1	163447.46	226520.34
ANTBCT0242	39823582	1	163808.3	226549.02
ANTBCT0252	31398110	1	162710.57	225036.55
ANTBCT0341	55276766	1	165625.27	224208.06
ANTBCT0404	4200670	0	163089.66	225024.49
ANTBCT0433	51423454	1	163930.63	226468.22
ANTBCT0458	13637854	1	163213.32	225184.48
ANTBCT0464	501982	1	163497.73	226401.56
ANTBCT0498	31889630	1	163257.1	225944.01
ANTBCT0528	29544606	1	169940.17	224675.35
ANTBCT0544	25453726	0	173743.46	226084.26
ANTBCT0559	32108702	1	173105.07	225861.27
ANTBCT0572	12439710	1	170333.04	224189.84
ANTBCT0579	39907486	1	173050.5	225928.32
ANTBCT0585	11510942	1	173773.22	225169.2
ANTBCT0600	33157278	1	173132.3	225916.72
ANTBCT0610	23130270	1	173050.83	225887.58
ANTBCT0801	64395486	1	163090.62	225917.14
ANTBOE0063	36033174	1	159181.87	207542.56
ANTBON0239	28936470	1	164429.59	187365.95
ANTBRM0195	39113449	1	143214.07	200204.55
ANTBRM0197	44290793	1	143540.17	200221.9
ANTBRM0202	9491177	1	143154.32	200579.16
ANTBRM0204	11326185	1	143079.38	200322.71
ANTBRM0205	53793513	1	143302	200222.69
ANTBRM0208	60609257	1	143114.13	200169.58
ANTBRM0211	8966889	1	142969.73	200468.85
ANTBRM0217	14865129	1	143122.01	200703.73
ANTBRM0220	48419561	1	143127.91	200678.1
ANTBRM0222	57987817	1	143259.87	200212.09
ANTBRM0224	28627689	1	143336.54	200245.94
ANTBRM0225	3134185	1	143393.09	200637.67
ANTBRM0226	19649257	1	143645.03	200356.84
ANTBRM0234	58184425	1	143811.79	200662.79
ANTBRM0236	13751017	1	143458.81	200687.47
ANTBRM0238	9687785	1	143604.7	200338.96
ANTBRM0246	250601	1	143436.55	200320.23
ANTBRM0249	50516713	1	143352.63	200706.72
ANTBRM0253	32133865	1	144048.95	201060.45
ANTBRM0255	39932649	1	144804.1	200994.5
ANTBRM0269	63787753	1	144530.28	200804.04
ANTBRM0271	22394089	1	145592.62	199735.38
ANTBRM0273	20189929	1	144279.85	201220.57
ANTBRM0330	27579113	1	143350.23	200310.39
ANTBRM0331	2872041	1	143691.12	200368.85
ANTBRM0345	32330473	1	144508.14	200715.53
ANTBRM0421	4961001	1	141524.65	199790.34
ANTBRS0049	43534558	1	162062.68	223468.44
ANTBRS0068	64618718	1	161672.98	221487.23
ANTBRS0118	42913758	1	158933.63	224715.08
ANTBRS0121	51284190	1	162003.84	224430.78
ANTBRS0178	19058654	1	158761.33	224349.63
ANTBRS0179	28012510	1	158834.55	225358.37
ANTBRS0413	25980894	1	158666.98	225380.63
ANTBSE0018	23536286	1	180026.23	222189.84
ANTBSE0021	5125790	1	181419.09	224178.51
ANTBSE0058	34675358	1	182486.05	225302.21
ANTBSE0061	58472094	1	181670.38	224488.43
ANTBSE0085	54716062	1	180437.21	225203.09
ANTBSE0098	18684574	1	182685.75	225253.13
ANTBSE0109	16889502	1	180071.23	223844.3
ANTBSE0123	28047006	1	180578.49	222824.79
ANTBSE0125	4384414	1	180443.3	225240.8
ANTBSE0162	46969502	1	181359.18	219778.94
ANTBSE0165	40393374	1	183134.1	224782.85
ANTBSE0197	40691358	1	180110.94	224920.46
ANTBSE0214	57325214	1	180347.74	224527.85
ANTBSE0215	54421150	1	180784.6	225278.36
ANTBSE0227	21903006	1	181408.63	224206.6
ANTBSE0228	26338974	1	180333.28	225457.16
ANTBSE0276	17479326	1	180463.84	224522.09
ANTBSE0277	57849502	1	180549.87	224646.84
ANTBSE0298	42250910	1	181391.26	219872.93
ANTBSE0314	11810462	1	181291.14	224227.8
ANTBSE0333	65857182	1	180184.46	224892.52
ANTBSE0334	222878	1	181406.88	224880.88
ANTBSE0335	34101918	1	183129.9	224879.17
ANTBSE0336	3648158	1	184711.47	225069.87
ANTBSE0338	44131998	1	181022.56	224854.34
ANTBSE0366	20949662	1	184528.13	225077.92
ANTDES0010	41310326	1	205774.25	215594.2
ANTDES0037	23578742	1	205136.74	216604.07
ANTDES0075	12040310	1	204060.47	217406.77
ANTDES0091	6424694	1	204897.65	217733.16
ANTDES0096	50051190	1	203983.91	217142.1
ANTDES0098	63461622	1	200768.56	213464.33
ANTDES0098	63461622	1	200768.56	213464.33
ANTDUF0188	29813270	1	158770.53	196105.54
ANTESS0009	48111390	1	154968.18	239136.86
ANTESS0030	20726494	1	154505.6	234840.32
ANTESS0033	8199966	1	154540.18	239423.72
ANTESS0062	2462430	1	155811.49	234599.83
ANTESS0117	28047134	1	155913.93	235842.28
ANTESS0224	26624734	1	154701.25	234651.86
ANTESS0225	2900702	1	154578.02	234753.04
ANTGEE0011	18623286	1	191557.92	198786.45
ANTGEE0032	40512310	1	191474.64	198843.05
ANTGEE0036	31206198	1	191529.94	198828.65
ANTGEE0046	18623286	1	191548.16	198807.63
ANTGEE0069	40512310	1	191497.68	198829.27
ANTGEE0071	10234678	1	191585.8	198782.38
ANTGEE0076	66705142	1	189868.04	209533.62
ANTGEE0099	12441334	1	189531.32	209881.67
ANTGEE0105	18606838	0	190018.62	209677.58
ANTGEE0107	17749750	1	189356.42	209959.66
ANTGEE0119	53597942	1	189714.9	209659.38
ANTGEE0126	4839158	1	189884.4	209483.56
ANTGEE0130	7116534	1	188362.02	208891.39
ANTGEE0140	43051766	1	190125.98	210011.69
ANTGEE0141	50064118	1	190195.14	209882.34
ANTGEE0142	35182326	1	189274.46	209664.17
ANTGEE0143	31315702	1	189582.65	209781.06
ANTGEE0153	22075126	1	189072.81	209835.88
ANTGEE0154	7116534	1	188344.18	208892.24
ANTGEE0161	32036598	1	189242.21	209828.91
ANTGEE0163	51959542	1	189314.07	209672.09
ANTGEE0164	8165110	1	188264.02	208876.22
ANTGEE0166	23123702	1	188958.38	209808.91
ANTGEE0193	38786806	1	189743.93	210021.43
ANTGEE0305	25113078	1	197980.14	207168.56
ANTGEE0422	18231798	1	197352.17	207056.98
ANTGEE0453	43171574	1	193827.72	203574.05
ANTGEE0477	1752822	1	193889.52	203334.69
ANTGEE0513	1933046	1	193648.08	203041.49
ANTGEE0629	29802230	1	193746.16	203608.78
ANTGEE0633	22904566	1	193609.79	203064.76
ANTGEE0718	65338870	1	199422.68	205119.21
ANTGEE0790	64059126	1	188839.31	207739.49
ANTGEE0834	50251766	1	193334.04	212427.84
ANTGEE0857	30955254	1	188906.25	209725.3
ANTGEE0858	42391286	1	189108.61	209896.45
ANTGEE0859	1103606	1	189179.95	209805.02
ANTGEE0866	15849206	1	189767.14	209733.7
ANTGEE0867	33412854	1	189531.87	209774.37
ANTGEE0875	47699702	1	189499.87	210111.16
ANTGEE0876	20829942	1	189457.09	209817.21
ANTGEE0877	12113654	1	189402.68	209868.74
ANTGEE0886	54274870	1	191520.55	198673.29
ANTGEE0889	12200758	1	191462.92	198661.73
ANTGEE1026	30094838	1	197407.92	205152.92
ANTGEE1081	41525494	1	195979.41	210922.63
ANTGRO0078	5039830	1	173314.05	208940.81
ANTGRO0095	45924054	1	177538.71	208359.01
ANTGRO0101	34529238	1	178725.91	206131.22
ANTGRO0105	31923926	1	177521.1	208309.31
ANTGRO0117	66526934	1	177556.16	208290.23
ANTGRO0122	21828566	1	177931.64	206376.57
ANTGRO0124	22795222	1	178092.04	208228.98
ANTGRO0161	4140758	1	174105.09	208349.91
ANTGRO0180	55865046	1	175188.58	207565.41
ANTHEI0155	48206678	1	174561.37	192955.09
ANTHGS0010	35732574	1	180693.35	242949.1
ANTHGS0022	3984478	1	178259.58	242622.84
ANTHGS0196	28980574	1	176514.99	240822.87
ANTHGS0200	14335326	1	171449.82	237598.72
ANTHGS0248	18529630	1	171430.13	237568.46
ANTHGS0277	39501150	1	171473.74	237627.54
ANTHGS0552	49335646	1	171537.91	237599
ANTHGS0565	17054046	1	177606.58	238378.59
ANTHGS0569	22267294	1	182546.92	233668.01
ANTHGS0622	1520990	0	176615.85	240531.87
ANTHGS0650	47170974	1	182541.18	233637.25
ANTHST0032	23327062	1	184484.33	190328.69
ANTHST0049	21147990	1	184717.19	191451.59
ANTHST0060	4452694	1	184417.91	190332.97
ANTHST0066	48492886	1	184468.52	190417.64
ANTHST0069	7336278	1	184774.49	190405.69
ANTHST0076	33485142	1	184494.3	190451.22
ANTHST0096	33468758	1	184414.35	191238.81
ANTHST0109	38711638	1	184475.39	191242.21
ANTHST0141	454998	1	184578.18	190801.96
ANTHST0147	63172950	1	184400.08	190416.12
ANTHST0180	25952566	1	187415.92	191403.49
ANTHST0183	7078198	1	187547.31	191422.4
ANTHST0184	58589494	1	187482.74	191491.68
ANTHST0197	18743606	1	187633.07	191505.32
ANTHST0203	9175350	1	187442.98	191413.19
ANTHST0226	42729782	1	187449.19	191441.39
ANTHST0235	64880950	1	187580.95	191462
ANTHST0268	16675158	1	184961.45	190540.57
ANTHST0272	57749814	1	189595.92	193249.53
ANTHST0273	4260150	1	187359.88	191390.1
ANTHST0281	7078198	1	187563.51	191443.8
ANTHST0290	786742	1	187477.28	191343.07
ANTHST0296	20840758	1	187420.63	191559.3
ANTHST0307	10354998	1	187616.08	191528.16
ANTHST0319	53215542	1	187599.88	191421.66
ANTHST0329	21758262	1	187453.49	191367.23
ANTHST0346	33567062	1	185110.76	191187.94
ANTHST0348	58786102	1	187397.02	191428.29
ANTHST0353	66978102	1	187406.39	191473.15
ANTHST0366	46924086	1	187477.77	191402.15
ANTHST0369	33423670	1	187413.01	191517.77
ANTHST0377	8257846	1	187504.23	191483.83
ANTHST0387	23855414	1	187571.38	191398.65
ANTHST0389	16646454	1	187439.46	191509.45
ANTHST0396	11272502	1	187565.86	191350.68
ANTHST0399	56492342	1	187586.08	191541.43
ANTHST0407	54395190	1	187447.06	191557.35
ANTHST0410	16646454	1	187458.45	191493.08
ANTHST0428	19661110	1	187621.02	191453.72
ANTHST0435	17563958	1	187523	191343.46
ANTHST0457	55505238	1	184359.97	190575.31
ANTHST0458	20377942	1	184362.28	190736.52
ANTHST0460	9089366	1	184566.42	191081.81
ANTHST0506	33747286	1	184766.86	190432.2
ANTHST0507	28586326	1	184928.84	191242.17
ANTHST0508	10662230	1	184751.96	191255.2
ANTHST0509	20361558	1	184769.66	191023.68
ANTHST0510	13807958	1	184778.6	191415.32
ANTHST0619	52687190	1	184565.93	190400.22
ANTHST0624	15950934	1	185125.47	195237.51
ANTHST0639	36438326	1	187651.36	191431.46
ANTHST0646	52166966	1	187549.25	191277.09
ANTHST0655	53215542	1	187625.07	191395.58
ANTHST0658	15466806	1	187603.56	191363.47
ANTHST0665	24015190	0	185021.99	190616.7
ANTHTS0016	37746646	1	184326.61	208499.33
ANTHTS0069	40216022	1	184228.17	211105.04
ANTHTS0083	44069846	1	179747.14	208008.08
ANTHTS0086	22172630	1	179669.51	207756.79
ANTHTS0090	33706966	1	179530.62	207825.81
ANTHTS0097	4346838	1	179580.04	207731.4
ANTHTS0136	9091030	1	185265.51	209989.67
ANTHTS0138	41531350	1	185404.11	209891.12
ANTHTS0151	1554390	1	185646.72	209884.34
ANTHTS0161	25544438	1	185887.51	209692.07
ANTHTS0163	62175190	1	185266.29	209739.59
ANTHTS0227	57866198	0	184832.34	208986.42
ANTHUL0066	2171990	1	184653.7	194909.14
ANTHUL0121	13706326	1	184685.6	194924.97
ANTHUL0132	62989398	1	184793.03	194934.71
ANTHUL0181	41452630	1	183624.18	194641.41
ANTHUL0183	33629270	1	184751.39	194952.18
ANTHUL0218	22553686	1	183901.82	194602.97
ANTHUL0219	1582166	0	183862.86	194586.05
ANTHUL0223	54428758	1	183784.18	194425.48
ANTHUL0235	14885974	1	184122.75	194324.35
ANTHUL0273	28353622	1	184005.7	195056.43
ANTHUL0276	6366294	1	184675.89	194822.71
ANTHUL0277	50406486	1	184744.57	194971.21
ANTHUL0279	20874326	1	183813.27	194433.88
ANTKAL0004	65766110	1	154233.26	233063.92
ANTKAL0027	26493662	1	154296.86	234725.32
ANTKAL0057	39680734	1	159101.06	227906.91
ANTKAL0093	55458526	1	159169.73	227748.68
ANTKAL0202	63682270	1	159032.77	234745.66
ANTKAL0228	64109278	1	158836.94	227476.12
ANTKAL0232	64895710	1	159004.91	227633.2
ANTKAL0233	59390686	1	158968.09	227716.02
ANTKAL0234	51002078	1	158914.73	227723.56
ANTKAL0235	18709214	1	159038.31	227866.74
ANTKAL0242	34257630	1	158177.13	228133.05
ANTKAL0244	18315998	1	158454.55	228362.09
ANTKAL0245	15284958	1	158441.01	227566.79
ANTKAL0247	34634462	1	158705.75	227915.42
ANTKAL0248	61897438	1	158528.43	227887.94
ANTKAL0249	50887390	1	158672.96	228069.94
ANTKAL0250	48265950	1	158725.07	227992.16
ANTKAL0251	31554270	1	159021.74	228100.53
ANTKAL0252	14777054	1	158996.99	228105.82
ANTKAL0253	52001502	1	158906.4	228266.39
ANTKAL0254	46562014	1	158976.21	228425.2
ANTKAL0255	66484958	1	158839.3	228463.64
ANTKAL0256	63929054	1	158662.2	228356.79
ANTKAL0257	51804894	1	158736.94	228320.4
ANTKAL0258	60259038	1	158453.81	228398.69
ANTKAL0260	23362270	1	158444.66	228139.14
ANTKAL0262	55605982	1	158627.31	227880.81
ANTKAL0266	52853470	1	158904.66	228493.11
ANTKAL0267	41319134	1	158856.38	228547.22
ANTKAL0269	7420638	1	158618.45	227373.17
ANTKAL0285	23675614	1	154216.52	234427.99
ANTKAL0286	14762718	1	154416.05	234308.4
ANTKAL0287	15811294	1	154604.85	234270.91
ANTKAL0288	56181470	1	154347.84	234257.33
ANTKAL0319	1639134	1	153422.83	233215.26
ANTKAL0330	16937694	1	154978.15	232527.18
ANTKAL0344	31351518	1	155327.25	231151.99
ANTKAL0345	51274462	1	155164.73	231369.6
ANTKAL0360	53181150	1	158611.99	228591.87
ANTKAL0381	53654238	1	155134.69	231005.18
ANTKAL0383	57164510	1	154431.38	234699.95
ANTKAL0385	24490718	1	154884.49	231465.85
ANTKAL0399	65764062	1	158692.29	228605.37
ANTKAL0404	5126878	1	159125.94	227801.08
ANTKAL0470	24146654	1	154510.34	232533.3
ANTKAP0006	35842014	1	154084.43	225439.82
ANTKAP0014	18180062	1	153880.31	225792.81
ANTKAP0130	7892958	1	158327.1	225519.53
ANTKAP0185	60338142	1	158388.62	225949.46
ANTKAP0211	31012830	1	156960.76	224500.76
ANTKAP0220	12019678	1	153839.06	226427.68
ANTKAS0008	8898294	1	186069.63	210149.6
ANTKAS0017	22132694	1	185405.42	210207.37
ANTKAS0020	66307830	1	186024.05	210004.21
ANTKAS0030	12957654	1	185758.6	209984.6
ANTKAS0033	2606838	1	186124.6	210374.85
ANTKAS0036	52414198	1	186276.73	210165.71
ANTKAS0040	43366358	1	185716.97	210098.33
ANTKAS0052	50841334	1	186020.02	210232.6
ANTKAS0137	66424822	1	189096.89	216998.62
ANTKAS0145	26972150	1	189219.73	217228.55
ANTKAS0147	8097782	1	189303.85	217167.17
ANTKAS0152	14135286	1	188741.69	215171.07
ANTKAS0201	3248118	1	189112.9	216644.33
ANTKAS0211	12652534	1	188895.91	216730.17
ANTKAS0213	63770614	0	188894.53	216963.01
ANTKAS0264	47529974	1	187774.43	218053.98
ANTKAS0268	7196662	1	188363.37	217595.63
ANTKAS0278	59871222	1	189077.13	216709.65
ANTKAS0295	49857782	1	195835.15	216377.03
ANTKAS0299	30796846	1	193897.94	218607.19
ANTKAS0302	705782	1	195108.46	216417.34
ANTKAS0317	13757486	1	193905.77	219065.83
ANTKAS0321	24669174	1	193672.79	217853.55
ANTKAS0324	32861174	1	193955.82	218493.27
ANTKAS0341	55700526	1	193864.74	219052.34
ANTKAS0349	19262510	1	193971.04	218776.66
ANTKAS0351	39382006	1	193771.23	217499.73
ANTKAS0353	49638390	1	193963.04	218513.22
ANTKAS0377	14992630	1	196044.65	216195.62
ANTKAS0394	47619062	1	191161.11	215397.83
ANTKAS0402	51829750	1	190741.6	214911.82
ANTKAS0403	1498102	1	190770.95	214933.67
ANTKAS0405	40033270	1	190489.54	214960.5
ANTKAS0415	63156214	1	188672.03	215040.36
ANTKAS0420	1470454	1	189096.9	214800.64
ANTKAS0427	27627510	1	189152.44	216829.82
ANTKAS0431	23924726	1	188692.6	216843.17
ANTKAS0442	30730230	1	191085.17	213563.84
ANTKAS0455	33898486	1	187716.11	217924.24
ANTKAS0457	64045046	1	187739.61	217742.33
ANTKAS0462	31395830	0	187922.11	217399.41
ANTKAS0467	19795958	1	187957.87	216969.95
ANTKAS0474	29298678	1	188158.49	217434.54
ANTKAS0501	452054	1	185443.96	211291.05
ANTKAS0514	21097518	1	193837.65	218914.65
ANTKAS0515	15854638	1	193944.4	218878.05
ANTKAS0614	17638870	1	185517.15	211643.92
ANTKAS0616	1685462	1	185565.22	210058.17
ANTKON0008	5700246	1	154276.38	203542.61
ANTKON0018	21428886	1	154245.18	203606.38
ANTLIL0004	8483486	1	180356.46	219630.54
ANTLIL0017	13105622	1	179642.44	214113.1
ANTLIL0032	48017878	1	180886.31	217986.07
ANTLIL0046	11317718	1	180850.52	217960.73
ANTLIL0064	29565398	1	180306.61	215554.91
ANTLIL0073	1421782	1	181341.87	217890.77
ANTLIL0090	41392598	1	179800.94	214074.91
ANTLIL0091	44478934	1	181041.69	218116.78
ANTLIL0092	59846102	1	183437.93	217980.57
ANTLIL0093	24457686	1	180311.81	216900.06
ANTLIL0168	44274134	1	179248.95	214562.5
ANTLIL0236	39170518	1	181312.52	217872.61
ANTLIL0249	36942294	1	181403.96	218144.98
ANTLIL0275	45611478	1	179609.18	214068.95
ANTLIL0287	64795094	1	180917.52	217953.86
ANTLIL0293	42021334	1	180603.39	216913.57
ANTLIL0348	50696662	1	179528.17	215308.29
ANTLIL0360	25506262	1	180381.27	216904.09
ANTLIL0362	7049686	1	179526.4	214985.53
ANTLIL0415	54912046	1	186059.68	219670.31
ANTLIL0512	33878486	1	180596.99	218120.6
ANTLIL0523	66138782	1	180091.14	219570.53
ANTLIL0528	3924438	1	179866.55	215288.44
ANTLIL0543	31240662	1	180916.59	218009.04
ANTLIL0547	4174294	0	181717.07	218115.74
ANTLIL0573	26948254	1	180661.98	218957.7
ANTLIL0577	60551838	1	181107.56	219592.16
ANTLIL0595	48901590	1	183176.48	217582.81
ANTLKD0377	55842614	1	193581.91	194585.08
ANTMAL0018	40446166	1	176135.84	215679.43
ANTMAL0060	65824982	1	177090.18	215592.22
ANTMAL0096	21605534	1	173095.73	222674.24
ANTMAL0108	11675806	1	175429.72	219470.18
ANTMAL0136	2258078	1	174382.29	224000.53
ANTMAL0243	48159902	1	170181.78	220182.21
ANTMAL0275	53376158	1	174550.7	223792.9
ANTMEC0030	20807190	1	155121.29	194789.03
ANTMEC0091	24910614	1	159877.01	189701.51
ANTMEC0106	8395542	1	159857.24	189645.3
ANTMEC0118	47454998	1	160031.76	189692.59
ANTMEC0122	44571414	1	160042.47	189482.55
ANTMEC0128	60562198	1	159852.19	189879.34
ANTMEC0137	37493526	1	159767.06	189783.23
ANTMEC0141	56630038	1	160006.84	189486.57
ANTMEC0142	9181974	1	159920.45	189886.27
ANTMEC0143	56367894	1	159857.37	189818.17
ANTMEC0148	61610774	1	159994.6	189720.06
ANTMEC0160	19667734	1	159922.15	189784.74
ANTMEC0205	31878934	1	160343.65	190232.02
ANTMEC0246	23075606	1	159965.71	189501.28
ANTMEC0247	18881302	1	159942.86	189474.82
ANTMEC0248	2104086	1	159933.07	189508.16
ANTMEC0249	2104086	1	159924.82	189524.25
ANTMEC0250	18881302	1	159921.9	189500.86
ANTMEC0252	13638422	1	159946.04	189623.86
ANTMEC0253	47192854	1	159910.83	189623.78
ANTMEC0254	41949974	1	159884.29	189619.1
ANTMEC0255	47192854	1	159902.57	189604.73
ANTMEC0256	30415638	1	159908.53	189636.85
ANTMEC0257	41949974	1	159858.39	189617.08
ANTMEC0258	13638422	1	159919.38	189601.48
ANTMEC0259	45882134	1	159814.79	189668.3
ANTMEC0260	58465046	1	159843.79	189686.56
ANTMEC0261	7084822	1	159926.19	189686.88
ANTMEC0262	40639254	1	159939.29	189724.4
ANTMEC0263	32250646	1	159950.58	189762.14
ANTMEC0264	32250646	1	159970.44	189759.96
ANTMEC0265	13376278	1	160006.11	189795.94
ANTMEC0266	13376278	1	159998.38	189811.7
ANTMEC0267	38542102	1	159896.16	189827.38
ANTMEC0268	38542102	1	159916.11	189840.7
ANTMEC0269	4987670	1	159928.42	189836.01
ANTMEC0270	59513622	1	159896.18	189855.88
ANTMEC0271	55319318	1	159898.05	189792.25
ANTMEC0273	8002326	1	159744.53	189786.17
ANTMEC0274	64756502	1	159778.37	189798.85
ANTMEC0275	31202070	1	159802.49	189822.37
ANTMEC0276	47979286	1	159820.45	189814.7
ANTMEC0277	31202070	1	159820.31	189844.78
ANTMEC0278	60562198	1	159823.01	189854.74
ANTMEC0279	14424854	1	159782.81	189843.39
ANTMEC0280	35396374	1	159801.13	189885.75
ANTMEC0281	35396374	1	159814.88	189871.35
ANTMEC0282	17510166	1	159885.56	189918.2
ANTMEC0283	27007766	1	159866.31	189913.08
ANTMEC0284	10230550	1	159845.64	189903.6
ANTMEC0285	7609110	1	160041.01	189896.54
ANTMEC0286	6822678	1	160082.15	189484.64
ANTMEC0287	19296022	1	160327.17	190218.5
ANTMEC0288	9121558	1	159876.88	190027.27
ANTMOL0032	8595182	1	205043.67	218829.32
ANTMOL0033	55199862	1	206153.09	217730.05
ANTMOL0036	35123318	1	206195.21	213749.77
ANTMOL0046	16402550	1	206135.12	217631.8
ANTMOL0048	49956982	1	206123.48	217657.39
ANTMOL0049	55199862	1	206137.09	217757.69
ANTMOL0057	28985462	1	206221.1	217590.63
ANTMOL0061	10089590	1	206889.05	218403.64
ANTMOL0065	33179766	1	206136.86	217672.5
ANTMOL0066	59090670	1	205604.95	219012.69
ANTMOL0067	45197038	1	205364.39	218843.06
ANTMOL0068	7244918	1	206530.05	213201.27
ANTMOL0071	58345590	1	206101.27	217609.38
ANTMOL0076	50702062	1	205627.06	219088.66
ANTMOL0080	16402550	1	206137.54	217660.24
ANTMOL0083	12101358	1	205734.11	219138.97
ANTMOL0085	60704886	1	206093.53	217691.65
ANTMOL0088	20997870	1	205148.59	219968.86
ANTMOL0089	1988334	1	204254.7	221293.51
ANTMOL0090	50741998	1	206720.7	222794.21
ANTMOL0093	33191662	1	206187.76	221778.91
ANTMOL0098	7452398	1	205817.29	221287.45
ANTMOL0099	41125614	0	203871.43	220544.56
ANTMOL0101	64087790	1	205398.31	219839.23
ANTMOL0103	28702446	1	204668.02	221192.51
ANTMOL0134	43119734	1	206954.25	218245.8
ANTMOL0135	57971830	1	207558.16	214914.83
ANTMOL0138	9112694	0	208027.99	213161.58
ANTMOL0142	35255414	1	206979.06	218399.14
ANTMOL0143	25662582	1	207637.78	215026.32
ANTMOL0152	35492982	1	207929.53	215155.79
ANTMOL0163	53054582	1	207276.79	213373.5
ANTMOL0465	24126326	1	209377.64	210234.66
ANTMOL0527	49768174	1	204807.62	219622.63
ANTMOL0528	31942382	1	204651.31	219713.13
ANTMOL0539	27534198	1	209005.4	209979.3
ANTMOL0551	38048886	1	207580.93	214868.82
ANTMOL0559	11662454	1	206873.79	218172.06
ANTMOL0560	55571574	1	206736.48	218115.51
ANTMOL0568	61761262	1	204507.05	220454.7
ANTMOL0570	34490486	1	205918.68	217760.12
ANTMOL0571	63866998	1	205687.4	217479.98
ANTMOL0572	23758966	1	205762.37	217297.01
ANTMOL0611	22706678	1	199945.6	207261.58
ANTMOL0653	41502838	1	206348.59	218197.38
ANTMOL0654	8123510	1	206377.29	218195.46
ANTMOL0659	57091822	1	204989.53	218963.73
ANTMOL0713	53847790	1	205783.73	219058.22
ANTMOL0716	21923958	1	205642.41	217451.03
ANTMOL0719	42555510	1	205786.61	216523.06
ANTMOL0720	3598062	1	205458.74	220145.02
ANTMRK0279	12784030	1	181974.23	229670.48
ANTMRK0286	30626206	1	182973.3	230750.64
ANTOLE0015	43595734	1	185540.87	208954.05
ANTOLE0018	19478486	1	185397.21	208982.29
ANTOLE0022	60635094	1	185804.89	209158.16
ANTOLE0038	17119190	1	185380.69	209215.41
ANTOLE0041	44644310	1	185431.26	208864.99
ANTOLE0052	36255702	1	185390.87	208942.58
ANTOTH0001	25178414	1	192152.37	227857.44
ANTOTH0009	5255470	1	192101.97	227830.84
ANTOTH0013	51392814	1	192074.32	227931.14
ANTOTH0014	38809902	1	192122.82	227863.31
ANTOTH0015	762158	1	191826.45	228255.3
ANTOTH0017	55963950	1	193687.23	227561.29
ANTOTH0029	36090158	1	192282.44	227774.76
ANTOTH0034	51642414	1	193988.05	226753.38
ANTOTH0039	62927150	1	192217.46	227846.87
ANTOTH0094	19687982	1	194460.87	224300.61
ANTOTH0138	9296430	1	194182.8	226468.36
ANTOTH0159	62085678	1	194287.27	225490
ANTOTH0170	5364270	1	194318.23	226430.23
ANTOTH0216	10054190	1	194894.83	224572.52
ANTOTH0219	43122734	1	193327.1	226389.12
ANTOTH0243	10345006	1	194200.68	226451.54
ANTOTH0268	18455086	1	195570.7	225452.87
ANTOTH0269	35166766	1	195717.7	225475.27
ANTOTH0270	11573806	1	195691.03	225602.72
ANTOTH0271	301614	1	196004.68	225555.53
ANTOTH0306	2468398	1	195494.09	224212.85
ANTOTH0313	44587566	0	194796.27	225330.67
ANTOTH0321	3653678	1	194025.93	225069.21
ANTOTH0324	10840622	1	194802.1	224574.21
ANTOTH0328	51599918	1	194120.92	225276.79
ANTOTH0396	60877870	1	193957.77	219506.98
ANTOTH0399	38640174	0	195243.74	225574.91
ANTPUU0051	58228969	1	147607.91	196698.39
ANTRAN0277	4532118	1	166629.44	212309.34
ANTRAN0360	47900566	1	167227.34	210977.36
ANTRAV0052	15082286	1	197471.61	234961.51
ANTRAV0122	33126702	1	192207.97	231029.4
ANTRAV0129	5479214	1	195310.71	228124.33
ANTRAV0132	38527790	1	197151.83	233092.91
ANTRAV0135	16527662	1	192510.78	227941.76
ANTRAV0151	53386030	1	195633.29	228216.91
ANTRAV0163	35625774	1	195384.07	227955.51
ANTRAV0169	24349486	1	196825.29	230657.43
ANTRAV0172	27060014	1	198276.19	231289.08
ANTRAV0175	48637742	1	199196.01	232787.45
ANTRAV0188	3447598	1	195275.2	228332.33
ANTRAV0192	55548718	1	195574.65	227951.68
ANTRAV0196	12919598	1	198120.64	234032.8
ANTRAV0209	11153710	1	192750.02	227838.66
ANTRAV0211	28072750	1	195226.14	227659.38
ANTRAV0230	58579758	1	194646.23	228089.93
ANTRAV0273	63709998	1	197942.7	234699.41
ANTRAV0274	25699118	1	198045.2	234796.64
ANTRAV0291	29006638	1	195673.57	228055.63
ANTRAV0292	26188590	1	195484.38	227986.9
ANTRAV0293	51354414	1	195561.3	228002.61
ANTRAV0294	49888046	1	195839.74	229008.98
ANTRAV0296	66276142	1	197195.16	229527.54
ANTRAV0297	53791534	1	196927.7	229758.24
ANTRAV0369	3416878	1	197881.01	234790.63
ANTRAV0377	10152750	1	196642.25	228290.49
ANTRAV0378	50390830	1	198529.41	231149.96
ANTRAV0379	45849390	1	195170.59	227869.26
ANTRAV0381	35664174	0	192263.87	228029.6
ANTRAV0382	29995310	1	192744.47	227624.66
ANTRAV0383	21750574	1	197175.49	233062.8
ANTRAV0386	64801582	1	196917.91	229354.88
ANTRAV0387	50734894	1	199304.81	232885.02
ANTRET0092	12838134	1	196669.25	217631.96
ANTRET0186	46362158	1	201867.25	220494.99
ANTRET0192	53767726	1	201629.83	220509.3
ANTRET0199	49311278	1	201625.2	220230.4
ANTRET0236	45125878	1	196416.96	212728.08
ANTRET0249	6812918	1	196556.13	214625.38
ANTRET0250	15201526	1	196566.15	214647.92
ANTRET0262	4449526	1	196629.4	217610.55
ANTRET0273	55218422	1	196351.35	213373.97
ANTRIJ0005	4781214	1	175153.34	224146.69
ANTRIJ0006	10560670	0	175039.95	224838.94
ANTRIJ0015	10560670	1	175047.97	224856.05
ANTRIJ0021	44115102	1	175013.29	224834.86
ANTRIJ0025	52503710	1	175069.64	224777.33
ANTRIJ0028	27337886	1	175034.85	224827.67
ANTRIJ0039	10560670	1	175026.29	224845.15
ANTRIJ0041	44168350	1	175198.91	224433.26
ANTRIJ0042	10560670	1	175041.01	224842.01
ANTRIJ0049	48309406	1	175054.69	224842.97
ANTRIJ0051	39920798	1	175008.94	224794.27
ANTRIJ0053	34034846	1	175675.03	224575.02
ANTRIJ0054	62989470	1	175041.22	224869.54
ANTRIJ0055	51586206	1	175336.76	225034.44
ANTRIJ0059	44115102	1	175020.03	224857.77
ANTRIJ0072	3994782	1	175540.45	224045.46
ANTRIJ0074	14754974	1	175059.78	224819.73
ANTRIJ0076	21951646	1	174935.18	224218.81
ANTRIJ0079	25949342	1	175073.72	224447.45
ANTRIJ0080	65086622	1	175103.93	224848.31
ANTRIJ0081	62989470	1	175031.89	224876.16
ANTRIJ0107	17536670	1	179543.01	224705.63
ANTRIJ0171	35259294	1	174913.64	228591.72
ANTRIJ0308	25425054	1	174722.76	224409.06
ANTRIJ0643	45786270	1	174364.64	225136.49
ANTSIL0031	8790238	1	164867.41	219562.01
ANTSIL0322	65151198	1	164848.83	219153.57
ANTSTB0002	52395965	1	151303.38	226027.12
ANTTUR0065	27194670	1	189379.88	229110.46
ANTTUR0077	67040558	1	189207.96	229160.63
ANTTUR0082	3667246	1	189499.04	229040.05
ANTTUR0112	43007022	1	190308.61	218865.95
ANTTUR0122	66277366	1	189684.09	218260.08
ANTTUR0127	20958198	1	190179.23	218338.14
ANTTUR0142	2248694	1	189572.82	217618.46
ANTTUR0166	59037742	1	187903.15	225084.91
ANTTUR0207	58252334	1	191833.47	220787.26
ANTTUR0224	31775790	1	191538.04	221035.08
ANTTUR0245	28464174	1	188109.53	220494.68
ANTTUR0274	33923374	1	191586.77	228721.63
ANTTUR0275	40837422	1	190171.4	228148.29
ANTTUR0276	44769582	1	190238.62	228054.03
ANTTUR0296	22107438	1	189577.91	228497.74
ANTTUR0300	42464558	1	189628.08	228935.43
ANTTUR0301	9172270	1	189720.86	228977.87
ANTTUR0304	9883950	1	190005.58	229222.59
ANTTUR0340	41669678	1	188759.78	219154.27
ANTTUR0347	34034734	1	188906.65	220020.72
ANTTUR0355	28824622	1	188507.05	219466.72
ANTVOR0058	1222870	1	177242	215310.32
ANTVOS0039	9946158	1	187823.76	221289.77
ANTWES0062	46842966	1	182506.53	195028.36
ANTWES0133	1086262	1	186807.95	201680.04
ANTWES0416	49000246	1	186986.93	196648.81
ANTWIL0020	15752425	1	151536.49	195110.14
ANTWIL0084	39493609	1	151941.17	193923.14
ANTWIL0124	45785065	1	152067.1	194006.16
ANTWIL0176	3317737	1	151566.06	193854.58
ANTWUU0118	58815966	1	167530.42	229782.17
ANTWUU0140	3724766	1	166401.05	229389.61
ANTWUU0153	59364830	1	165810.88	229679.51
ANTWUU0176	43423198	1	166464.17	229410.18
ANTWUU0178	4625886	1	166431.52	229511.54
ANTWUU0194	32637406	1	162713.25	231389.07
ANTZAN0078	50771670	1	172060.23	208142.78
ANTZAN0122	55121110	1	174310.13	212295.97
ANTZAN0128	29693142	1	174169.05	212113.16
ANTZAN0152	4904662	1	169982.57	207926.27
ANTZAN0171	58332374	1	174082.83	212344.8
ANTZAN0172	7476438	1	173970.72	212110.23
ANTZAN0175	28382422	1	174532.86	212415.3
ANTZAN0176	23999702	1	174410.13	212508.67
ANTZAN0206	51304150	1	169522.41	208212.01
LIMASS2024	63085138	1	238109.25	190588.3
LIMBIL0008	34856498	1	228391.1	178023.36
LIMBIL0055	50026290	1	232533.88	177467.61
LIMBIL0059	57475314	1	235633.84	177499.38
LIMBIL0067	36656946	1	232728.15	177591.87
LIMBIL0092	34297650	1	232619.47	177598.49
LIMBIL0100	16930610	1	232427.2	177399.52
LIMBIL0114	30103346	1	232650.04	177534.83
LIMBIL0154	25319218	1	232423.03	177499.62
LIMBIL0336	2840370	1	232519.91	177545.36
LIMBOC0027	44336658	1	232599.96	211663.12
LIMBOC0033	27559442	1	232633.28	211661.4
LIMBOC0044	61113874	1	232638.48	211621.04
LIMBOC0073	66881042	1	232515.81	211727.77
LIMBOC0078	3966482	1	232576.1	211761.94
LIMBOC0091	56460818	1	232432.22	211758.26
LIMBOC0109	51152402	1	232629.79	211687.89
LIMBOC0115	38635026	1	232270.3	211727.26
LIMBOC0121	45909522	1	232495.06	211742.52
LIMBOC0124	27559442	1	232634.94	211647.73
LIMBOC0145	41715218	1	232574.26	211686.09
LIMBOC0155	58492434	1	232555.76	211701.41
LIMBOC0166	61113874	1	232636.96	211634.65
LIMBOC0176	27559442	1	232631.33	211673.49
LIMBOC0184	63735314	1	232648.37	211755.44
LIMBOC0204	8160786	1	232536.04	211715.74
LIMBOC0287	50005522	1	231137.73	211713.91
LIMBRE0071	50344082	1	240722.79	208581.11
LIMBRE0113	38809746	1	240749.42	208422.23
LIMBRE0115	61055122	1	239793.67	207779.83
LIMBRE0283	20607122	1	240119.79	208651.24
LIMBRE0285	28389522	1	240514.81	208705.79
LIMBRE0286	58011794	1	240465.9	208486.45
LIMBRG0031	8979638	1	203493.71	194110.1
LIMBRG0054	21732278	1	211281.52	196544.04
LIMBRG0182	20746166	1	217539.1	197716.12
LIMBRG0192	55021494	1	217260.57	197374.28
LIMBRG0199	56922038	1	217587.65	197890.89
LIMBRG0209	28282806	1	217258.13	197151.55
LIMBRG0231	16446390	1	218135.49	198208.76
LIMBRG0271	21558966	1	211889.01	193622.94
LIMBRG0272	15267510	1	211924.38	193646.36
LIMBRG0273	48821942	1	211955.08	193673.14
LIMBRG0274	40761014	1	211985.45	193693.38
LIMDPB0057	23681330	1	223908.59	182225.17
LIMDPB0058	32004402	1	224005.04	182416.27
LIMDPB0069	56645938	1	224131.66	182394.9
LIMDPB0100	38820146	1	224061.73	182318.9
LIMDPB0101	58026290	1	225098.39	182007.03
LIMDPB0135	66414898	1	225148.88	182035.32
LIMDPB0157	11954482	1	225299.88	181962.96
LIMDPB0158	57239858	1	225007.34	181814.38
LIMDPB0177	55404850	1	225018.57	182020.87
LIMDPB0249	65345842	1	223386.34	181846.08
LIMDPB0304	66480434	1	225332.03	181887.15
LIMDPB0309	65607986	1	223560.27	181847.45
LIMDPB0311	8984882	1	223635.07	181944.66
LIMDPB0315	1382706	1	223355.08	181762.88
LIMDPB0319	48044338	1	223740.36	182054.73
LIMDST0104	22583890	1	239071.29	190188.65
LIMDST0108	1675858	1	239704.51	190485.84
LIMDST0113	39490130	1	239464.34	190404.79
LIMDST0118	45060690	1	239676.29	190372.12
LIMDST0134	18134354	1	243247.56	189263.77
LIMDST0149	20407890	1	242618.91	189299
LIMDST0150	25736530	1	243550.38	189212.03
LIMDST0178	50866514	1	248383.37	190925.96
LIMDST0194	39347794	1	242842.03	189263.24
LIMDST0215	50041426	1	240101.59	189992.68
LIMGNK0004	38496562	1	225638.22	182435
LIMGNK0009	33057074	1	225058.71	182303.99
LIMGNK0010	15427890	1	225588.84	182345.1
LIMGNK0021	23750962	1	225355.78	182122.61
LIMGNK0022	50211122	1	226235.82	182511.31
LIMGNK0025	1534258	1	225537.03	182260.59
LIMGNK0029	13265202	1	225505.59	182086.91
LIMGNK0033	10119474	1	225498.58	182149.41
LIMGNK0035	33958194	1	225892.9	182438.05
LIMGNK0040	10944818	1	221535.91	183681.05
LIMGNK0041	20382002	1	221588.39	183701.71
LIMGNK0042	62243122	1	222004.09	183718.14
LIMGNK0046	41400626	1	224556.64	184871.14
LIMGNK0048	7717170	1	222078.04	183680.31
LIMGNK0050	17664562	1	226905.57	183619.54
LIMGNK0053	7717170	1	222085.46	183685.77
LIMGNK0055	50260274	1	225856.02	183166.42
LIMGNK0056	40747314	1	221813.08	183683.49
LIMGNK0057	20824370	1	221877.33	183538.45
LIMGNK0058	21412146	1	224155.7	185246.16
LIMGNK0060	28758322	1	221978.38	184154.25
LIMGNK0062	1239346	1	226207.59	182813.26
LIMGNK0064	377138	0	222096.63	183765.53
LIMGNK0066	10991922	1	224746.3	184964.4
LIMGNK0067	28234034	1	222158.21	183785.71
LIMGNK0068	66471634	1	226625.5	187962.69
LIMGNK0070	54378802	1	221888.81	183560.42
LIMGNK0071	59681074	1	225772.77	182970.71
LIMGNK0072	41271602	1	222039.08	183648.64
LIMGNK0079	66316594	1	226536.95	183047.38
LIMGNK0081	36497714	1	226580.43	183318.01
LIMGNK0087	54507826	1	224600.3	185055.56
LIMGNK0089	51099954	1	224373.26	185083.77
LIMGNK0092	58048818	1	222068.18	183677.44
LIMGNK0095	15972658	1	224512.42	184926.18
LIMGNK0096	25542962	1	222094.8	183688.02
LIMGNK0097	61718834	1	221743.33	183739.77
LIMGNK0099	22014258	1	226353.81	182811.48
LIMGNK0103	7518514	1	223861.65	185220.57
LIMGNK0105	50446642	1	222066.88	183503.47
LIMGNK0109	62372146	1	224637.31	184895.64
LIMGNK0114	54372658	1	225276.63	183046.46
LIMGNK0118	13429042	1	226710.47	183490.66
LIMGNK0119	452914	1	225993.28	182750.71
LIMGNK0121	43919666	1	226179.46	182701.78
LIMGNK0124	10479922	1	226479.09	182983.31
LIMGNK0127	14090546	1	221659.48	183561.74
LIMGNK0131	30849330	1	224065.98	185270.59
LIMGNK0134	13613362	1	224526.17	185186.57
LIMGNK0139	42383666	1	224230.66	185189.39
LIMGNK0140	25542962	1	222103.22	183695.88
LIMGNK0142	59418930	1	225459.6	183049.39
LIMGNK0144	50575666	1	224472.78	184810.88
LIMGNK0147	22921522	1	221916.81	183664.62
LIMGNK0152	38284754	1	228976.11	185994.19
LIMGNK0154	32964914	1	221658.41	183719.74
LIMGNK0156	54966578	1	224203.06	185300.92
LIMGNK0157	2025778	1	226052.01	183038.56
LIMGNK0158	56879410	1	226393.97	183016.17
LIMGNK0161	53137714	1	221954.24	183855.77
LIMGNK0167	24756530	1	221906.59	183406.86
LIMGNK0169	42576178	1	225269.72	182917.22
LIMGNK0171	15411506	1	226392.83	182710.78
LIMGNK0173	8644914	1	226443	183139.81
LIMGNK0174	41271602	1	222055.5	183667.37
LIMGNK0175	49473842	1	226215.04	182888.79
LIMGNK0177	13351218	1	224358.31	185144.5
LIMGNK0180	33286450	1	226617.38	183182.61
LIMGNK0182	7006514	1	226256.22	183131.12
LIMGNK0371	55234866	1	221748.65	183850.89
LIMGNK0372	1227058	1	223764.49	185180.65
LIMGNK0373	32110898	1	223672.99	185143.08
LIMGNK0374	12187954	1	223574.24	185087.75
LIMGNK0375	2537778	0	224024.01	185166.22
LIMGNK0376	29538610	1	223968.44	185134.53
LIMGNK0384	64973106	1	225689.27	182585.43
LIMGNK0385	12249394	0	226089.62	183009.13
LIMGNK0396	16644658	1	227197.56	183802.6
LIMGNK0397	6476082	1	221830.63	184046.99
LIMGNK0399	64409906	1	222140.26	184127.57
LIMGNK0411	21074226	1	221678.24	183846.59
LIMGNK0848	11401778	1	227110.56	183921.65
LIMGNK0850	31916338	1	221487.31	183663.25
LIMGNK0854	10305074	1	229843.52	178761.87
LIMGNK0858	14499378	1	229784.29	178764.66
LIMGNK0859	60685874	1	229935.92	178755.71
LIMGNK0861	38900018	1	221502.81	183791.53
LIMGNK0896	4641074	1	222043.42	184241.09
LIMHAS0103	4302566	1	215869.48	180805.8
LIMHAS0281	53307110	1	216066.38	180687.24
LIMHAS0440	10960614	1	216061.77	185368.5
LIMHAS0447	24329958	1	215870.55	185637.77
LIMHAS0453	33751346	1	221584.61	183379.61
LIMHAS0456	42271026	1	221498.97	183259.49
LIMHAS0462	687846	1	215326.01	185348.37
LIMHAS0463	43114214	1	216590.53	183720.84
LIMHAS0466	62471910	1	216089.33	185609.6
LIMHAS0479	22396646	1	215465.51	184685.17
LIMHAS0482	57901362	0	221225.86	182574.58
LIMHAS0490	37175014	1	215981.91	185544.98
LIMHAS0497	16334566	1	216165.41	185688.66
LIMHAS0513	66862822	1	215914.63	185264.55
LIMHAS0514	3882726	1	215719.05	185509.01
LIMHAS0530	66961126	1	215224.55	184681.8
LIMHAS0531	212710	1	215950.45	185573.99
LIMHAS0540	36880102	1	215160.34	184147.81
LIMHAS0541	40582886	1	215650.05	185415.53
LIMHAS0544	3358438	0	215930.96	185573.86
LIMHAS0545	41762534	1	216249.26	185333.4
LIMHAS0546	27754802	1	221490.73	182590.57
LIMHAS0547	10850610	1	221697.62	184131.71
LIMHAS0553	54837554	1	221743.26	182880.28
LIMHAS0558	15253810	1	221982.05	183077.06
LIMHAS0561	12779826	1	221704.27	183323.03
LIMHAS0569	45682406	1	217727.04	184403.71
LIMHAS0570	11079398	1	217784.64	184305.83
LIMHAS0619	22707942	1	215523.01	185340.98
LIMHAS0622	704230	1	215492.84	184086.81
LIMHAS0629	60269286	1	211734.18	185663.17
LIMHAS0669	10419942	1	215732.51	184502.31
LIMHAS0672	10141414	1	215333.15	184232.35
LIMHAS0763	57999666	1	221630.57	183226.34
LIMHAS0764	37945650	1	221624.91	183276.53
LIMHAS0765	63111474	1	221647.94	183263.13
LIMHAS0766	28639538	1	221668.05	183252.4
LIMHAS0767	63111474	1	221665.31	183271.89
LIMHAS0846	27541222	1	215806.5	185067.3
LIMHAS0849	14454502	1	216629.63	185454.62
LIMHAS0854	54460134	1	215648.93	184410.84
LIMHAS0909	16600758	1	216223.27	185848.54
LIMHAS0914	40451814	1	216208.98	185760.55
LIMHDS0068	27300838	1	208922.57	180168.18
LIMHEC0047	41609426	1	221453.15	200578.5
LIMHEC0120	18452242	1	218996.25	207558.27
LIMHEC0128	36242038	1	217628.94	205656.62
LIMHEC0537	32434386	1	221463.86	200628.8
LIMHEC0578	7518418	1	218962.53	198892.68
LIMHHE0001	1823954	1	220026.61	197537.82
LIMHHE0002	47109330	1	220380.81	197965.96
LIMHHE0004	64738514	1	219946.12	197594.01
LIMHHE0005	25810130	1	219704.6	197911.82
LIMHHE0008	17552594	1	219985.27	197384.67
LIMHHE0009	49665234	1	219886.36	197842.63
LIMHHE0112	11222738	1	225722.53	192160.99
LIMHHE0114	18423506	1	223904.41	191923.99
LIMHHE0150	33304274	1	225153.27	191913.94
LIMHHE0154	48692946	1	226609.61	192671.02
LIMHHE0222	12443346	1	223470.56	190449.51
LIMHHE0223	63069906	1	223859.35	190650.01
LIMHHE0228	25026258	1	223408.09	190516.04
LIMHHE0236	5398226	1	223772.88	190557.1
LIMHHE0243	2777810	1	222522.97	189930.27
LIMHHE0244	41803474	1	223404.85	190546.69
LIMHHE0247	39591634	1	224661.77	191590.12
LIMHHE0258	9331410	1	222474.28	189970.6
LIMHHE0285	24763090	1	218898.36	189914.51
LIMHHE0286	1012434	1	219109.46	190380.68
LIMHHE0296	28729042	1	223919.39	190814.59
LIMHHE0297	14048978	1	223873.05	190800.73
LIMHHE0303	9297618	1	223463.09	190647.81
LIMHHE0304	9297618	1	223444.33	190638.89
LIMHHE0305	15392466	1	223000.77	189985.49
LIMHHE0306	43441874	1	222975.25	189971.71
LIMHHE0309	9952978	1	223440.48	190326.94
LIMHHE0310	36167378	1	223486.52	190264.55
LIMHHE0311	47439570	1	223502.63	190243.59
LIMHHE0312	2612946	1	223456.56	190244.41
LIMHHE0313	27778770	1	223444.87	190235.38
LIMHHE0314	8904402	1	223360.79	190409.3
LIMHHE0316	33677010	1	223631.68	190468.53
LIMHHE0317	40099538	1	223572.49	190402.63
LIMHHE0318	51502802	1	223540.28	190506.1
LIMHHE0319	57614034	1	223974.11	190962.49
LIMHHE0322	59793106	1	224357.71	190847.31
LIMHHE0328	28712658	1	224396.63	190952.13
LIMHHE0332	38149842	1	224520.65	190985.62
LIMHHE0333	39722706	1	224633.78	190955.08
LIMHHE0350	58470098	1	225056.88	191846.3
LIMHHE0375	2814902	0	218369.16	198198.92
LIMHHE0380	66068178	0	224384.36	191504.11
LIMHLN0068	66886710	1	201673.74	186243.3
LIMHLN0071	44801078	1	201787	186030.97
LIMHLN0093	57711670	1	201400.72	186273.2
LIMHLN0122	54959158	1	201378.77	186338.65
LIMHLN0136	58498102	1	201727.07	186250.51
LIMHLN0137	45128758	1	201464.46	186248.53
LIMHMA0012	2216554	1	228404.35	220373.03
LIMHMA0144	5244434	1	231266.3	211990.39
LIMHMA0158	43374866	1	226114.84	217825.73
LIMHMA0166	29168234	1	228169.92	219512.15
LIMHMA0213	64483946	1	228550.49	221024.87
LIMHMA0271	15536746	1	228330.25	219446.75
LIMHMA0273	1782290	1	228408.38	216399.4
LIMHSL0036	64628786	1	226470.49	172829.29
LIMHVL0062	36102838	1	212951.88	187954.63
LIMHVL0079	20353718	1	212979.11	187736.53
LIMHVL0081	51372726	1	213056.8	188000.11
LIMHVL0090	65462966	1	212904.87	187886.42
LIMHVL0123	15016630	1	214536.98	188459.06
LIMHVL0124	65842870	1	215811.77	188014.1
LIMHVL0137	41624246	1	214378.22	188255.34
LIMHVL0140	26898102	1	215091.46	188595.11
LIMHVL0142	51998390	1	215018.14	188746.12
LIMHVL0143	28648118	1	214360.85	188544.38
LIMHVL0144	22974134	1	215304.24	187847.13
LIMHVL0192	53644982	1	215138.23	187431.54
LIMHVL0199	16458422	1	214341.55	188284
LIMHVL0239	61444790	1	213159.57	187712.44
LIMHVL0248	33386166	1	214624.21	188790.75
LIMHVL0465	46370486	1	215511.55	187252.13
LIMKIN0001	66334866	1	240761.64	208725.36
LIMKIN0010	64106642	1	240998.8	209010.81
LIMKIN0015	34111890	1	243301.57	208211.75
LIMKIN0018	47861906	1	242549.53	208144.34
LIMKIN0023	12013714	1	243165.7	208143.8
LIMKIN0026	8278162	1	242567.23	208088.12
LIMKIN0231	842210	1	253202.31	205187.54
LIMLNK0018	50222322	1	243164.61	177324.22
LIMLNK0039	47249394	1	238650.76	179701.12
LIMLNK0055	63953906	1	240832.42	179752.87
LIMLNK0076	59832306	1	238714.99	179738.49
LIMLNK0083	37812210	1	238767.32	179809.7
LIMLNK0086	18488306	1	240080.16	180931.02
LIMLNK0089	21034994	1	238738.67	179845.6
LIMLNK0104	60880882	1	238786.54	179711.39
LIMLNK0105	19291122	1	240297.78	180865.74
LIMLNK0116	49068018	1	239116.51	180971.26
LIMLNK0117	30088178	1	239173.16	181013.73
LIMLNK0118	728050	1	239193.95	180984.36
LIMLNK0119	3349490	1	239256.48	180939.71
LIMLNK0167	58776562	1	240345.27	180378.91
LIMLNK0237	3234802	1	240957.31	181348.89
LIMLOM0030	36671862	1	210755.16	212438.48
LIMLOM0154	50126454	1	213031.9	208212.28
LIMLOM0176	54320758	1	213084.57	208107.6
LIMLOM0211	12831350	1	215230.41	210138.08
LIMLOM0233	43345170	1	222542.51	216756.14
LIMLOM0235	21268754	1	222996.36	217350.23
LIMLOM0237	35948818	1	223030.71	217489.99
LIMLOM0239	2918674	1	222967.28	217474.51
LIMLOM0467	63956342	0	214266.92	215863.12
LIMLOM0475	40200566	1	216616.91	216985.64
LIMLOM0478	45932150	1	213080.44	208160.32
LIMLUM0041	42707942	1	205828.98	185379.94
LIMLUM0054	9736166	1	206384.35	185169.43
LIMLUM0103	29708726	1	204363.89	185987.14
LIMLUM0121	27552742	1	205076.67	185449.19
LIMLUM0124	8421814	1	204266.31	185866.49
LIMLUM0143	16077238	1	204536.46	185828.06
LIMLUM0151	60189110	1	207183.74	190016.35
LIMLUM0222	59871206	1	207200.13	185439.43
LIMLUM0233	49902262	1	210645.02	186358.08
LIMLUM0240	31473638	1	209432.91	184859.03
LIMLUM0277	12521446	1	207528.35	185214.44
LIMLUM0300	58290870	1	210584.73	186356.09
LIMLUM0301	65963446	1	209425.31	186013.19
LIMLUM0350	7373238	1	204290.61	186059.3
LIMLUM0401	51728822	1	204377.19	185858.06
LIMMGR0011	54176722	0	230468.28	195439.31
LIMMGR0017	32559058	1	232160.9	194619.5
LIMMGR0035	6426578	1	232946.26	195201.74
LIMMGR0253	4762578	1	230361.18	195207.23
LIMMGR0255	49504210	1	233070.89	194765.84
LIMMGR0261	8924114	1	230041.29	194265.47
LIMMGR0262	58731474	1	230032.8	194440.5
LIMMGR0371	47095762	1	233883.18	195808.19
LIMMSK0007	29026130	1	242737.23	196353.02
LIMMSK0080	13559634	1	243051.73	196377.05
LIMMSK0134	8578898	1	243091.27	196166.74
LIMMSK0151	59607442	1	243288.51	202517.97
LIMMSK0353	44201810	1	242807.39	195699.59
LIMMSK0359	9316434	1	245595.14	201200.19
LIMMSK0360	12462162	1	245653.04	201199.27
LIMMSK0399	66448210	1	238323.7	196000.21
LIMMSK0456	7856546	1	251887.19	199911.03
LIMMSM0026	22619730	1	241823.18	188581.08
LIMMSM0036	61042674	1	241055.17	185366.05
LIMMSM0061	12686322	1	236671.34	184147.02
LIMMSM0167	54423538	1	241095.36	185265.32
LIMMSM0172	45268978	1	240584.96	182458.59
LIMMSM0173	11714546	1	240585.66	182465.58
LIMMSM0197	2715218	1	237157.59	185965.01
LIMMSM0198	11035634	1	237196.08	185801.66
LIMMSM0247	34940498	1	242105.23	188623.58
LIMNEE0011	3901714	1	223299.56	217476.58
LIMNEE0082	47663378	1	223953.81	218476.55
LIMNEE0125	10995986	1	223698.98	218150.76
LIMNEE0133	8489234	1	223056.71	217037.82
LIMNEE0147	3098898	1	223881.96	218098.12
LIMNEE0167	552466	1	228582.85	211485.92
LIMNEE0172	25718290	1	228604.01	211510.59
LIMNEE0176	40847634	1	223766.89	218182.99
LIMNEE0177	49236242	1	223827.81	218181.88
LIMNEE0178	65521938	1	223741.32	218138.46
LIMNEE0179	63588626	1	223799.68	217954.63
LIMNEE0180	46811410	1	223758.23	218013.33
LIMNEE0181	49727762	1	223652.01	217992.16
LIMNEE0182	50776338	1	223630.17	217869.1
LIMNEE0183	41863442	1	223587.4	217788.1
LIMNEE0211	2197778	1	223044.02	216870.57
LIMNEE0213	35686674	1	223154.6	217286.65
LIMOPG0001	28430290	1	232689.04	194348.51
LIMOPG0009	60409298	1	232356.91	193790.83
LIMOPG0020	30442962	1	231829.58	193836.73
LIMOPG0030	32540114	1	231753.91	193839.96
LIMOPG0041	6934482	1	232554.17	194239.81
LIMOPG0129	40928722	1	231705.51	193794.17
LIMOVP0094	7257874	1	218789.13	208568.19
LIMPEE0593	41182226	1	230687.14	203713.37
LIMSTT0069	34121190	1	209812.66	172352.14
LIMTES0026	25473078	1	196070.91	193508.96
LIMTES0079	58022198	1	193512.63	192619.99
LIMTES0125	54751286	1	194333.13	192504.54
LIMTES0127	13791286	1	194991.54	192946.18
LIMTES0166	49508406	1	194453.53	192575.42
LIMTES0212	37351478	1	195996.74	192071.07
LIMTES0245	28512310	0	196409.66	192321.7
LIMTES0480	54464566	0	196498	192196.1
LIMTON0188	2177138	1	228668.05	163549.11
LIMWEL0154	26280166	1	217907.22	170241.13
LIMZNH0003	50515638	1	216215.69	187186.85
LIMZNH0006	11718326	1	216264.64	187246.72
LIMZNH0009	10182326	1	217780.09	186271.39
LIMZNH0010	32218806	1	216906.17	186532.28
LIMZNH0013	7298742	1	217743.93	185942.66
LIMZNH0018	61148902	1	217792.88	184655.55
LIMZNH0020	8953526	1	217463.71	186236.5
LIMZNH0022	39411382	1	217788.39	186670.36
LIMZNH0024	9002678	1	217644.65	186737.24
LIMZNH0026	8572598	1	216322.52	187205.21
LIMZNH0029	60923574	1	216790.29	185918.58
LIMZNH0036	53124790	0	217431.99	186521.59
LIMZNH0038	54894262	1	216953.23	186114.56
LIMZNH0040	10342118	1	218015.79	185362.57
LIMZNH0043	2150070	1	216029.04	187434.25
LIMZNH0046	36921014	1	217963.71	186024.43
LIMZNH0048	46911158	1	216092.71	187483.88
LIMZNH0055	12242662	1	218597.96	185756.53
LIMZNH0056	29544118	1	216253.01	187152.46
LIMZNH0057	4546230	1	217788.74	186521.82
LIMZNH0059	47799990	1	217795.6	186598.66
LIMZNH0061	6332086	1	217278.45	186290.75
LIMZNH0062	6463158	1	217150.38	186605.41
LIMZNH0065	28679862	1	216928.93	186212.72
LIMZNH0066	44654262	1	217673.64	186696.73
LIMZNH0068	48586422	1	217651.95	186384.07
LIMZNH0077	48144054	1	217271.06	186433.43
LIMZNH0079	5594806	1	217719.76	186563.47
LIMZNH0084	29318838	1	217705.32	186003.65
LIMZNH0085	41066166	1	217273.77	186676.57
LIMZNH0087	53255862	1	217525.35	185889.96
LIMZNH0091	39751398	1	217289.68	185809.35
LIMZNH0092	25104102	1	218277.67	184437.84
LIMZNH0095	42901174	1	217235.13	186511.47
LIMZNH0098	1662646	1	217826.31	186615.57
LIMZNH0099	48303846	1	218117.53	184300.94
LIMZNH0102	44785334	1	217737.35	186250.02
LIMZNH0105	20909798	1	218327.98	184476.4
LIMZNH0106	42950326	1	217853.45	185975.17
LIMZNH0109	26959542	1	217765.79	186306.04
LIMZNH0111	32202422	1	217624.15	186228.71
LIMZNH0112	24415974	1	217055.03	185798.23
LIMZNH0115	42127030	1	216284.47	187177
LIMZNH0127	25796278	1	216881.61	185966.93
LIMZNH0132	54464230	1	218369.79	184441.82
LIMZNH0133	17522358	1	217739.37	186105.9
LIMZNH0138	4902630	1	218458.87	185592.33
LIMZNH0139	38821558	1	218311.82	185905
LIMZNH0144	40672950	1	217585.02	185927.54
LIMZNH0146	60726966	1	217343.44	186364.96
LIMZNH0150	3514038	1	216907.22	186333.79
LIMZNH0152	13999798	1	217090.87	186180.17
LIMZNH0158	39345846	1	218370.91	186196.6
LIMZNH0161	46489270	1	217775.17	186589.06
LIMZNH0163	28876470	1	217455.05	186171.28
LIMZNH0169	14393014	1	217067.51	186467.4
LIMZNH0171	40459958	1	217698.71	186615.06
LIMZNH0174	50634422	1	217317.1	185931.92
LIMZNH0176	63135414	1	218066.99	185992.05
LIMZNH0177	46321334	1	216220.31	187129.05
LIMZNH0185	52154038	1	216143.22	187528.74
LIMZNH0187	8036022	1	217473.43	186334.71
LIMZNH0188	37658294	1	217133.31	186411.49
LIMZNH0189	3497654	1	217803.65	186409.91
LIMZNH0199	6229734	1	218166.3	184348.02
LIMZNH0203	58396390	1	218399.29	184519.38
LIMZNH0206	63610550	1	217561.24	186583.68
LIMZNH0209	24731318	1	217758.09	186754.08
LIMZNH0216	55926454	1	217687.57	186549.45
LIMZNH0218	6475446	1	216167.42	187151.91
LIMZNH0220	11771574	1	216674.37	186606.62
LIMZNH0221	24092342	1	217036.58	186602.71
LIMZNH0223	38575798	1	217421	185989.06
LIMZNH0224	22765238	1	217793.49	186226.02
LIMZNH0225	37818086	1	218031.26	184482.6
LIMZNH0226	62693046	1	217575.48	185986.49
LIMZNH0231	56650450	1	221560.82	186303.34
LIMZNH0233	45571766	1	217873.13	186215.09
LIMZNH0238	23633590	0	217543.09	186142.49
LIMZNH0240	10591926	1	216815.41	185947.95
LIMZNH0241	60542646	1	216147.2	187571.99
LIMZNH0245	58760886	1	217171.12	186330.81
LIMZNH0256	29400758	1	217159.38	186251.48
LIMZNH0274	50028214	1	217796.27	186161.55
LIMZNH0276	1662646	1	217810.91	186605.99
LIMZNH0279	18439862	1	217850.74	186623.13
LIMZNH0282	36216502	1	217554.16	186135.17
LIMZNH0284	32022198	1	217606.97	186163.06
LIMZNH0288	53386934	1	217166.19	186509.59
LIMZNH0291	29712054	1	217747.68	186577.81
LIMZNH0292	62824118	1	217191.48	186434.66
LIMZNH0297	60755686	1	218231.27	184398.32
LIMZNH0299	8167094	1	217568.24	186063.76
LIMZNH0303	39624374	1	217416.22	185822.28
LIMZNH0304	19947190	1	218191.91	186067.22
LIMZNH0312	55092946	1	224462.83	188578.25
LIMZNH0315	20473554	1	223238.2	188302.29
LIMZNH0317	56665810	1	224535.73	188564.01
LIMZNH0318	32663250	1	223488.15	188559.78
LIMZNH0333	26371794	1	223349.19	188404.68
LIMZNH0334	35301074	1	223812.3	188457.39
LIMZNH0338	14026450	1	224887.13	188836.77
LIMZNH0347	13149906	1	224474.97	188547.05
LIMZNH0348	40412882	1	224358.61	188533.72
LIMZNH0351	33450706	1	221661.09	186411.27
LIMZNH0354	60073682	1	224476.52	188651.66
LIMZNH0356	32024274	1	224277.6	188590.42
LIMZNH0360	28354258	1	224731.16	188393.43
LIMZNH0363	10135250	1	223840.77	188421.62
LIMZNH0366	20735698	1	222948.46	188100.28
LIMZNH0368	29517522	1	223390.52	188445.21
LIMZNH0372	21432018	1	225521.06	188335.52
LIMZNH0373	32286418	1	224570.75	188638.95
LIMZNH0374	8169170	1	224774.52	188752.18
LIMZNH0385	32380626	1	222744.28	187231.27
LIMZNH0389	13788882	1	223290.83	188391.87
LIMZNH0390	32900818	1	225034.62	188845.58
LIMZNH0392	15716022	1	216459.06	187830.49
LIMZNH0400	14667446	1	216495.57	187778.81
LIMZNH0404	52010678	1	216909.43	185854.95
LIMZNH0405	31039158	1	216945.77	185847.41
LIMZNH0406	16359094	1	217023.08	185857.53
LIMZNH0407	41524918	1	217075.32	185863.68
LIMZNH0408	11837110	1	217146.15	185872.42
LIMZNH0432	5033702	1	218418.66	184884.03
LIMZNH0442	44869330	1	224527.28	188756.23
LIMZNH0443	43296466	1	224497.85	188693.91
LIMZNH0445	40281810	1	224094.08	188503.83
LIMZNH0446	35038930	1	224151.98	188496.91
LIMZNH0447	59598546	1	223265.71	188377.97
LIMZNH0457	34651830	1	218025.8	189396.8
LIMZNH0458	19644086	1	218010.18	189446.54
LIMZNH0466	5754550	1	216553.21	187581.2
LIMZNH0467	63426230	1	216564.14	187391.89
LIMZNH0470	53137078	1	216223.14	187066.09
LIMZNH0477	59481782	0	217002.32	186393.23
LIMZNH0478	5148390	1	217180.41	185817.51
LIMZNH0479	43359926	1	217017.96	186146.91
LIMZNH0492	40328886	1	218120.76	186262.77
LIMZNH0493	49831606	1	218191.42	186190.31
LIMZNH0507	43035346	1	222190.91	186836.93
LIMZNH0508	49785554	1	222415.33	186839.71
LIMZNH0510	57808594	1	223243.65	187268.28
LIMZNH0514	39112422	1	218130.79	185082.98
LIMZNH0515	39112422	1	218129.46	185056.46
LIMZNH0516	10211046	1	218014.61	184973.06
LIMZNH0519	26676966	1	218459.31	184672.73
LIMZNH0532	57122486	1	216697.89	186433.93
LIMZNH0533	62377654	1	216406.07	187376.08
LIMZNH0536	1154742	1	216684.58	185833.34
LIMZNH0537	50515686	1	218195.67	185426.65
LIMZNH0539	37899958	1	216370.09	186516.86
LIMZNH0548	39100086	1	217204.22	186052.89
LIMZNH0554	27348662	1	216354.22	186192.26
LIMZNH0559	28600018	1	223146.92	188085.26
LIMZNH0563	2492114	1	224834.65	188664.15
LIMZNH0569	15163062	1	218027.32	186268.61
LIMZNH0573	24905426	1	225375.09	188858.45
LIMZNH0574	63047378	1	225105.31	188706.65
LIMZUT0080	6033970	1	232127.29	178571.8
OVLALT0109	22822857	1	88160.5	196152.43
OVLALT0332	52772809	1	87811.9	196716.96
OVLALT0344	14303177	1	87707.61	196429.11
OVLBLE0018	28157609	1	122396.85	191640.85
OVLBLE0139	64173961	1	120001.86	189453.69
OVLBLE0248	30865065	1	122435.68	192548.96
OVLBVN0466	18959401	1	138992.47	215096.55
OVLDEI0194	63424201	0	93270.47	187656.18
OVLDND0330	66285225	1	127865.92	192050.93
OVLDND0331	27487913	1	127961.99	191997.31
OVLDNL0064	65345529	1	128489.12	173092.22
OVLDNL0075	52116985	1	128933.89	176699.86
OVLDNL0080	5979641	1	129009.92	176672.71
OVLDSB0154	56884617	1	111669.19	194038.61
OVLDSB0184	14835849	1	112338.63	194128.86
OVLGNT0197	25265609	1	100052.15	195983.79
OVLGNT0436	31774153	1	100563.42	196717.53
OVLGNT0748	56013449	1	106220.57	190467.03
OVLGNT0817	61517001	1	102119.84	192759.23
OVLHME0388	11711913	1	135597.32	194690.35
OVLKRU0240	945449	0	146870.97	205896.37
OVLLOK0050	42135657	1	122553.6	205731.99
OVLLOK0058	10350697	1	122390.93	205889.35
OVLLOK0063	30601321	1	122460.94	205674.4
OVLLOK0182	23609257	1	125069.44	198962.92
OVLLOK0278	15106985	1	123115.95	201096.52
OVLLOK0298	48661417	1	123122.1	201081.49
OVLLOK0348	17481641	1	125329.12	199479.87
OVLLOK0354	20840361	1	125638.72	199337.38
OVLMDG0390	37684417	1	86053.97	205464.52
OVLMOE0016	255241	1	119140.28	205914.75
OVLNAZ0048	1843865	1	92331.56	182736.07
OVLNIN0135	24844281	1	128491.5	172777.88
OVLSGW0033	36960873	1	133593.82	214424.08
OVLSGW0040	36289129	1	133658.95	214441.61
OVLSIN0011	12196969	1	124948.63	207422.08
OVLSIN0269	63364201	1	124817.8	207076.34
OVLSTK0116	42295657	1	126309.8	213384.49
OVLSTK0268	2397801	1	129193.9	214921.35
OVLSTK0294	16029289	1	129221.78	214854.59
OVLSTK0295	55875177	1	129125.87	214844.33
OVLSTK0296	64263785	1	129077.09	214844.33
OVLSTK0297	47486569	1	129041.57	214843.4
OVLSTK0298	15570537	1	129009.11	214799.86
OVLSTK0299	2987625	1	128973.52	214802.12
OVLSTK0300	11834985	1	129292.69	214841.04
OVLSTK0301	62166633	1	129249.31	214867.54
OVLSTK0302	29660777	1	129137.84	214915.76
OVLTEM0088	63738601	1	143424.87	201983.04
OVLTEM0140	41456361	1	143819.82	202028.71
VBRARS0032	18205014	1	183789.66	189570.21
VBRARS0046	4141190	1	179423.65	184861.62
VBRARS0052	52289670	1	179814.59	184646.88
VBRARS0064	14655622	1	179877.07	185091.65
VBRARS0086	40657030	1	181407.19	184741.2
VBRARS0115	9613446	1	179541.95	184528.26
VBRARS0233	56872246	1	187149.81	189268.6
VBRARS0370	40808582	1	179541.68	184777.22
VBRARS0544	1859718	1	181294.02	184605.51
VBRARS0559	23572790	1	188967.33	192029.23
VBRBEG0119	27184470	1	179766.94	189237.59
VBRBEG0159	9887062	1	179323.12	189742.45
VBRBEG0197	10407254	1	179727.02	189245.32
VBRBEG0217	59034966	1	179817.27	189497.85
VBRBEG0666	47471958	1	178394.54	188776.85
VBRBOU0097	60844422	0	185447.33	171250.53
VBRDIE0181	51509302	1	202041.53	191060.76
VBRDIE0220	29101494	1	202478.88	192309.56
VBRDIE0236	30537782	1	202078.8	191041.1
VBRDIE0330	17954870	1	202000.16	191016.53
VBRDIE0443	2896950	0	197179.22	189844.54
VBRHIL0006	25466374	1	154538.79	161642.81
VBRHIL0031	20937222	1	157201.87	161799.17
VBRHOL0008	52825990	1	176468.89	179175.41
VBRHOL0009	21368710	1	176468.96	179360.51
VBRHOL0011	20320134	1	176613.16	179336.47
VBRHOL0012	26611590	1	176631.25	179220.53
VBRHOL0014	50990982	1	176304.19	179336.24
VBRHOL0016	23465862	1	176400.62	179262.72
VBRHOL0022	48631686	1	176518.25	179279.02
VBRHOL0024	28708742	1	176591.48	179380.99
VBRHOL0025	19271558	1	176523.93	179193.54
VBRHOL0027	54906758	1	176695.02	179426.19
VBRHOL0030	6754182	1	176369.53	179161.87
VBRHOL0031	17174406	1	176416.6	179355.15
VBRHOL0032	53444486	1	176967.75	180290.13
VBRHOL0033	5640070	1	176630.02	179293.93
VBRHOL0037	7212934	1	176643.12	179433.56
VBRHOL0038	39456646	1	176370.35	179248.22
VBRHOL0039	53444486	1	176945.69	180305.06
VBRHOL0040	7307142	1	176983.61	180276.15
VBRHOL0041	57544582	1	176593.21	179425.46
VBRHOL0197	66703238	1	176702.24	179257.7
VBRKAM0057	37584070	1	162905.64	179976.01
VBRKAM0120	18234566	0	161359.91	180840.97
VBRKEE0040	62988566	1	167676.78	187820.05
VBRKRB0081	63675590	1	164609.48	178311.05
VBRLKB0006	21180089	1	147454.6	162000.84
VBROHV0050	52826758	1	170155.99	169941.39
VBRPEP0052	42691385	1	134801.06	161291.68
VBRROT0068	23604102	1	176843.17	185016.82
VBRSZI0062	57185590	1	191767.71	188973.33
VBRSZI0197	18180406	1	193773.43	191261.44
VBRSZI0204	17639734	1	192292.99	190144.23
VBRSZI0207	9513270	1	192248.5	190095.27
VBRSZI0213	10708278	1	192710.96	189694.84
VBRSZI0220	52913462	1	192698.17	189574.67
VBRSZI0235	6513974	1	192670.38	189782.47
VBRSZI0241	58942774	1	192719.31	189810.44
VBRSZI0243	27747638	1	192662	189660.29
VBRSZI0244	66544950	1	192653.43	189540.06
VBRSZI0248	44524854	1	192704.96	189655.81
VBRSZI0258	56845622	1	192709.01	189734.52
VBRSZI0273	42165558	1	192721.66	189842.02
VBRSZI0277	2581814	1	192653.76	189578.82
VBRSZI0278	29582646	1	192673.86	189813.62
VBRSZI0283	61302070	1	192700.3	189614.47
VBRSZI0284	39019830	1	192551.66	189723.5
VBRSZI0292	61039926	1	192667.87	189699.98
VBRSZI0297	14902582	1	192720.43	189774.91
VBRSZI0315	10970422	1	192659.86	189622.58
VBRSZI0325	40068406	1	192672.27	189738.96
VBRSZI0333	31484214	1	193313.08	191233.8
VBRSZI0400	63137078	1	192684.62	189848.47
VBRSZI0401	3368246	1	192560.24	189883.41
VBRSZI0433	54321206	1	194118.34	191519.69
VBRSZI0433	54321206	1	194118.34	191519.69
VBRSZI0435	24339766	1	192561.23	189804.33
VBRTRE0216	35384150	1	177442.17	189140.17
VBRTRV0025	22509830	1	161643.78	168275.27
VBRZOU0028	4358630	1	203536.91	169899.48
VBRZOU0046	42107366	1	203638.6	169930.62
WVLBLA0081	57793205	1	65308	224256.18
WVLBLA0206	16964277	1	65105.12	224203.64
WVLBRD0028	65349745	1	53895.11	216297.61
WVLBRD0031	29657201	1	54183.3	216607.18
WVLBRD0035	27338865	1	54259.18	216338
WVLBRD0039	21571697	1	53854.62	216280.15
WVLBRD0077	12388465	1	53286.89	217365.24
WVLBRD0078	67697	1	53448.03	217232.24
WVLBRD0088	862321	1	54169.89	216168.68
WVLBRD0089	17639537	1	54215.62	216170.48
WVLBRN0145	37229633	1	75665.92	200444.66
WVLBRN0148	7869505	1	75699.59	200517.66
WVLBRN0165	13112385	1	75756.23	200548.54
WVLBRN0185	15209537	1	75636.81	200503.54
WVLBRN0192	59249729	1	75734.53	200627.92
WVLBRN0240	19441729	1	74203.41	200627.12
WVLBRN0241	59418689	1	74193.05	200680.51
WVLBRN0392	50849857	1	74799.32	200232.62
WVLBRN0417	45618241	1	75744.29	200520.68
WVLBRN0422	39905345	1	74555.89	200469.27
WVLBRU0368	37739189	1	65727.8	224429.97
WVLBRU0369	65133237	1	65520.75	224370.85
WVLBRU0374	24701621	1	66668.24	224775.02
WVLBRU0791	55073461	1	66357.13	224659.2
WVLBRU0795	63167157	1	66020.63	224532.42
WVLBRU1212	1053121	1	72656.17	210502.55
WVLDAM0070	14665153	1	74079.27	216614.72
WVLDAM0090	18261441	1	73659.06	216271.68
WVLDEH0007	8125877	1	59338.83	220797.8
WVLDEH0011	27690421	1	57566.94	219954.36
WVLDEH0012	14878133	1	58690.86	220381.49
WVLDEH0013	31560705	1	55147.56	218336.07
WVLDEH0018	56477809	1	54096.21	217743.87
WVLDEH0024	30656625	1	54583.19	218010.47
WVLDEH0025	59872257	1	55247.76	218490.04
WVLDEH0029	60920833	1	55100.88	218400.66
WVLDEH0031	62231553	1	54934.49	218284.64
WVLDEH0220	10288565	1	59444.39	221437.93
WVLDEH0221	27065781	1	59426.63	221429.41
WVLDEH0238	31446453	1	58790.16	220723.79
WVLDEH0242	13739445	1	56188.28	218605.33
WVLDEH0339	63636917	1	58641.99	220452.21
WVLDEP0001	48292017	1	24569.25	196531.31
WVLDEP0003	33743025	1	24779.13	196815.79
WVLDEP0007	12968113	1	24705.68	196386.95
WVLDEP0008	11296945	1	25582.11	197043.47
WVLDEP0012	3039409	1	25613.92	196976.96
WVLDEP0014	59633841	1	23936.2	195963.79
WVLDEP0015	37249201	1	25335.27	196790.45
WVLDEP0019	42856625	1	23928.55	195993.89
WVLDEP0028	36886705	1	26731.55	200546.76
WVLDEP0032	57496753	1	22724.53	198933.2
WVLDEP0036	61707441	1	23132.25	198145.15
WVLDEP0037	51713201	1	23339.54	199379.12
WVLDEP0042	4347057	1	22958.67	198406.05
WVLDEP0045	65950897	1	22756.95	198386.11
WVLDEP0047	21845169	1	22723.59	199084.99
WVLDEP0049	43918513	1	24097.78	198283.33
WVLDEP0051	25007281	1	23090.34	198249.65
WVLDEP0053	54792369	1	23003.88	198071.2
WVLDEP0054	36299953	1	26052.92	199386.23
WVLDEP0056	6444209	1	22848.27	198445.75
WVLDEP0057	19027121	1	22798.07	198419.8
WVLDEP0058	29725873	1	23331.74	198203.98
WVLDEP0060	4380849	1	26732.05	200495.96
WVLDEP0061	14832817	1	22869.31	198422.91
WVLDEP0062	47027377	1	23282.99	198292.11
WVLDEP0065	22910129	1	23183.72	198202.54
WVLDEP0067	20812977	1	23164.15	198291.22
WVLDEP0068	50746545	1	22796.76	198315.66
WVLDEP0070	18097329	1	24292.94	199026.49
WVLDEP0073	51205297	1	22781.51	199064.32
WVLDEP0074	2970801	1	22783.96	199000.42
WVLDEP0075	144561	1	25946.55	200461.67
WVLDEP0096	6156465	1	24048.22	195994.42
WVLDEP0097	17813681	1	23891.44	196079.08
WVLDEP0098	48484529	1	23817.24	196231.05
WVLDEP0099	50319537	1	24036.88	196305.57
WVLDEP0101	4609201	1	22684.72	198321.86
WVLDEP0102	42357937	1	22759.32	198296.24
WVLDEP0103	40293553	1	22582.52	199145.63
WVLDEP0106	50156721	1	22550.79	199125.01
WVLDEP0111	35005617	1	24187.74	198570.49
WVLDEP0118	50913457	1	24270.95	196321.63
WVLDEP0119	6209713	1	24276.58	196027.6
WVLDEP0120	5562545	1	24385.72	196110.89
WVLDEP0121	45408433	1	24468.12	196154.08
WVLDEP0130	4761777	1	26266.19	199208.08
WVLDEP0166	46573745	1	27041.08	200027.78
WVLDEP0167	2135217	1	23869.56	198222.23
WVLDIK0136	36543985	1	44602.29	186987.07
WVLDIK0153	65873137	1	42343.41	196953.39
WVLDIK0187	26027249	1	42403.3	196992.29
WVLDIK0219	5818609	1	42520.17	196967.74
WVLDIK0771	30735857	1	44059.08	187768.97
WVLDIK1027	38927857	1	44262.15	187097.01
WVLDIK1044	14207217	1	42556.67	197050.23
WVLHAR0110	3078817	1	75857.02	170420.24
WVLHAR0329	9321121	1	76329.17	170778.61
WVLHOU0087	21046225	1	50913.75	184408
WVLHOU0157	17471985	1	40444.69	186678.41
WVLHOU0561	49619921	1	50972.66	184326.01
WVLIEP0748	49302865	1	46823.63	168655.23
WVLJAB0084	33603329	1	61408.6	205358.06
WVLJAB0116	33222401	1	60753.8	204695.65
WVLJAB0134	62451457	1	60899.64	205107.01
WVLJAB0148	43826945	1	61447.34	205580.2
WVLJAB0157	46546689	1	60950.49	205262.62
WVLJAB0171	59916033	1	61295.6	205238.09
WVLJAB0174	2244353	1	61447.19	205182.66
WVLJAB0190	27410177	1	61401.53	205239.79
WVLJAB0196	65781505	1	61554.56	205303.97
WVLJAB0205	26799873	1	60923.92	205178.24
WVLJAB0206	55885569	1	60977.04	205730.41
WVLKNO0001	63061301	1	77668.1	227255.05
WVLKNO0002	23330101	1	77984.82	228524.03
WVLKNO0003	29056565	1	79490.89	228893.29
WVLKNO0004	35732789	1	77613.47	227623.3
WVLKNO0006	55262517	1	77984.47	227644.91
WVLKNO0008	61353269	1	77097.26	227070.16
WVLKNO0009	37584181	1	78816.11	227956.71
WVLKNO0010	7601461	1	78089.9	228336.72
WVLKNO0011	28671285	1	78657.74	228217.27
WVLKNO0012	46787893	1	77224.66	228126.08
WVLKNO0014	47451701	1	79603.78	228245.1
WVLKNO0015	4767029	1	78371.32	227688.97
WVLKNO0016	19934517	1	77029.87	227037.24
WVLKNO0018	6110517	1	77503.46	227557.01
WVLKNO0019	15547701	1	77505.52	227734.92
WVLKNO0020	29363765	1	79825.66	228215.83
WVLKNO0021	48856373	1	78518.41	228135.85
WVLKNO0022	26934581	1	78217.62	228239.37
WVLKNO0023	49491253	1	76715.43	227177.9
WVLKNO0024	66026805	1	78924.78	227941.18
WVLKNO0025	27524405	1	78093.35	228495.26
WVLKNO0026	54476085	1	78179.78	227345.29
WVLKNO0027	40452149	1	77972.92	226736.99
WVLKNO0028	18939189	1	77685.98	228253.04
WVLKNO0030	56081717	1	79016.23	227656.05
WVLKNO0032	40434997	1	77478.16	228070.2
WVLKNO0033	34815285	1	77963.33	227470.88
WVLKNO0034	59817269	1	78771.38	227735.19
WVLKNO0037	56048949	1	78223.42	227693.14
WVLKNO0039	29949237	1	77457.84	228292.65
WVLKNO0041	46595381	1	77956.87	227822.25
WVLKNO0043	63634741	1	78157.33	228090.12
WVLKNO0044	64224565	1	77911.12	228415.21
WVLKNO0045	45972789	1	78735.26	227943.39
WVLKNO0048	50298165	1	78985.54	227927.49
WVLKNO0049	33078581	1	78539.85	227740.76
WVLKNO0052	64175413	1	77896.27	227530.68
WVLKNO0053	65518901	1	78911.95	227670.2
WVLKNO0054	39943477	1	78528.67	227944.1
WVLKNO0055	60128565	1	78780.42	228291.4
WVLKNO0056	37797173	1	78810.74	227646.92
WVLKNO0058	13233461	1	77259.33	228112.17
WVLKNO0059	40434997	1	77482.39	228091.1
WVLKNO0061	14728501	1	78651.71	227750.57
WVLKNO0065	27983157	1	78254.69	228151.03
WVLKNO0066	4603189	1	77544.09	227221.13
WVLKNO0067	7388469	1	78659.25	227575.7
WVLKNO0126	60037173	1	72083	226252.62
WVLKNO0171	44449845	1	77672.2	226041.57
WVLKNO0177	43208757	1	77064.5	226719.72
WVLKNO0182	62996533	1	78332.28	226467.55
WVLKNO0195	56049717	1	77781.86	226520.46
WVLKNO0197	27738165	1	77610.8	226275.8
WVLKNO0205	14635061	1	76961.61	226440.09
WVLKNO0246	57626677	1	76836.36	226428.38
WVLKNO0257	24068149	1	77396.76	226593.86
WVLKNO0264	46140981	1	79880.84	228242.14
WVLKNO0265	13139253	1	78535.9	228422.05
WVLKNO0268	50543925	1	78012.51	227315.99
WVLKNO0269	52641077	1	77855.42	227326.4
WVLKNO0270	48315701	1	77681.37	227576.9
WVLKNO0271	10566965	1	77708.52	227654.49
WVLKNO0272	30489909	1	77744.83	227756.27
WVLKNO0273	64044341	1	77740.49	227776.12
WVLKNO0274	8191285	1	77656.31	227807.75
WVLKNO0275	24968501	1	77671.05	227846.38
WVLKNO0276	31259957	1	77828.7	227879.93
WVLKNO0277	47004981	1	77416.19	227593.21
WVLKNO0278	47004981	1	77416.85	227613.94
WVLKNO0279	6110517	1	77511.45	227573.24
WVLKNO0280	29179189	1	77374.74	227747.98
WVLKNO0281	54345013	1	77391.14	227747.94
WVLKNO0282	8207669	1	77343.07	227692.6
WVLKNO0283	55393589	1	77326.37	227671.28
WVLKNO0284	15609141	1	77309.1	227726.42
WVLKNO0285	21560629	1	77557.59	228263.61
WVLKNO0288	21884213	1	76920.11	227856.29
WVLKNO0289	34467125	1	76890.36	227877.72
WVLKNO0292	42663221	1	78143.15	228163.29
WVLKNO0307	58518837	1	76802.69	227806.37
WVLKNO0308	8269109	1	77155.47	227703.42
WVLKNO0309	36580661	1	77228.61	227736.16
WVLKNO0310	59571509	1	77631.33	228049.76
WVLKNO0311	40582453	1	77865.43	227663.57
WVLKNO0363	54246709	1	79306.52	227780.47
WVLKNO0364	48463157	1	79322.99	227878.89
WVLKNO0365	228661	1	79255.83	227984.4
WVLKNO0374	36404533	1	78961.15	228151.83
WVLKNO0380	18382133	0	78573.13	228532.66
WVLKOK0001	26390321	1	33337.3	203866.54
WVLKOK0007	62228657	1	28323.74	199972.16
WVLKOK0010	1830705	1	32508.81	203689.1
WVLKOK0013	53165873	1	30743.06	202709.34
WVLKOK0014	60586161	1	29815.56	201737.68
WVLKOK0017	23197873	1	28715.39	200382.57
WVLKOK0019	47312689	1	32496	204165.83
WVLKOK0021	18380977	1	30090.33	201890.79
WVLKOK0028	37550257	1	28476.06	200236.01
WVLKOK0029	60094641	1	28518.55	200638.37
WVLKOK0041	60927793	1	33620.3	203309.53
WVLKOK0042	28978993	1	33538.26	202812.89
WVLKOK0049	11335857	1	28550.09	200300.37
WVLKOK0053	38072113	1	33252.39	203246.75
WVLKOK0063	6057777	1	32976.24	202803.63
WVLKOK0065	31258801	1	28638.74	200303.2
WVLKOK0068	37484721	1	28732.13	201021.7
WVLKOK0075	23197873	1	28706.64	200408.88
WVLKOK0078	64253745	1	33167.81	202917.28
WVLKOK0089	39796529	1	30812.51	202343.64
WVLKOK0098	20773041	1	28446.48	200262.86
WVLKOK0111	40800049	1	32736.99	204303.01
WVLKOK0114	21704497	1	33322.18	202610.39
WVLKOK0116	56490161	1	29002.67	200474.9
WVLKOK0124	43859761	1	30684.03	202286.35
WVLKOK0125	3567409	1	33019.14	202448.3
WVLKOK0129	56012593	1	33527.28	204015.8
WVLKOK0130	8841393	1	27985.52	199818.32
WVLKOK0132	11353905	1	30571.82	202373.55
WVLKOK0133	13899697	1	30777.81	202198.25
WVLKOK0141	48115505	1	33650.75	203004.37
WVLKOK0148	13668145	1	33106.46	204394.46
WVLKOK0150	33697585	1	33578.3	202838.15
WVLKOK0172	41711793	1	29879.21	201788.82
WVLMID0075	35480945	1	42917.08	210667.65
WVLMID0089	16222833	1	38626.69	205275.53
WVLMID0103	6774385	1	39243.92	208154.21
WVLMID0117	34818673	1	38551.04	205336.92
WVLMID0123	33783409	1	39994.45	208680.43
WVLMID0135	15099697	1	38144.12	205491.07
WVLMID0136	23166577	1	39930.46	208579.43
WVLMID0204	18054769	1	39971.24	208757.78
WVLMID0205	64323185	1	39834.56	208677.68
WVLMID0208	64138033	1	37379.5	207064.92
WVLMID0209	51555121	1	37302.18	207050.08
WVLMID0210	42117937	1	37185.97	206964.08
WVLMID0211	58895153	1	37187.16	206993.26
WVLMID0212	37923633	1	37209.79	207015.09
WVLMID0219	52644465	1	38496.83	205480
WVLMID0220	25381489	1	38592.13	205497.1
WVLNWP0001	30312241	1	34799.61	203577.81
WVLNWP0009	26113841	1	34743.93	204464.82
WVLNWP0016	54802225	1	36224.13	205411.57
WVLNWP0023	9336625	1	34727.83	204505.35
WVLNWP0026	13317937	1	35556.78	205966.77
WVLNWP0029	63862577	1	34774.18	204418.72
WVLNWP0032	14055217	1	34782.99	204588.45
WVLNWP0039	48133937	1	34662.77	204488.41
WVLNWP0041	61749041	1	35875.2	205929.71
WVLNWP0043	46561073	1	34683.48	204520.02
WVLNWP0046	56522545	1	34695.32	204436.77
WVLNWP0077	28391217	1	35589.35	205728.09
WVLNWP0094	54429489	0	34632.55	203536.73
WVLOSK0053	21870657	1	71200.04	201524.26
WVLOSK0059	60149121	1	70229.55	197838.38
WVLOSK0186	31730625	1	72267.23	206127.51
WVLOSK0273	61663297	1	74260.18	200465.55
WVLOSK0346	15018945	1	72920.51	205541.17
WVLOSK0350	48970689	1	73525.77	205352.56
WVLOSK0526	16591809	1	73042.09	205621.98
WVLOSK0532	16067521	0	72914.9	205728.02
WVLOSK0614	1428865	1	70198.53	197750.02
WVLOSK0692	41495489	1	73002.63	205489.21
WVLOSK0694	34155457	1	73103.21	205438.12
WVLRUI0009	23740481	1	78286.66	196636.19
WVLWIN0144	29769793	1	78140.77	197073.65
WVLZED0036	59653889	1	61338.99	204852.26
WVLZED0171	1523457	1	61733.95	204446.73
WVLZED0500	63586049	1	61151.85	204845.99
