panel;point_code;polygon_id;grts_ranking_draw;sbz;hoofdtype;habitattype;phab;type_meetpunt;uitvoer_opname;datum_opname_cyclus1;x;y
1;734_1;557132_v2018;734;1;4010;4010;100;bestaand meetpunt;hoofdtype aanwezig;2016-11-18;153661,60;233774,20
1;886_1;475314_v2018;886;0;2330;2330_bu;100;nieuw meetpunt;hoofdtype aanwezig;;209693,60;208174,10
1;2610_1;589782_v2014;2610;0;4030;4030;100;bestaand meetpunt;hoofdtype aanwezig;2014-08-25;228701,59;183310,17
1;3026_1;562308_v2014;3026;1;4030;4030;;bestaand meetpunt;hoofdtype aanwezig;2014-09-09;228637,55;194030,18
1;5046_1;639358_v2020;5046;1;2330;2330_bu;100;nieuw meetpunt;hoofdtype aanwezig;;216093,60;200110,10
1;5330_1;414125_v2020;5330;1;2310;2310;100;bestaand meetpunt;hoofdtype aanwezig;2014-09-16;218781,50;197454,10
1;6182_1;610454_v2014;6182;0;6510;6510_hua;;nieuw meetpunt;hoofdtype aanwezig;;204029,60;159598,10
1;8786_1;559707_v2014;8786;0;4030;4030;100;bestaand meetpunt;hoofdtype aanwezig;2014-09-12;242749,60;192974,10
1;8893_1;447821_v2018;8893;1;2310;2310;100;bestaand meetpunt;hoofdtype aanwezig;2014-09-03;152797,60;232782,10
1;9938_1;447827_v2018;9938;1;4030;4030;100;bestaand meetpunt;hoofdtype aanwezig;2014-09-01;223645,60;189070,10
1;10706_1;587326_v2014;10706;1;2310;2310;100;bestaand meetpunt;hoofdtype aanwezig;2015-06-01;227869,59;193454,11
1;11218_1;561881_v2014;11218;1;4010;4010;100;bestaand meetpunt;hoofdtype aanwezig;2014-09-10;230077,56;194510,10
1;11742_1;585677_v2020;11742;1;4010;4010;100;bestaand meetpunt;hoofdtype aanwezig;2016-10-27;164701,55;228078,08
1;12274_1;357553_v2020;12274;1;4030;4030;100;bestaand meetpunt;hoofdtype aanwezig;2014-08-22;239965,59;185454,11
1;13686_1;510064_v2018;13686;1;4030;4030;;bestaand meetpunt;hoofdtype aanwezig;2015-09-10;214493,59;216974,15
1;15070_1;534705_v2016;15070;1;4010;4010;90;bestaand meetpunt;hoofdtype aanwezig;2015-06-26;159101,54;227182,09
1;18546_2;572544_v2014;18546;1;6510;6510_hu;20;bestaand meetpunt;hoofdtype aanwezig;2014-06-05;229727,01;163889,89
1;20086_1;473105_v2018;20086;0;2310;2310;70;nieuw meetpunt;hoofdtype aanwezig;;212797,59;210222,11
1;20178_1;587082_v2014;20178;1;2310;2310;100;bestaand meetpunt;hoofdtype aanwezig;2014-09-08;223997,62;193678,13
1;20406_1;421372_v2020;20406;1;4030;4030;100;bestaand meetpunt;hoofdtype aanwezig;2014-09-16;218621,68;196750,10
1;21430_1;594503_v2020;21430;1;4030;4030;100;bestaand meetpunt;hoofdtype aanwezig;2014-09-09;216413,53;198957,99
1;21714_1;380704_v2020;21714;1;2330;2330_bu;85;bestaand meetpunt;hoofdtype aanwezig;2014-09-19;219997,65;196526,18
1;23538_1;342371_v2020;23538;1;4010;4010;30;bestaand meetpunt;hoofdtype aanwezig;2014-08-25;240637,72;181550,16
1;23762_1;317096_v2016;23762;1;2310;2310;100;bestaand meetpunt;hoofdtype aanwezig;2014-09-11;226109,62;194286,12
1;25974_1;402611_v2018;25974;1;2330;2330_bu;100;nieuw meetpunt;hoofdtype aanwezig;;213757,59;215182,11
1;26322_1;601212_v2018;26322;1;4030;4030;100;bestaand meetpunt;hoofdtype aanwezig;2014-09-02;222973,64;188302,12
1;27090_1;409960_v2014;27090;1;2310;2310;100;bestaand meetpunt;hoofdtype aanwezig;2015-06-01;227805,55;192878,06
1;27602_1;587432_v2014;27602;1;4030;4030;;bestaand meetpunt;hoofdtype aanwezig;2014-09-09;229373,56;194638,10
1;28126_1;625244_v2020;28126;1;4010;4010;100;bestaand meetpunt;hoofdtype aanwezig;2016-10-11;164541,58;227566,07
1;28370_1;472898_v2018;28370;1;2310;2310;100;bestaand meetpunt;hoofdtype aanwezig;2014-08-28;224925,62;189998,19
1;28658_1;417402_v2020;28658;1;4030;4030;100;bestaand meetpunt;hoofdtype aanwezig;2014-08-21;240317,63;185614,12
1;29406_1;436632_v2018;29406;1;2330;2330_bu;80;bestaand meetpunt;hoofdtype aanwezig;2014-08-21;154397,52;232526,16
1;29622_1;639303_v2020;29622;1;2310;2310;;bestaand meetpunt;hoofdtype aanwezig;2014-09-08;217117,53;199886,05
1;29654_1;480664_v2018;29654;1;4030;4030;100;nieuw meetpunt;hoofdtype aanwezig;;179869,59;207918,11
1;30290_1;423587_v2020;30290;0;4030;4030;100;nieuw meetpunt;hoofdtype aanwezig;;240541,59;187054,11
1;32466_1;559617_v2014;32466;1;2310;2310;90;bestaand meetpunt;hoofdtype aanwezig;2014-09-11;224797,61;193358,16
1;33718_2;639365_v2020;33718;1;2330;2330_bu;40;bestaand meetpunt;hoofdtype aanwezig;2014-09-02;215229,80;201039,35
1;33985_1;431950_v2018;33985;1;4010;4010;80;nieuw meetpunt;hoofdtype aanwezig;;86717,59;205166,11
1;34514_1;447917_v2018;34514;1;2310;2310;100;bestaand meetpunt;hoofdtype aanwezig;2014-08-28;225277,54;189806,12
1;35090_1;472781_v2018;35090;1;4010;4010;30;bestaand meetpunt;hoofdtype aanwezig;2015-09-24;223037,73;217262,16
1;35794_1;587162_v2014;35794;1;2310;2310;50;bestaand meetpunt;hoofdtype aanwezig;2014-09-11;228317,55;195246,13
1;37330_1;511456_v2018;37330;1;4030;4030;;bestaand meetpunt;hoofdtype aanwezig;2014-08-28;231869,55;189646,08
1;38098_1;414172_v2020;38098;1;2310;2310;;bestaand meetpunt;hoofdtype aanwezig;2014-09-17;218973,53;196686,11
1;38545_2;173695_v2020;38545;0;6510;6510_hua;70;bestaand meetpunt;hoofdtype aanwezig;2014-05-30;37918,27;183977,96
1;38610_1;306108_v2016;38610;1;4030;4030;40;nieuw meetpunt;hoofdtype aanwezig;;224573,59;186798,11
1;40054_1;532312_v2018;40054;1;4010;4010;;bestaand meetpunt;hoofdtype aanwezig;2016-11-28;206557,55;212078,07
1;40146_1;565647_v2014;40146;1;4030;4030;;bestaand meetpunt;hoofdtype aanwezig;2014-09-08;224797,57;195022,14
1;41682_1;559859_v2014;41682;0;4010;4010;100;nieuw meetpunt;hoofdtype aanwezig;;221501,60;190126,10
1;41814_2;614562_v2014;41814;0;6510;6510_hu;100;bestaand meetpunt;hoofdtype aanwezig;2014-06-11;176797,80;191919,60
1;42934_1;414785_v2020;42934;1;4030;4030;100;bestaand meetpunt;hoofdtype aanwezig;2014-09-10;213949,70;198350,20
1;43230_1;560894_v2018;43230;1;4010;4010;100;bestaand meetpunt;hoofdtype aanwezig;2016-11-21;163933,50;226286,10
1;43566_1;474996_v2018;43566;1;4030;4030;;bestaand meetpunt;hoofdtype aanwezig;2015-06-25;195709,50;224462,20
1;43858_1;305226_v2016;43858;1;2330;2330_bu;80;bestaand meetpunt;hoofdtype aanwezig;2014-08-28;237149,60;195662,20
1;44626_1;423933_v2020;44626;1;4030;4030;100;bestaand meetpunt;hoofdtype aanwezig;2014-08-22;238205,60;186638,10
1;45430_1;533349_v2020;45430;0;2330;2330_bu;100;nieuw meetpunt;hoofdtype aanwezig;;212157,60;213838,10
1;45790_1;541897_v2016;45790;1;2310;2310;100;bestaand meetpunt;hoofdtype aanwezig;2014-08-22;154429,70;231822,20
1;46006_1;639290_v2020;46006;1;4030;4030;100;bestaand meetpunt;hoofdtype aanwezig;2014-09-09;217789,60;200110,20
1;47446_2;412794_v2020;47446;1;6510;6510_hu;100;bestaand meetpunt;hoofdtype aanwezig;2014-06-13;184126,00;189199,90
1;49782_1;638552_v2020;49782;1;4030;4030;30;nieuw meetpunt;hoofdtype aanwezig;;216861,60;205070,10
1;50102_1;639351_v2020;50102;1;4030;4030;90;bestaand meetpunt;hoofdtype aanwezig;2014-09-02;215933,70;201294,80
1;54482_1;421317_v2020;54482;1;4030;4030;;bestaand meetpunt;hoofdtype aanwezig;2014-09-22;220445,60;197134,10
1;54994_1;326383_v2016;54994;1;4030;4030;50;bestaand meetpunt;hoofdtype aanwezig;2014-08-29;223869,60;187022,10
1;55058_1;534483_v2016;55058;0;2330;2330_bu;100;bestaand meetpunt;hoofdtype aanwezig;2014-09-11;218973,60;202734,10
1;55518_1;595830_v2020;55518;1;2330;2330_dw;100;nieuw meetpunt;hoofdtype aanwezig;;162205,60;225326,10
1;57398_1;491960_v2018;57398;1;4030;4030;100;nieuw meetpunt;hoofdtype aanwezig;;194173,60;191950,10
1;59858_1;587386_v2014;59858;1;2310;2310;100;bestaand meetpunt;hoofdtype aanwezig;2015-06-01;227805,60;193870,00
1;60894_1;528589_v2018;60894;1;4010;4010;;bestaand meetpunt;hoofdtype aanwezig;2016-11-21;163581,60;226862,10
1;61814_1;473243_v2018;61814;0;2330;2330_bu;60;nieuw meetpunt;hoofdtype aanwezig;;211293,60;214062,10
1;62174_1;474532_v2018;62174;1;2310;2310;100;bestaand meetpunt;hoofdtype aanwezig;2014-09-03;154109,70;231981,90
1;63270_2;469639_v2018;63270;0;6510;6510_hu;100;bestaand meetpunt;hoofdtype aanwezig;2014-06-06;208031,00;165073,00
1;65234_1;588936_v2014;65234;1;4010;4010;20;bestaand meetpunt;hoofdtype aanwezig;2014-09-02;225949,50;192110,10
1;65522_1;357266_v2020;65522;1;4010;4010;100;bestaand meetpunt;hoofdtype aanwezig;2014-08-20;239645,60;181774,10
1;66006_1;581131_v2018;66006;1;2310;2310;90;bestaand meetpunt;hoofdtype aanwezig;2014-09-26;177725,60;217902,10
1;72690_1;425028_v2020;72690;1;4030;4030;;bestaand meetpunt;hoofdtype aanwezig;2014-08-20;239325,50;181326,10
1;75474_1;328207_v2016;75474;1;4030;4030;20;bestaand meetpunt;hoofdtype aanwezig;2014-09-01;223197,60;189358,10
1;76242_1;561888_v2014;76242;1;4010;4010;100;bestaand meetpunt;hoofdtype aanwezig;2014-09-09;228541,60;193998,20
1;76406_1;641752_v2020;76406;0;2310;2310;100;nieuw meetpunt;hoofdtype aanwezig;;214941,60;207342,10
1;76754_1;587103_v2014;76754;1;2310;2310;100;bestaand meetpunt;hoofdtype aanwezig;2014-09-10;230269,60;194702,10
1;77394_1;419524_v2020;77394;1;4030;4030;100;bestaand meetpunt;hoofdtype aanwezig;2014-08-22;237949,60;187182,10
1;79986_2;609379_v2014;79986;1;6510;6510_hu;30;bestaand meetpunt;hoofdtype aanwezig;2014-06-03;228639,10;163377,60
1;84946_1;558898_v2014;84946;1;2310;2310;100;bestaand meetpunt;hoofdtype aanwezig;2015-06-01;227773,60;194158,10
1;90846_1;447528_v2018;90846;1;2310;2310;90;bestaand meetpunt;hoofdtype aanwezig;2014-08-19;155389,80;231534,90
1;91510_1;510043_v2018;91510;1;2330;2330_bu;100;bestaand meetpunt;hoofdtype aanwezig;2015-09-09;214045,60;215502,20
1;93138_1;587406_v2014;93138;1;2310;2310;100;bestaand meetpunt;hoofdtype aanwezig;2014-09-09;228893,60;194478,10
1;94942_1;544689_v2016;94942;1;4010;4010;100;bestaand meetpunt;hoofdtype aanwezig;2014-08-21;154685,50;231918,20
1;95158_1;639312_v2020;95158;1;2310;2310;100;bestaand meetpunt;hoofdtype aanwezig;2014-09-09;216893,50;199470,10
1;96978_1;326617_v2016;96978;1;2310;2310;;bestaand meetpunt;hoofdtype aanwezig;2014-09-01;222365,60;188686,10
1;98002_1;587194_v2014;98002;1;2310;2310;100;bestaand meetpunt;hoofdtype aanwezig;2014-09-11;225245,60;193934,10
1;99521_2;503378_v2018;99521;1;6510;6510_hu;;bestaand meetpunt;hoofdtype aanwezig;2014-06-03;87069,41;204268,00
1;100050_1;386318_v2020;100050;1;4010;4010;;bestaand meetpunt;hoofdtype aanwezig;2014-09-01;224989,65;188910,05
1;100297_2;601302_v2014;100297;0;6510;6510_hu;70;bestaand meetpunt;hoofdtype aanwezig;2016-06-07;93983,57;194600,56
1;102098_1;587820_v2014;102098;1;2310;2310;100;bestaand meetpunt;hoofdtype aanwezig;2014-09-11;224477,59;192718,12
1;105458_1;380385_v2020;105458;1;4010;4010;90;nieuw meetpunt;hoofdtype aanwezig;;239613,59;180142,11
1;105682_1;587257_v2014;105682;1;2310;2310;100;bestaand meetpunt;hoofdtype aanwezig;2014-09-08;225437,59;194286,10
1;111326_1;436394_v2018;111326;1;4010;4010;100;bestaand meetpunt;hoofdtype aanwezig;2014-08-19;155069,52;231854,00
1;115422_1;467260_v2018;115422;1;2310;2310;100;bestaand meetpunt;hoofdtype aanwezig;2015-06-23;153533,63;234190,13
1;117202_1;560922_v2014;117202;1;2310;2310;100;bestaand meetpunt;hoofdtype aanwezig;2014-09-10;229949,58;193582,05
1;118441_1;183603_v2020;118441;0;6510;6510_hu;100;bestaand meetpunt;hoofdtype aanwezig;2016-06-13;127069,61;191566,00
1;120018_1;380693_v2020;120018;1;4010;4010;100;bestaand meetpunt;hoofdtype aanwezig;2014-09-15;220061,61;198030,04
1;120110_1;560954_v2018;120110;1;4010;4010;70;bestaand meetpunt;hoofdtype aanwezig;2014-09-24;188861,59;227758,16
1;120478_1;609978_v2018;120478;0;2310;2310;90;nieuw meetpunt;hoofdtype aanwezig;;179677,59;223342,11
1;122578_1;;122578;1;4010;4010;;bestaand meetpunt;hoofdtype aanwezig;2014-08-29;223677,58;190446,10
1;124278_1;510055_v2018;124278;1;2310;2310;;bestaand meetpunt;hoofdtype aanwezig;2014-09-23;214109,65;216238,18
1;125394_1;409876_v2014;125394;1;2310;2310;40;bestaand meetpunt;hoofdtype aanwezig;2015-06-01;226973,63;193230,04
1;127218_2;597627_v2014;127218;1;6510;6510_hu;30;bestaand meetpunt;hoofdtype aanwezig;2014-05-19;236382,53;174962,00
1;128657_1;013649_v2020;128657;0;6510;6510_hua;60;nieuw meetpunt;hoofdtype aanwezig;;36413,59;182958,11
1;128722_1;591763_v2014;128722;0;4030;4030;100;nieuw meetpunt;hoofdtype aanwezig;;226685,59;186318,11
1;129234_1;380693_v2020;129234;1;4010;4010;100;bestaand meetpunt;hoofdtype aanwezig;2014-09-11;220349,68;198254,10
1;131958_1;393429_v2018;131958;1;2330;2330_bu;100;nieuw meetpunt;hoofdtype aanwezig;;210045,60;208110,10
1;134098_1;587212_v2014;134098;1;2310;2310;100;bestaand meetpunt;hoofdtype aanwezig;2014-09-09;228733,61;194830,12
1;136402_1;421365_v2020;136402;1;4030;4030;;bestaand meetpunt;hoofdtype aanwezig;2014-09-16;219389,57;197646,08
1;136466_3;632713_v2020;136466;1;6510;6510_hus;;bestaand meetpunt;hoofdtype aanwezig;2016-06-15;219036,98;217393,33
1;143382_1;;143382;0;6510;6510_hu;;bestaand meetpunt;hoofdtype aanwezig;2016-05-30;167965,69;201678,02
1;144094_1;467179_v2018;144094;1;2310;2310;50;bestaand meetpunt;hoofdtype aanwezig;2014-09-03;153181,84;231726,67
1;147062_1;473118_v2018;147062;0;2330;2330_bu;30;nieuw meetpunt;hoofdtype aanwezig;;212125,59;209582,11
1;151250_1;410172_v2014;151250;1;2310;2310;100;bestaand meetpunt;hoofdtype aanwezig;2014-09-08;224445,54;193870,16
1;151318_1;439942_v2018;151318;0;6510;6510_hu;80;bestaand meetpunt;hoofdtype aanwezig;2018-06-11;159069,56;190222,05
1;152534_1;593206_v2016;152534;1;4010;4010;100;nieuw meetpunt;hoofdtype aanwezig;;179485,59;207822,11
1;152786_1;380704_v2020;152786;1;2310;2310;10;bestaand meetpunt;hoofdtype aanwezig;2014-09-19;220221,60;196526,11
1;160926_1;634318_v2020;160926;1;4010;4010;80;nieuw meetpunt;hoofdtype aanwezig;;174589,60;224078,10
1;162790_2;;162790;1;6510;6510_hu;;bestaand meetpunt;hoofdtype aanwezig;2014-05-23;205438,20;183632,77
1;170834_1;304118_v2016;170834;0;2330;2330_bu;75;bestaand meetpunt;hoofdtype aanwezig;2017-07-07;236541,56;195982,16
1;174302_1;560894_v2018;174302;1;4010;4010;100;nieuw meetpunt;hoofdtype aanwezig;;163645,60;225870,10
1;175582_1;561899_v2014;175582;1;4010;4010;100;nieuw meetpunt;hoofdtype aanwezig;;164157,60;227950,10
1;177078_1;639293_v2020;177078;1;2330;2330_bu;90;bestaand meetpunt;hoofdtype aanwezig;2014-09-10;218205,70;199470,12
1;194294_1;629145_v2020;194294;1;2330;2330_bu;100;nieuw meetpunt;hoofdtype aanwezig;;189789,59;208270,11
1;206134_2;450469_v2018;206134;1;6510;6510_hu;60;bestaand meetpunt;hoofdtype aanwezig;2014-06-12;192126,00;188880,31
1;213942_1;639363_v2020;213942;1;2330;2330_bu;100;bestaand meetpunt;hoofdtype aanwezig;2014-09-05;215965,66;200270,19
1;218322_1;380699_v2020;218322;1;4030;4030;;bestaand meetpunt;hoofdtype aanwezig;2014-09-19;220221,61;196846,13
1;220786_2;440104_v2018;220786;1;6510;6510_huk;75;bestaand meetpunt;hoofdtype aanwezig;2016-06-17;219161,62;166852,79
1;222418_1;508647_v2018;222418;1;2330;2330_dw;20;nieuw meetpunt;hoofdtype aanwezig;;221757,59;197870,11
1;225910_1;638865_v2020;225910;1;2330;2330_bu;100;bestaand meetpunt;hoofdtype aanwezig;2014-09-23;218237,62;204046,13
1;226230_1;639303_v2020;226230;1;2330;2330_bu;;bestaand meetpunt;hoofdtype aanwezig;2014-09-08;216829,55;199726,20
1;229362_1;380437_v2020;229362;1;2330;2330_dw;100;nieuw meetpunt;hoofdtype aanwezig;;239997,60;182926,10
1;231702_1;361019_v2020;231702;1;6510;6510_hus;100;bestaand meetpunt;hoofdtype aanwezig;2014-05-27;164414,03;187247,08
1;236370_1;431303_v2018;236370;1;2330;2330_bu;80;bestaand meetpunt;hoofdtype aanwezig;2014-08-27;236637,59;195854,11
1;238578_1;419716_v2020;238578;1;2330;2330_dw;70;nieuw meetpunt;hoofdtype aanwezig;;238525,59;183950,11
1;239901_1;370440_v2018;239901;0;6510;6510_hu;70;nieuw meetpunt;hoofdtype aanwezig;;102781,60;218926,10
1;242262_1;614386_v2014;242262;0;6510;6510_hu;100;nieuw meetpunt;hoofdtype aanwezig;;171517,60;195182,10
1;243846_2;415979_v2020;243846;1;6510;6510_hu;40;bestaand meetpunt;hoofdtype aanwezig;2014-05-22;185566,26;180847,98
1;255350_1;600141_v2018;255350;1;2330;2330_bu;100;nieuw meetpunt;hoofdtype aanwezig;;214429,60;215534,10
1;258390_2;412941_v2020;258390;1;6510;6510_hu;100;bestaand meetpunt;hoofdtype aanwezig;2015-11-13;184349,96;190319,96
1;272630_1;600727_v2018;272630;0;2310;2310;90;nieuw meetpunt;hoofdtype aanwezig;;199901,59;213358,11
1;274002_1;419616_v2020;274002;1;2330;2330_dw;100;nieuw meetpunt;hoofdtype aanwezig;;237501,59;187214,11
1;276438_1;560322_v2020;276438;0;2330;2330;50;nieuw meetpunt;hoofdtype aanwezig;;185597,59;208590,11
1;280854_1;422744_v2020;280854;1;6510;6510_hus;100;nieuw meetpunt;hoofdtype aanwezig;;164317,59;187438,11
1;281177_1;554851_v2018;281177;0;6510;6510_hu;50;nieuw meetpunt;hoofdtype aanwezig;;111229,59;178670,11
1;282802_2;370040_v2018;282802;0;6510;6510_hu;70;nieuw meetpunt;hoofdtype aanwezig;;241213,59;168302,11
1;283094_1;582917_v2020;283094;0;6510;6510_hu;100;nieuw meetpunt;hoofdtype aanwezig;;179709,59;215790,11
1;286294_1;614710_v2014;286294;0;6510;6510_hu;100;nieuw meetpunt;hoofdtype aanwezig;;173277,60;200558,10
1;295862_1;639365_v2020;295862;1;2330;2330_bu;40;bestaand meetpunt;hoofdtype aanwezig;2014-09-03;215133,64;200878,12
1;297201_1;109635_v2014;297201;0;6510;6510_hu;100;nieuw meetpunt;hoofdtype aanwezig;;43229,60;198062,10
1;299310_1;559349_v2018;299310;1;2330;2330_dw;70;nieuw meetpunt;hoofdtype aanwezig;;190941,59;229902,11
1;301846_1;424673_v2018;301846;0;6510;6510_hu;70;nieuw meetpunt;hoofdtype aanwezig;;160797,60;188974,10
1;303721_1;495698_v2020;303721;0;6510;6510_hu;70;nieuw meetpunt;hoofdtype aanwezig;;132765,60;215246,10
1;303942_1;106329_v2014;303942;0;6510;6510_hu;70;nieuw meetpunt;hoofdtype aanwezig;;183837,60;164654,10
1;304338_1;414113_v2020;304338;1;2310;2310;;bestaand meetpunt;hoofdtype aanwezig;2014-09-22;220733,56;196910,03
1;306130_1;590536_v2014;306130;1;2310;2310;80;bestaand meetpunt;hoofdtype aanwezig;2014-09-10;229981,57;195534,14
1;308098_2;569449_v2014;308098;1;6510;6510_huk;100;bestaand meetpunt;hoofdtype aanwezig;2014-05-22;254527,19;159602,62
1;321169_1;163482_v2020;321169;0;6510;6510_hua;100;nieuw meetpunt;hoofdtype aanwezig;;35997,59;183886,11
1;327153_2;682094_v2014;327153;0;6510;6510_hua;100;bestaand meetpunt;hoofdtype aanwezig;2016-06-15;44156,00;187657,35
1;333385_2;511304_v2020;333385;1;6510;6510_hu;;bestaand meetpunt;hoofdtype aanwezig;2014-06-10;87933,36;204588,07
1;361398_1;639416_v2020;361398;1;2330;2330_bu;70;bestaand meetpunt;hoofdtype aanwezig;2014-09-02;215005,53;201038,10
1;366225_2;145550_v2020;366225;0;6510;6510_hua;70;bestaand meetpunt;hoofdtype aanwezig;2014-05-30;37677,55;183736,45
1;370386_1;471378_v2018;370386;1;2330;2330_dw;60;nieuw meetpunt;hoofdtype aanwezig;;224541,59;188142,11
1;373470_1;448317_v2018;373470;1;2330;2330_bu;100;nieuw meetpunt;hoofdtype aanwezig;;154717,59;231406,11
1;386258_1;486093_v2018;386258;1;2330;2330_dw;50;nieuw meetpunt;hoofdtype aanwezig;;221277,59;197518,11
1;386422_1;510051_v2018;386422;1;2330;2330_bu;60;bestaand meetpunt;hoofdtype aanwezig;2014-09-23;214333,62;216334,14
1;386674_2;673489_v2014;386674;1;6510;6510_hu;20;bestaand meetpunt;hoofdtype aanwezig;2014-06-02;224638,49;165554,39
1;398529_3;508631_v2020;398529;1;6510;6510_hu;;bestaand meetpunt;hoofdtype aanwezig;2014-06-02;86365,38;203531,97
1;409654_2;;409654;1;6510;6510_hu;;bestaand meetpunt;hoofdtype aanwezig;2014-05-27;197054,03;190128,57
1;431314_1;380704_v2020;431314;1;2330;2330_bu;85;bestaand meetpunt;hoofdtype aanwezig;2014-09-17;219549,50;196174,10
1;445266_1;305184_v2016;445266;1;2330;2330_bu;80;bestaand meetpunt;hoofdtype aanwezig;2014-08-27;236797,60;196078,10
1;452066_2;586887_v2020;452066;1;6510;6510_hu;80;bestaand meetpunt;hoofdtype aanwezig;2014-06-11;251645,30;206418,70
1;458194_1;546893_v2018;458194;0;2330;2330_dw;;bestaand meetpunt;subtype aanwezig;2017-07-06;230909,60;189646,10
1;462774_1;380692_v2020;462774;1;2330;2330_bu;20;nieuw meetpunt;hoofdtype aanwezig;;217853,60;197582,10
1;501046_2;495611_v2018;501046;1;6510;6510_hu;;bestaand meetpunt;hoofdtype aanwezig;2014-05-27;193182,00;189104,40
1;528582_1;381918_v2020;528582;1;6510;6510_hu;30;bestaand meetpunt;hoofdtype aanwezig;2014-06-11;161918,20;182063,00
1;556006_2;;556006;1;6510;6510_hu;;bestaand meetpunt;hoofdtype aanwezig;2014-05-23;205342,20;182864,80
1;589110_2;449469_v2018;589110;1;6510;6510_hu;40;bestaand meetpunt;hoofdtype aanwezig;2014-06-12;189470,00;187504,10
1;589698_4;583758_v2018;589698;1;6510;6510_huk;40;bestaand meetpunt;hoofdtype aanwezig;2014-06-04;258271,00;159185,80
1;605493_2;600782_v2014;605493;1;6510;6510_hu;40;bestaand meetpunt;hoofdtype aanwezig;2014-06-06;77596,57;227371,60
1;636561_2;;636561;0;6510;6510_hus;;bestaand meetpunt;subtype aanwezig;2016-06-09;37598,17;183721,80
1;643970_2;673810_v2014;643970;1;6510;6510_hu;70;bestaand meetpunt;hoofdtype aanwezig;2014-06-10;254942,90;159186,60
1;659794_2;542050_v2018;659794;1;6510;6510_hu;30;bestaand meetpunt;hoofdtype aanwezig;2014-05-20;247742,00;188082,60
1;676914_2;672326_v2014;676914;1;6510;6510_hu;70;bestaand meetpunt;hoofdtype aanwezig;2014-05-28;220862,60;175281,40
1;677174_2;437638_v2018;677174;1;6510;6510_hu;100;bestaand meetpunt;hoofdtype aanwezig;2014-06-12;190942,00;188496,20
1;720369_2;661631_v2014;720369;0;6510;6510_hua;100;bestaand meetpunt;subtype aanwezig;2014-06-11;43646,06;186890,10
1;744742_2;385957_v2016;744742;1;6510;6510_huk;;bestaand meetpunt;hoofdtype aanwezig;2016-06-22;214805,30;162890,10
1;790830_1;559349_v2018;790830;1;2330;2330_dw;70;nieuw meetpunt;hoofdtype aanwezig;;191005,60;229902,10
1;792209_1;173675_v2020;792209;0;6510;6510_hua;100;nieuw meetpunt;subtype aanwezig;;37213,59;183790,10
1;845457_1;173680_v2020;845457;0;6510;6510_hua;100;bestaand meetpunt;subtype aanwezig;2016-06-09;36253,59;183918,10
1;853714_1;314482_v2016;853714;1;2330;2330_dw;25;nieuw meetpunt;hoofdtype aanwezig;;224925,60;188174,10
1;863826_1;419616_v2020;863826;1;2330;2330_dw;100;nieuw meetpunt;hoofdtype aanwezig;;237597,60;187246,10
1;870694_2;387812_v2018;870694;1;6510;6510_huk;;bestaand meetpunt;hoofdtype aanwezig;2016-06-22;213433,30;161613,10
1;919185_1;013649_v2020;919185;0;6510;6510_hua;60;nieuw meetpunt;subtype aanwezig;;36317,59;183086,10
1;951006_1;430420_v2018;951006;1;2330;2330;100;nieuw meetpunt;hoofdtype aanwezig;;154525,60;233486,10
1;968217_1;106342_v2014;968217;0;6510;6510_hua;100;bestaand meetpunt;subtype aanwezig;2016-06-01;94205,59;168686,10
1;984721_1;163482_v2020;984721;0;6510;6510_hua;100;nieuw meetpunt;subtype aanwezig;;36221,59;183758,10
1;1007490_2;447541_v2014;1007490;0;6510;6510_huk;20;bestaand meetpunt;subtype aanwezig;2014-06-05;256383,30;157682,91
1;1008850_1;486116_v2018;1008850;1;2330;2330_dw;100;nieuw meetpunt;hoofdtype aanwezig;;222141,59;197966,11
1;1119506_2;;1119506;1;6510;6510_hus;;bestaand meetpunt;hoofdtype aanwezig;2016-06-14;219164,94;217265,33
1;1152657_2;173695_v2020;1152657;0;6510;6510_huk;;bestaand meetpunt;subtype aanwezig;2014-05-30;37886,16;183945,95
1;1177233_1;013649_v2020;1177233;0;6510;6510_hua;60;nieuw meetpunt;subtype aanwezig;;36445,59;182830,11
1;1280278_2;275809_v2020;1280278;1;6510;6510_hus;100;bestaand meetpunt;subtype aanwezig;2014-05-27;164510,10;187183,09
1;1487746_2;648175_v2014;1487746;1;6510;6510_huk;30;bestaand meetpunt;subtype aanwezig;2014-06-03;254623,22;159730,89
1;1569666_2;590302_v2014;1569666;1;6510;6510_huk;100;bestaand meetpunt;subtype aanwezig;2014-05-23;253855,23;159314,92
1;1618818_2;673665_v2014;1618818;1;6510;6510_huk;100;bestaand meetpunt;subtype aanwezig;2014-06-03;254719,18;159378,94
1;1793318_2;385957_v2016;1793318;1;6510;6510_huk;;bestaand meetpunt;subtype aanwezig;2016-06-22;214846,27;162961,16
1;1905938_2;632718_v2020;1905938;1;6510;6510_hus;;bestaand meetpunt;subtype aanwezig;2016-06-09;219196,73;217489,41
1;1971474_1;632709_v2020;1971474;1;6510;6510_hus;;bestaand meetpunt;subtype aanwezig;2016-06-08;218813,59;217390,11
1;2328854_2;275809_v2020;2328854;1;6510;6510_hus;100;bestaand meetpunt;subtype aanwezig;2014-05-27;164446,04;187183,26
1;2867990_1;107593_v2014;2867990;0;6510;6510_hus;100;bestaand meetpunt;subtype aanwezig;2014-05-22;155038,04;186414,80
1;3068802_1;673778_v2014;3068802;0;6510;6510_huk;100;bestaand meetpunt;subtype aanwezig;2018-07-06;255005,60;159086,11
1;4230578_1;109790_v2014;4230578;0;6510;6510_huk;30;nieuw meetpunt;subtype aanwezig;;247325,60;161774,10
1;5736726_1;275810_v2020;5736726;1;6510;6510_hus;100;nieuw meetpunt;subtype aanwezig;;164573,60;187022,10
2;4434_1;361379_v2020;4434;1;6510;6510_hu;45;nieuw meetpunt;hoofdtype aanwezig;;247997,60;188686,10
2;5422_1;560954_v2018;5422;1;4030;4030;;bestaand meetpunt;hoofdtype aanwezig;2016-10-28;188797,60;227918,10
2;7318_1;493226_v2018;7318;1;6510;6510_hu;60;nieuw meetpunt;hoofdtype aanwezig;;166109,60;204974,10
2;20217_1;;20217;1;6510;6510_hu;;bestaand meetpunt;hoofdtype aanwezig;2016-05-31;124254,26;182637,39
2;29302_1;638874_v2020;29302;1;2310;2310;100;nieuw meetpunt;hoofdtype aanwezig;;218109,59;203630,11
2;33398_1;637756_v2020;33398;1;2310;2310;100;nieuw meetpunt;hoofdtype aanwezig;;216765,60;205326,10
2;33502_1;581731_v2018;33502;1;4030;4030;;bestaand meetpunt;hoofdtype aanwezig;2016-10-20;154717,62;233262,05
2;39762_1;448049_v2018;39762;1;2310;2310;30;nieuw meetpunt;hoofdtype aanwezig;;237021,59;195182,11
2;46662_2;411935_v2020;46662;1;6510;6510_hu;100;bestaand meetpunt;hoofdtype aanwezig;2016-06-16;169566,80;167439,30
2;47666_1;587429_v2014;47666;0;4030;4030;100;bestaand meetpunt;hoofdtype aanwezig;2017-06-30;227453,50;184942,10
2;55670_1;500144_v2018;55670;1;2310;2310;100;nieuw meetpunt;hoofdtype aanwezig;;214781,60;216974,10
2;57974_1;594475_v2020;57974;1;4030;4030;100;nieuw meetpunt;hoofdtype aanwezig;;216381,60;205358,10
2;58014_1;576226_v2020;58014;1;4030;4030;100;nieuw meetpunt;hoofdtype aanwezig;;181757,60;220686,10
2;62141_1;494935_v2018;62141;1;4010;4010;100;bestaand meetpunt;hoofdtype aanwezig;2016-10-26;152253,60;232974,10
2;62390_1;421215_v2020;62390;1;4030;4030;100;nieuw meetpunt;hoofdtype aanwezig;;217981,60;198510,10
2;66270_1;541919_v2016;66270;1;4010;4010;100;bestaand meetpunt;hoofdtype aanwezig;2016-10-25;153373,60;233006,10
2;67282_1;476343_v2018;67282;1;4030;4030;100;nieuw meetpunt;hoofdtype aanwezig;;225181,60;188206,10
2;71238_1;398679_v2020;71238;1;4030;4030;40;nieuw meetpunt;hoofdtype aanwezig;;171709,60;169102,10
2;71902_1;601200_v2014;71902;1;4010;4010;100;bestaand meetpunt;hoofdtype aanwezig;2016-10-07;163037,60;225486,20
2;77278_1;633500_v2020;77278;1;4010;4010;90;bestaand meetpunt;hoofdtype aanwezig;2016-11-30;165053,60;228686,10
2;78294_2;586780_v2020;78294;1;6510;6510_hu;;bestaand meetpunt;hoofdtype aanwezig;2016-06-03;180572,80;216815,70
2;81374_1;582082_v2020;81374;1;4010;4010;10;bestaand meetpunt;hoofdtype aanwezig;2016-10-27;164989,50;229070,10
2;82222_1;527766_v2018;82222;1;4030;4030;40;bestaand meetpunt;hoofdtype aanwezig;2016-10-21;192733,50;230350,10
2;82654_1;436411_v2018;82654;1;4010;4010;100;bestaand meetpunt;hoofdtype aanwezig;2016-11-25;154621,50;234382,00
2;84598_1;641631_v2020;84598;0;4010;4010;90;nieuw meetpunt;hoofdtype aanwezig;;215261,60;208558,10
2;87250_1;421328_v2020;87250;1;4010;4010;;bestaand meetpunt;hoofdtype aanwezig;2017-07-17;220125,60;196846,10
2;91122_1;420658_v2020;91122;1;4030;4030;100;bestaand meetpunt;hoofdtype aanwezig;2017-07-03;238013,60;184814,20
2;91410_1;472793_v2018;91410;1;4030;4030;;bestaand meetpunt;hoofdtype aanwezig;2016-09-27;222621,70;216942,00
2;91614_1;582059_v2020;91614;1;4010;4010;100;bestaand meetpunt;hoofdtype aanwezig;2018-09-14;166525,50;228494,20
2;92382_1;625063_v2020;92382;1;4030;4030;80;bestaand meetpunt;hoofdtype aanwezig;2016-10-07;163677,50;225614,10
2;95710_1;625008_v2020;95710;1;4010;4010;100;bestaand meetpunt;hoofdtype aanwezig;2016-12-05;167485,70;229774,10
2;96466_1;639268_v2020;96466;1;2310;2310;100;nieuw meetpunt;hoofdtype aanwezig;;219037,60;199854,10
2;100626_1;591854_v2016;100626;1;2310;2310;100;nieuw meetpunt;hoofdtype aanwezig;;223005,59;217006,11
2;100662_1;509982_v2018;100662;1;4030;4030;100;nieuw meetpunt;hoofdtype aanwezig;;191421,59;192174,11
2;106614_1;560595_v2018;106614;1;4010;4010;100;bestaand meetpunt;hoofdtype aanwezig;2016-11-17;205629,52;211502,03
2;115638_1;639444_v2020;115638;1;4030;4030;;bestaand meetpunt;hoofdtype aanwezig;2017-08-23;216349,62;201230,08
2;116434_1;472643_v2018;116434;1;2310;2310;;bestaand meetpunt;hoofdtype aanwezig;2018-08-08;225885,56;189166,18
2;120530_1;473818_v2018;120530;0;4030;4030;100;bestaand meetpunt;hoofdtype aanwezig;2017-07-27;224765,61;186926,19
2;124382_1;629340_v2020;124382;1;4010;4010;70;bestaand meetpunt;hoofdtype aanwezig;2016-10-12;165405,57;227822,17
2;124718_1;479990_v2018;124718;1;4030;4030;100;nieuw meetpunt;hoofdtype aanwezig;;198589,59;231726,11
2;125998_1;625422_v2020;125998;1;4030;4030;30;bestaand meetpunt;hoofdtype aanwezig;2016-10-24;193917,62;218862,06
2;126622_1;632677_v2020;126622;1;2310;2310;20;nieuw meetpunt;hoofdtype aanwezig;;181789,59;218670,11
2;127710_1;467278_v2018;127710;1;2310;2310;;bestaand meetpunt;hoofdtype aanwezig;2016-11-16;153981,53;232814,14
2;131806_1;482900_v2018;131806;1;4010;4010;100;bestaand meetpunt;hoofdtype aanwezig;2016-10-20;154045,59;233262,17
2;139190_1;414748_v2020;139190;1;4030;4030;100;nieuw meetpunt;hoofdtype aanwezig;;214941,59;197870,11
2;141778_1;409995_v2014;141778;1;4010;4010;100;bestaand meetpunt;hoofdtype aanwezig;2018-08-02;228157,56;193998,11
2;143150_1;412374_v2014;143150;0;4030;4030;70;nieuw meetpunt;hoofdtype aanwezig;;199805,59;228206,11
2;145106_1;473818_v2018;145106;0;4030;4030;100;nieuw meetpunt;hoofdtype aanwezig;;224797,59;186894,11
2;148406_1;639353_v2020;148406;1;4030;4030;;bestaand meetpunt;hoofdtype aanwezig;2017-08-24;216253,58;201070,15
2;156382_1;447829_v2018;156382;1;2310;2310;100;bestaand meetpunt;hoofdtype aanwezig;2017-09-05;155165,64;231022,09
2;158002_1;357830_v2020;158002;1;2310;2310;100;bestaand meetpunt;hoofdtype aanwezig;2017-06-30;225661,55;182094,11
2;159314_1;423890_v2020;159314;1;4030;4030;100;bestaand meetpunt;hoofdtype aanwezig;2017-07-25;238045,59;186126,16
2;163538_1;587821_v2014;163538;1;2310;2310;100;bestaand meetpunt;hoofdtype aanwezig;2018-07-30;225501,58;193038,15
2;166102_1;581131_v2018;166102;1;2310;2310;90;nieuw meetpunt;hoofdtype aanwezig;;177597,60;217774,15
2;170206_1;582141_v2020;170206;1;4030;4030;100;bestaand meetpunt;hoofdtype aanwezig;2017-09-07;163069,56;226094,30
2;175698_1;357347_v2020;175698;1;4030;4030;100;bestaand meetpunt;hoofdtype aanwezig;2017-07-25;238653,57;185902,19
2;176862_1;467155_v2018;176862;1;4010;4010;70;bestaand meetpunt;hoofdtype aanwezig;2017-09-05;155069,58;231086,06
2;181234_1;419672_v2020;181234;1;4030;4030;100;bestaand meetpunt;hoofdtype aanwezig;2017-07-03;239037,63;183214,13
2;182054_1;469629_v2018;182054;0;6510;6510_hu;100;bestaand meetpunt;hoofdtype aanwezig;2018-05-23;208733,64;164558,12
2;183734_1;585241_v2014;183734;0;6510;6510_hu;30;bestaand meetpunt;hoofdtype aanwezig;2018-06-06;202973,60;193454,17
2;186850_1;;186850;0;6510;6510_hu;;bestaand meetpunt;hoofdtype aanwezig;2018-06-20;252733,56;205166,07
2;190162_1;431316_v2018;190162;1;4030;4030;100;bestaand meetpunt;hoofdtype aanwezig;2017-07-27;224093,53;189038,17
2;190902_2;;190902;0;6510;6510_hu;;bestaand meetpunt;hoofdtype aanwezig;2018-06-06;207645,87;191212,14
2;191698_1;559867_v2014;191698;1;4030;4030;;bestaand meetpunt;hoofdtype aanwezig;2017-07-28;224445,52;194350,10
2;193462_1;646402_v2020;193462;1;2310;2310;100;nieuw meetpunt;hoofdtype aanwezig;;218493,59;198606,11
2;205501_1;558995_v2018;205501;1;4030;4030;100;bestaand meetpunt;hoofdtype aanwezig;2017-08-16;152861,62;231982,13
2;208350_1;581910_v2020;208350;1;4010;4010;70;bestaand meetpunt;hoofdtype aanwezig;2017-09-07;165309,62;228078,11
2;212446_1;641111_v2020;212446;1;4010;4010;70;nieuw meetpunt;hoofdtype aanwezig;;165117,60;229422,10
2;213366_1;473051_v2018;213366;0;2330;2330_bu;100;nieuw meetpunt;hoofdtype aanwezig;;214237,59;213038,11
2;213726_1;415236_v2018;213726;1;4010;4010;100;nieuw meetpunt;hoofdtype aanwezig;;154717,59;234126,09
2;216018_1;561851_v2014;216018;1;4010;4010;100;bestaand meetpunt;hoofdtype aanwezig;2018-08-02;227677,60;194830,14
2;216118_1;202015_v2020;216118;0;6510;6510_hu;75;bestaand meetpunt;hoofdtype aanwezig;2018-05-25;198525,58;188398,20
2;218070_1;478909_v2016;218070;1;2310;2310;100;nieuw meetpunt;hoofdtype aanwezig;;179677,59;208078,11
2;218086_1;614261_v2014;218086;0;6510;6510_hu;70;bestaand meetpunt;hoofdtype aanwezig;2019-06-12;209437,53;180078,07
2;222194_1;423899_v2020;222194;1;4030;4030;100;bestaand meetpunt;hoofdtype aanwezig;2017-07-14;237885,60;185710,15
2;224734_1;535596_v2018;224734;1;4010;4010;100;nieuw meetpunt;hoofdtype aanwezig;;164381,60;226862,10
2;224850_1;423916_v2020;224850;1;4030;4030;100;bestaand meetpunt;hoofdtype aanwezig;2017-07-25;238077,58;186606,14
2;225334_1;472972_v2018;225334;1;2310;2310;100;nieuw meetpunt;hoofdtype aanwezig;;194429,59;192526,11
2;226782_1;559944_v2018;226782;1;4010;4010;95;nieuw meetpunt;hoofdtype aanwezig;;167485,60;229294,10
2;230326_1;639372_v2020;230326;1;2310;2310;100;nieuw meetpunt;hoofdtype aanwezig;;215293,59;200238,11
2;230774_1;533349_v2020;230774;0;2330;2330_bu;100;nieuw meetpunt;hoofdtype aanwezig;;212285,59;214606,11
2;236530_1;342463_v2020;236530;1;4010;4010;80;bestaand meetpunt;hoofdtype aanwezig;2017-07-03;239805,65;180654,18
2;240466_1;302136_v2016;240466;1;2310;2310;90;bestaand meetpunt;hoofdtype aanwezig;2017-07-10;237181,54;195214,11
2;242398_1;447839_v2018;242398;1;2310;2310;30;bestaand meetpunt;hoofdtype aanwezig;2017-08-21;154621,57;231118,11
2;243698_1;424485_v2020;243698;1;4010;4010;;bestaand meetpunt;hoofdtype aanwezig;2017-07-04;238781,54;181294,12
2;243922_1;421225_v2020;243922;1;2310;2310;100;nieuw meetpunt;hoofdtype aanwezig;;219293,59;198446,11
2;251358_1;582055_v2020;251358;1;4010;4010;100;nieuw meetpunt;hoofdtype aanwezig;;165565,60;229006,10
2;255454_1;595874_v2020;255454;1;4010;4010;30;nieuw meetpunt;hoofdtype aanwezig;;166205,60;228814,10
2;261750_1;551733_v2016;261750;0;2330;2330_bu;50;nieuw meetpunt;hoofdtype aanwezig;;211037,59;209966,11
2;269298_1;357473_v2020;269298;1;4010;4010;95;bestaand meetpunt;hoofdtype aanwezig;2017-07-04;239773,56;181678,15
2;279146_1;576925_v2016;279146;1;2310;2310;15;nieuw meetpunt;hoofdtype aanwezig;;230333,60;220206,10
2;287094_1;473111_v2018;287094;0;2310;2310;70;nieuw meetpunt;hoofdtype aanwezig;;212541,59;210542,11
2;291550_1;447532_v2018;291550;1;2310;2310;100;nieuw meetpunt;hoofdtype aanwezig;;154493,59;232910,11
2;292822_1;475420_v2018;292822;0;2310;2310;100;nieuw meetpunt;hoofdtype aanwezig;;183901,59;210062,11
2;297234_2;472776_v2018;297234;1;2310;2310;;bestaand meetpunt;hoofdtype aanwezig;2017-07-06;223061,83;217416,64
2;304850_1;471277_v2018;304850;1;4010;4010;15;bestaand meetpunt;hoofdtype aanwezig;2017-07-27;224381,55;188814,11
2;307574_1;533349_v2020;307574;0;2330;2330_bu;100;nieuw meetpunt;hoofdtype aanwezig;;212413,59;213806,11
2;316614_1;618259_v2014;316614;0;6510;6510_hu;100;nieuw meetpunt;hoofdtype aanwezig;;168317,60;182222,10
2;316646_1;616768_v2014;316646;0;6510;6510_hu;50;nieuw meetpunt;hoofdtype aanwezig;;212829,60;172878,10
2;317814_1;500144_v2018;317814;0;2310;2310;100;nieuw meetpunt;hoofdtype aanwezig;;214877,59;216910,11
2;318217_1;370434_v2018;318217;0;6510;6510_hu;70;nieuw meetpunt;hoofdtype aanwezig;;105949,60;218126,10
2;324029_1;504165_v2018;324029;0;6510;6510_hu;60;nieuw meetpunt;hoofdtype aanwezig;;144157,59;223310,11
2;324318_1;561848_v2018;324318;1;2330;2330_bu;100;bestaand meetpunt;hoofdtype aanwezig;2017-08-18;153853,56;231918,09
2;328406_1;636886_v2020;328406;0;6510;6510_hu;30;nieuw meetpunt;hoofdtype aanwezig;;173629,60;202766,10
2;342793_1;370439_v2018;342793;0;6510;6510_hu;70;nieuw meetpunt;hoofdtype aanwezig;;107549,59;217262,11
2;343314_1;590599_v2020;343314;0;2310;2310;50;nieuw meetpunt;hoofdtype aanwezig;;219645,59;212622,11
2;345014_1;639349_v2020;345014;1;2330;2330_bu;100;bestaand meetpunt;hoofdtype aanwezig;2017-08-30;216381,64;200270,09
2;347873_1;141650_v2020;347873;0;6510;6510_hu;70;nieuw meetpunt;hoofdtype aanwezig;;55325,59;176398,11
2;349425_1;507590_v2018;349425;0;6510;6510_hu;100;nieuw meetpunt;hoofdtype aanwezig;;39613,59;197870,11
2;358930_1;370820_v2018;358930;0;6510;6510_hu;100;nieuw meetpunt;hoofdtype aanwezig;;232573,59;215886,11
2;365590_1;615019_v2014;365590;0;6510;6510_hu;90;nieuw meetpunt;hoofdtype aanwezig;;161821,59;199790,11
2;391154_1;357277_v2020;391154;1;4010;4010;100;bestaand meetpunt;hoofdtype aanwezig;2017-07-03;238877,54;180302,19
2;392342_1;474787_v2018;392342;0;2330;2330_bu;;bestaand meetpunt;hoofdtype aanwezig;2017-09-08;168445,60;205454,10
2;402390_1;575608_v2014;402390;0;2330;2330;100;nieuw meetpunt;hoofdtype aanwezig;;181021,59;209582,11
2;432610_1;530335_v2018;432610;1;6510;6510_hu;60;nieuw meetpunt;hoofdtype aanwezig;;252573,60;205358,10
2;459798_1;493416_v2018;459798;1;6510;6510_hu;50;nieuw meetpunt;hoofdtype aanwezig;;163005,60;200718,10
2;466614_1;343708_v2020;466614;1;6510;6510_hu;20;nieuw meetpunt;hoofdtype aanwezig;;216861,60;187694,10
2;503414_1;591849_v2016;503414;1;2330;2330_bu;60;bestaand meetpunt;hoofdtype aanwezig;2016-10-05;210749,60;208174,10
2;506841_1;108731_v2020;506841;1;6510;6510_hu;95;nieuw meetpunt;hoofdtype aanwezig;;108541,60;167310,10
2;558006_1;639365_v2020;558006;1;2330;2330_bu;40;bestaand meetpunt;hoofdtype aanwezig;2017-08-23;215549,50;200782,10
2;568582_1;299987_v2020;568582;1;6510;6510_hu;100;nieuw meetpunt;hoofdtype aanwezig;;168285,60;164078,10
2;576033_2;145671_v2020;576033;1;6510;6510_hu;100;bestaand meetpunt;hoofdtype aanwezig;2016-06-24;79870,99;164715,60
2;580082_1;543279_v2018;580082;1;6510;6510_hu;55;nieuw meetpunt;hoofdtype aanwezig;;245053,60;179982,10
2;583030_1;510055_v2018;583030;1;2330;2330_bu;100;bestaand meetpunt;hoofdtype aanwezig;2016-09-29;213981,60;216174,00
2;602846_1;474539_v2018;602846;1;2330;2330_bu;100;bestaand meetpunt;hoofdtype aanwezig;2016-10-03;153885,50;231758,20
2;608550_2;456089_v2018;608550;1;6510;6510_hu;15;bestaand meetpunt;hoofdtype aanwezig;2016-06-23;213183,20;161521,10
2;618646_1;557204_v2018;618646;1;6510;6510_hu;50;nieuw meetpunt;hoofdtype aanwezig;;164957,60;204430,10
2;621505_1;532895_v2018;621505;1;6510;6510_hu;100;nieuw meetpunt;hoofdtype aanwezig;;74013,59;205134,10
2;648566_1;510055_v2018;648566;1;2330;2330_bu;100;bestaand meetpunt;hoofdtype aanwezig;2016-09-29;214301,60;216270,20
2;659382_1;414239_v2020;659382;1;2330;2330_bu;80;bestaand meetpunt;hoofdtype aanwezig;2017-07-20;218461,50;197614,20
2;688094_1;437242_v2018;688094;1;6510;6510_hu;20;nieuw meetpunt;hoofdtype aanwezig;;159261,60;225326,10
2;714198_1;632239_v2020;714198;1;2330;2330_bu;100;bestaand meetpunt;hoofdtype aanwezig;2016-10-14;185789,50;211054,10
2;714230_1;630247_v2020;714230;1;2330;2330_bu;100;bestaand meetpunt;hoofdtype aanwezig;2016-09-28;196381,60;204110,10
2;738230_1;639528_v2020;738230;1;2330;2330_bu;100;bestaand meetpunt;hoofdtype aanwezig;2017-08-29;215741,50;200174,10
2;742610_1;414113_v2020;742610;1;2330;2330_bu;70;bestaand meetpunt;hoofdtype aanwezig;2017-07-17;220637,60;196718,20
2;750518_1;639301_v2020;750518;1;2330;2330_bu;20;bestaand meetpunt;hoofdtype aanwezig;2017-08-30;216605,60;200110,10
2;803766_1;639363_v2020;803766;1;2330;2330_bu;100;bestaand meetpunt;hoofdtype aanwezig;2017-08-25;215965,70;200686,20
2;808146_1;380704_v2020;808146;1;2330;2330_bu;85;bestaand meetpunt;hoofdtype aanwezig;2017-07-17;219837,50;196270,10
2;821462_1;562585_v2018;821462;1;2330;2330_bu;100;bestaand meetpunt;hoofdtype aanwezig;2016-10-21;177565,60;218478,20
2;830770_1;347649_v2020;830770;1;6510;6510_hu;85;nieuw meetpunt;hoofdtype aanwezig;;224733,60;178478,10
2;831366_1;546427_v2018;831366;1;6510;6510_hu;70;nieuw meetpunt;hoofdtype aanwezig;;173757,60;180302,10
2;857281_1;503378_v2018;857281;1;6510;6510_hu;;nieuw meetpunt;hoofdtype aanwezig;;86301,64;203950,20
2;859446_1;418306_v2014;859446;1;6510;6510_hu;100;nieuw meetpunt;hoofdtype aanwezig;;189469,60;188334,10
2;863169_2;510202_v2020;863169;1;6510;6510_hu;;bestaand meetpunt;hoofdtype aanwezig;2016-06-08;73117,50;205564,10
2;877942_2;532290_v2018;877942;1;2330;2330_bu;;bestaand meetpunt;hoofdtype aanwezig;2016-09-30;214112,20;215054,30
2;884022_2;355511_v2016;884022;1;6510;6510_hu;;bestaand meetpunt;hoofdtype aanwezig;2018-05-29;187992,40;187280,40
2;884342_1;475337_v2018;884342;1;2330;2330_bu;100;bestaand meetpunt;hoofdtype aanwezig;2016-10-05;210621,70;208590,30
2;905190_1;;905190;1;6510;6510_hu;;bestaand meetpunt;hoofdtype aanwezig;2018-06-06;206397,50;184238,10
2;923209_1;511304_v2020;923209;1;6510;6510_hu;;bestaand meetpunt;hoofdtype aanwezig;2018-06-13;88285,62;204590,10
2;934838_1;639358_v2020;934838;1;2330;2330_bu;100;bestaand meetpunt;hoofdtype aanwezig;2017-08-23;216157,50;200846,10
2;963294_1;448317_v2018;963294;1;2330;2330_bu;100;bestaand meetpunt;hoofdtype aanwezig;2016-09-19;154685,50;231374,10
2;980625_2;173641_v2020;980625;0;6510;6510_hus;;bestaand meetpunt;subtype aanwezig;2016-06-09;37310,03;183690,00
2;1003230_1;507054_v2018;1003230;1;2330;2330_bu;70;bestaand meetpunt;hoofdtype aanwezig;2016-09-15;155389,62;230350,08
2;1043410_1;590778_v2014;1043410;1;2330;2330_bu;50;bestaand meetpunt;hoofdtype aanwezig;2017-07-28;229821,60;195374,08
2;1053622_1;677440_v2014;1053622;1;2330;2330_bu;70;bestaand meetpunt;hoofdtype aanwezig;2017-08-29;216285,58;200046,16
2;1228529_1;186727_v2020;1228529;0;6510;6510_hua;100;nieuw meetpunt;subtype aanwezig;;53693,59;191406,11
2;1272114_1;;1272114;1;2330;2330_dw;;bestaand meetpunt;subtype aanwezig;2017-06-29;225373,58;182542,22
2;1289969_1;186785_v2020;1289969;0;6510;6510_hua;100;nieuw meetpunt;subtype aanwezig;;51485,59;191118,11
2;1315118_1;559349_v2018;1315118;1;2330;2330_dw;70;nieuw meetpunt;subtype aanwezig;;191293,59;229966,11
2;1365202_1;421301_v2020;1365202;1;2330;2330_dw;100;nieuw meetpunt;subtype aanwezig;;220605,59;197390,11
2;1369745_1;173615_v2020;1369745;0;6510;6510_hua;100;nieuw meetpunt;subtype aanwezig;;35965,59;183982,11
2;1452338_1;357321_v2020;1452338;1;2330;2330_dw;50;nieuw meetpunt;subtype aanwezig;;226045,59;182350,11
2;1473234_1;305282_v2016;1473234;1;2330;2330_dw;50;nieuw meetpunt;subtype aanwezig;;222589,59;188302,11
2;1474033_2;661631_v2014;1474033;0;6510;6510_hus;;bestaand meetpunt;subtype aanwezig;2018-06-14;43517,39;186980,06
2;1478129_2;169460_v2020;1478129;0;6510;6510_hua;100;bestaand meetpunt;subtype aanwezig;2018-05-23;43679,59;188110,16
2;1500498_1;;1500498;1;6510;6510_huk;;bestaand meetpunt;subtype aanwezig;2018-06-18;246077,64;186510,20
2;1500817_1;173615_v2020;1500817;0;6510;6510_hua;100;nieuw meetpunt;subtype aanwezig;;35773,59;183982,11
2;1533138_1;508647_v2018;1533138;1;2330;2330_dw;20;nieuw meetpunt;subtype aanwezig;;221853,59;197838,11
2;1542626_1;625501_v2020;1542626;1;6510;6510_hus;;bestaand meetpunt;subtype aanwezig;2018-06-20;253085,64;204174,05
2;1565906_1;610074_v2018;1565906;1;2330;2330_dw;100;nieuw meetpunt;subtype aanwezig;;221245,59;197678,11
2;1578641_1;173648_v2020;1578641;0;6510;6510_hua;100;nieuw meetpunt;subtype aanwezig;;37309,59;184078,11
2;1584722_1;419616_v2020;1584722;1;2330;2330_dw;100;nieuw meetpunt;subtype aanwezig;;237469,59;187086,11
2;1587934_1;534691_v2016;1587934;1;2330;2330_dw;15;nieuw meetpunt;subtype aanwezig;;159229,59;226926,11
2;1594294_1;638924_v2020;1594294;1;2330;2330_dw;70;nieuw meetpunt;subtype aanwezig;;216221,59;198638,11
2;1635985_1;173625_v2020;1635985;0;6510;6510_hua;80;nieuw meetpunt;subtype aanwezig;;36477,59;183566,11
2;1685137_1;145546_v2020;1685137;0;6510;6510_hua;100;bestaand meetpunt;subtype aanwezig;2018-05-23;37469,62;183534,12
2;1775249_1;173676_v2020;1775249;0;6510;6510_hua;100;nieuw meetpunt;subtype aanwezig;;36381,59;184110,11
2;1840785_1;174389_v2020;1840785;0;6510;6510_hua;20;nieuw meetpunt;subtype aanwezig;;37277,59;183886,11
2;1861942_1;393299_v2020;1861942;1;2330;2330_dw;100;nieuw meetpunt;subtype aanwezig;;193181,59;191214,11
2;1885721_2;615084_v2014;1885721;0;6510;6510_hua;100;bestaand meetpunt;subtype aanwezig;2019-06-04;94489,53;168814,79
2;1886422_1;520255_v2018;1886422;1;2330;2330_dw;40;nieuw meetpunt;subtype aanwezig;;177661,59;216654,11
2;2057426_1;486116_v2018;2057426;1;2330;2330_dw;100;nieuw meetpunt;subtype aanwezig;;222109,59;197998,11
2;2233618_2;632713_v2020;2233618;1;6510;6510_hus;;bestaand meetpunt;subtype aanwezig;2016-06-10;219074,15;217520,20
2;2440689_1;661631_v2014;2440689;0;6510;6510_hua;100;bestaand meetpunt;subtype aanwezig;2018-06-14;43549,62;186830,10
2;2495762_2;632716_v2020;2495762;1;6510;6510_hus;100;bestaand meetpunt;subtype aanwezig;2016-06-14;219074,51;217282,89
2;2645426_1;614496_v2014;2645426;1;6510;6510_huk;100;bestaand meetpunt;subtype aanwezig;2018-06-08;250301,65;161422,14
2;2841894_1;385957_v2016;2841894;1;6510;6510_huk;;bestaand meetpunt;subtype aanwezig;2018-05-22;214973,56;162830,12
2;2845362_1;645405_v2014;2845362;1;6510;6510_huk;90;nieuw meetpunt;subtype aanwezig;;245629,60;160590,10
2;2954514_2;632719_v2020;2954514;1;6510;6510_hus;;bestaand meetpunt;subtype aanwezig;2016-06-10;219164,32;217331,11
2;2967065_2;105978_v2014;2967065;0;6510;6510_hua;100;bestaand meetpunt;subtype aanwezig;2018-06-12;94721,57;169230,63
2;3120562_1;588920_v2014;3120562;1;6510;6510_huk;60;bestaand meetpunt;subtype aanwezig;2018-06-11;250493,63;161518,14
2;3163010_1;421127_v2014;3163010;1;6510;6510_huk;20;bestaand meetpunt;subtype aanwezig;2018-06-27;252445,66;160910,16
2;3170178_1;447541_v2014;3170178;0;6510;6510_huk;20;bestaand meetpunt;subtype aanwezig;2019-06-19;256189,52;157550,16
2;3612546_1;576593_v2014;3612546;0;6510;6510_huk;40;bestaand meetpunt;subtype aanwezig;2018-07-06;256989,59;158990,12
2;3811458_1;588921_v2014;3811458;1;6510;6510_huk;100;bestaand meetpunt;subtype aanwezig;2018-06-08;251645,61;161422,14
2;3821746_3;674992_v2014;3821746;1;6510;6510_huk;30;bestaand meetpunt;subtype aanwezig;2018-06-12;241498,23;167434,33
2;3893938_1;645405_v2014;3893938;1;6510;6510_huk;90;nieuw meetpunt;subtype aanwezig;;245597,60;160686,10
2;3906994_1;576514_v2014;3906994;1;6510;6510_huk;30;bestaand meetpunt;subtype aanwezig;2018-06-08;250429,57;161390,22
2;4003090_1;;4003090;1;6510;6510_hus;;bestaand meetpunt;subtype aanwezig;2016-06-09;219325,59;217422,11
2;4122918_2;615129_v2014;4122918;0;6510;6510_huk;100;bestaand meetpunt;subtype aanwezig;2018-05-18;214310,00;164884,90
2;4351326_1;627843_v2014;4351326;1;6510;6510_hus;28;bestaand meetpunt;subtype aanwezig;2018-05-22;177597,60;241326,10
2;4868374_1;344921_v2020;4868374;1;6510;6510_hus;70;bestaand meetpunt;subtype aanwezig;2018-06-08;164349,60;187342,10
2;6876377_1;190187_v2020;6876377;1;6510;6510_hus;70;nieuw meetpunt;subtype aanwezig;;119645,60;161262,10
3;91186_1;261599_v2020;91186;1;6510;6510_hu;75;bestaand meetpunt;hoofdtype aanwezig;2021-06-15;218717,60;175694,10
3;92126_1;104655_v2014;92126;0;4030;4030;100;bestaand meetpunt;hoofdtype aanwezig;2018-08-17;154109,60;226190,10
3;103634_1;421341_v2020;103634;1;4030;4030;70;bestaand meetpunt;hoofdtype aanwezig;2018-08-03;219549,51;196910,11
3;111918_1;625399_v2020;111918;1;4030;4030;100;bestaand meetpunt;hoofdtype aanwezig;2018-09-05;187933,57;229838,13
3;112850_1;414133_v2020;112850;1;4030;4030;100;bestaand meetpunt;hoofdtype aanwezig;2018-07-26;218845,59;198478,03
3;116518_2;117719_v2014;116518;0;6510;6510_hu;100;bestaand meetpunt;hoofdtype aanwezig;2021-06-17;208447,35;164837,77
3;124806_1;460325_v2014;124806;0;6510;6510_hu;100;bestaand meetpunt;hoofdtype aanwezig;2021-06-10;172381,72;182990,08
3;127622_1;358948_v2020;127622;1;6510;6510_hu;15;bestaand meetpunt;hoofdtype aanwezig;2021-06-10;170813,77;171502,00
3;128786_1;;128786;1;4030;4030;;bestaand meetpunt;hoofdtype aanwezig;2018-07-18;218749,73;205006,11
3;143150_1;412374_v2014;143150;0;4010;4010;70;nieuw meetpunt;hoofdtype aanwezig;;199805,60;228206,10
3;146486_2;358621_v2020;146486;0;6510;6510_hu;10;bestaand meetpunt;hoofdtype aanwezig;2021-06-09;198522,33;187645,29
3;154834_1;410133_v2014;154834;1;2330;2330_bu;;bestaand meetpunt;hoofdtype aanwezig;2018-08-01;226333,56;194030,14
3;158326_1;641717_v2020;158326;0;4030;4030;100;nieuw meetpunt;hoofdtype aanwezig;;215805,59;208014,11
3;159390_1;591945_v2014;159390;0;4030;4030;100;nieuw meetpunt;hoofdtype aanwezig;;183229,59;218798,11
3;160694_1;594451_v2020;160694;1;4030;4030;;bestaand meetpunt;hoofdtype aanwezig;2018-08-14;217117,61;199406,09
3;165586_1;436222_v2018;165586;1;4030;4030;100;bestaand meetpunt;hoofdtype aanwezig;2018-08-08;225661,59;189390,06
3;167030_1;592432_v2016;167030;0;4030;4030;95;nieuw meetpunt;hoofdtype aanwezig;;206813,59;213166,11
3;168886_1;;168886;1;4030;4030;;bestaand meetpunt;hoofdtype aanwezig;2018-08-24;215069,64;199854,06
3;169170_1;414161_v2020;169170;1;4030;4030;100;bestaand meetpunt;hoofdtype aanwezig;2018-08-02;219197,60;196558,07
3;170578_1;545978_v2018;170578;1;4030;4030;100;nieuw meetpunt;hoofdtype aanwezig;;238205,59;190574,11
3;174006_1;414775_v2020;174006;1;4030;4030;100;nieuw meetpunt;hoofdtype aanwezig;;214269,59;198126,11
3;174546_1;559491_v2014;174546;1;2310;2310;100;bestaand meetpunt;hoofdtype aanwezig;2018-08-03;228061,65;192910,10
3;178386_1;639020_v2020;178386;1;4030;4030;100;nieuw meetpunt;hoofdtype aanwezig;;219101,59;199054,11
3;179922_1;561758_v2014;179922;1;2330;2330_dw;;bestaand meetpunt;hoofdtype aanwezig;2018-08-01;226653,52;193454,10
3;182482_1;639281_v2020;182482;1;4030;4030;;bestaand meetpunt;hoofdtype aanwezig;2018-07-25;219037,65;200270,17
3;185822_1;629395_v2020;185822;1;4030;4030;100;nieuw meetpunt;hoofdtype aanwezig;;166333,60;229038,10
3;189046_1;631242_v2020;189046;1;4030;4030;100;nieuw meetpunt;hoofdtype aanwezig;;215837,59;205326,11
3;191442_1;409868_v2014;191442;1;2310;2310;100;bestaand meetpunt;hoofdtype aanwezig;2018-08-06;228957,51;195086,14
3;191966_1;525367_v2018;191966;1;4030;4030;70;bestaand meetpunt;hoofdtype aanwezig;2018-09-07;163709,62;227310,10
3;193182_1;637458_v2020;193182;1;4030;4030;70;nieuw meetpunt;hoofdtype aanwezig;;180925,59;218990,11
3;193246_1;474626_v2018;193246;1;4010;4010;100;bestaand meetpunt;hoofdtype aanwezig;2019-08-08;153597,62;232366,11
3;194546_1;332460_v2020;194546;1;4030;4030;100;nieuw meetpunt;hoofdtype aanwezig;;238173,59;179694,11
3;196306_1;591775_v2014;196306;1;2310;2310;100;bestaand meetpunt;hoofdtype aanwezig;2018-08-03;226461,54;192750,16
3;199122_1;559847_v2014;199122;1;2310;2310;80;bestaand meetpunt;hoofdtype aanwezig;2018-08-07;229821,52;193966,16
3;200630_1;414240_v2020;200630;1;4030;4030;;bestaand meetpunt;hoofdtype aanwezig;2018-07-31;218013,63;197518,19
3;206546_1;471942_v2018;206546;1;2310;2310;;bestaand meetpunt;hoofdtype aanwezig;2018-08-09;223005,55;189710,11
3;207314_1;591814_v2014;207314;1;2310;2310;100;bestaand meetpunt;hoofdtype aanwezig;2018-08-03;228637,59;193422,07
3;211254_1;532245_v2018;211254;1;4030;4030;100;nieuw meetpunt;hoofdtype aanwezig;;191165,59;191598,11
3;212062_1;580403_v2020;212062;1;4030;4030;100;bestaand meetpunt;hoofdtype aanwezig;2018-10-10;179965,61;242382,10
3;212446_1;641111_v2020;212446;1;4030;4030;30;nieuw meetpunt;hoofdtype aanwezig;;165117,59;229422,11
3;216786_1;587105_v2014;216786;1;2310;2310;100;bestaand meetpunt;hoofdtype aanwezig;2018-07-30;224157,52;193038,13
3;217014_1;414221_v2020;217014;1;4030;4030;100;bestaand meetpunt;hoofdtype aanwezig;2018-08-07;217757,54;196782,20
3;218162_1;301472_v2016;218162;1;6510;6510_hu;30;bestaand meetpunt;hoofdtype aanwezig;2021-06-15;221245,37;175150,24
3;219446_1;491933_v2018;219446;1;4030;4030;100;bestaand meetpunt;hoofdtype aanwezig;2018-09-14;193661,63;192814,14
3;226014_1;436395_v2018;226014;1;4030;4030;;bestaand meetpunt;hoofdtype aanwezig;2019-06-24;154461,64;232270,05
3;226606_1;625399_v2020;226606;1;4030;4030;100;bestaand meetpunt;hoofdtype aanwezig;2018-09-24;187997,57;229934,09
3;229074_1;562131_v2014;229074;1;4010;4010;100;bestaand meetpunt;hoofdtype aanwezig;2018-08-01;225693,56;193806,18
3;230110_1;485721_v2018;230110;1;4010;4010;100;bestaand meetpunt;hoofdtype aanwezig;2018-08-14;154557,70;233358,26
3;231122_1;313688_v2016;231122;1;4030;4030;70;nieuw meetpunt;hoofdtype aanwezig;;225437,59;189646,11
3;233398_1;414215_v2020;233398;1;4010;4010;100;bestaand meetpunt;hoofdtype aanwezig;2018-08-08;217501,65;197166,10
3;234706_1;414276_v2020;234706;1;4030;4030;100;nieuw meetpunt;hoofdtype aanwezig;;219005,59;196110,11
3;236657_2;411218_v2014;236657;0;6510;6510_hu;20;bestaand meetpunt;hoofdtype aanwezig;2020-06-04;49912,79;210732,05
3;236754_1;587347_v2014;236754;1;2310;2310;100;bestaand meetpunt;hoofdtype aanwezig;2018-07-31;225309,62;194542,12
3;245458_1;558893_v2014;245458;1;2310;2310;100;bestaand meetpunt;hoofdtype aanwezig;2018-08-01;225853,50;193934,12
3;251090_1;380694_v2020;251090;1;4010;4010;100;bestaand meetpunt;hoofdtype aanwezig;2018-09-11;220125,62;197230,23
3;256978_1;561657_v2014;256978;1;2310;2310;;bestaand meetpunt;hoofdtype aanwezig;2018-08-06;229565,60;195150,09
3;258782_1;581578_v2018;258782;1;2310;2310;30;bestaand meetpunt;hoofdtype aanwezig;2018-08-13;153277,61;232430,11
3;261854_1;585639_v2020;261854;1;4010;4010;90;bestaand meetpunt;hoofdtype aanwezig;2019-08-05;154781,61;230830,15
3;265170_1;560060_v2014;265170;1;4010;4010;;bestaand meetpunt;hoofdtype aanwezig;2018-08-06;228605,52;194158,15
3;266294_1;472335_v2018;266294;1;2310;2310;100;bestaand meetpunt;hoofdtype aanwezig;2018-09-12;196573,54;192494,21
3;271782_1;572396_v2018;271782;0;6510;6510_hu;100;bestaand meetpunt;hoofdtype aanwezig;2021-06-14;190365,76;171374,20
3;273886_1;585676_v2020;273886;1;4010;4010;100;nieuw meetpunt;hoofdtype aanwezig;;164573,60;228046,10
3;275382_1;639248_v2020;275382;1;2310;2310;100;bestaand meetpunt;hoofdtype aanwezig;2018-08-09;216893,63;198958,14
3;277158_1;410056_v2018;277158;0;6510;6510_hu;30;bestaand meetpunt;hoofdtype aanwezig;2021-06-08;195549,60;173070,07
3;277214_1;535305_v2016;277214;1;4010;4010;75;bestaand meetpunt;hoofdtype aanwezig;2018-08-20;158941,62;227278,06
3;281554_1;410045_v2014;281554;1;2310;2310;100;bestaand meetpunt;hoofdtype aanwezig;2018-08-02;227133,65;194702,09
3;282678_1;507080_v2018;282678;1;2310;2310;100;bestaand meetpunt;hoofdtype aanwezig;2018-09-12;196157,56;193518,12
3;285906_1;317096_v2016;285906;1;2310;2310;100;bestaand meetpunt;hoofdtype aanwezig;2018-07-31;226013,57;194254,21
3;289078_1;448340_v2018;289078;0;2330;2330_bu;40;bestaand meetpunt;hoofdtype aanwezig;2018-09-14;193437,55;191086,14
3;289234_1;565056_v2014;289234;1;2310;2310;100;bestaand meetpunt;hoofdtype aanwezig;2018-08-03;227709,53;192654,17
3;289746_1;587406_v2014;289746;1;2310;2310;100;bestaand meetpunt;hoofdtype aanwezig;2018-08-06;228893,54;194574,14
3;290098_1;381226_v2020;290098;1;6510;6510_hu;70;bestaand meetpunt;hoofdtype aanwezig;2021-06-16;224509,66;178766,33
3;290870_1;472979_v2018;290870;1;2310;2310;100;bestaand meetpunt;hoofdtype aanwezig;2018-09-14;194429,58;192334,16
3;293598_1;473357_v2018;293598;1;4010;4010;100;bestaand meetpunt;hoofdtype aanwezig;2019-08-12;158429,55;228270,09
3;294198_1;303559_v2016;294198;1;6510;6510_hu;100;bestaand meetpunt;hoofdtype aanwezig;2021-06-08;188541,57;187502,28
3;294610_1;559537_v2014;294610;1;2310;2310;20;bestaand meetpunt;hoofdtype aanwezig;2018-07-30;225245,59;193454,11
3;296129_1;431950_v2018;296129;1;4010;4010;80;nieuw meetpunt;hoofdtype aanwezig;;86845,59;205230,11
3;296658_1;315779_v2016;296658;1;4010;4010;;bestaand meetpunt;hoofdtype aanwezig;2018-08-08;224925,58;189678,20
3;300242_1;414174_v2020;300242;1;2310;2310;;bestaand meetpunt;hoofdtype aanwezig;2018-08-03;218909,65;197038,15
3;302290_1;587365_v2014;302290;1;2310;2310;100;bestaand meetpunt;hoofdtype aanwezig;2018-07-31;225053,60;194542,04
3;311670_1;545951_v2018;311670;0;2330;2330_bu;100;nieuw meetpunt;hoofdtype aanwezig;;212829,59;214126,11
3;313990_2;528736_v2018;313990;1;6510;6510_hu;30;bestaand meetpunt;hoofdtype aanwezig;2021-06-11;177338,76;169608,77
3;317202_1;;317202;0;2330;2330_bu;;bestaand meetpunt;hoofdtype aanwezig;2018-07-24;218845,68;202926,15
3;322002_1;559449_v2014;322002;1;4010;4010;30;bestaand meetpunt;hoofdtype aanwezig;2018-08-02;227805,52;193678,06
3;330194_1;562183_v2014;330194;1;4010;4010;100;bestaand meetpunt;hoofdtype aanwezig;2018-08-06;229181,56;193998,16
3;334046_1;625017_v2020;334046;1;4010;4010;70;nieuw meetpunt;hoofdtype aanwezig;;163165,60;225614,10
3;338386_1;566799_v2014;338386;1;2330;2330_bu;;bestaand meetpunt;hoofdtype aanwezig;2018-08-03;228829,61;193742,17
3;338898_1;587380_v2014;338898;1;4010;4010;;bestaand meetpunt;hoofdtype aanwezig;2018-08-07;229949,60;194702,16
3;342750_1;561026_v2018;342750;1;4010;4010;100;bestaand meetpunt;hoofdtype aanwezig;2019-08-09;158653,69;227662,14
3;344798_1;436409_v2018;344798;1;4010;4010;100;bestaand meetpunt;hoofdtype aanwezig;2019-08-01;154589,62;234094,06
3;347858_1;566657_v2014;347858;1;4010;4010;40;bestaand meetpunt;hoofdtype aanwezig;2018-07-30;224669,58;193166,16
3;357086_1;667831_v2014;357086;1;4010;4010;100;bestaand meetpunt;hoofdtype aanwezig;2019-06-27;154781,59;232366,14
3;358774_1;544620_v2016;358774;0;2310;2310;85;nieuw meetpunt;hoofdtype aanwezig;;218429,59;215886,11
3;359134_1;606426_v2018;359134;1;4010;4010;95;bestaand meetpunt;hoofdtype aanwezig;2019-08-09;158781,59;227886,10
3;367602_1;655586_v2014;367602;1;4010;4010;100;nieuw meetpunt;hoofdtype aanwezig;;239229,59;179982,11
3;374002_1;344913_v2020;374002;0;6510;6510_hu;30;nieuw meetpunt;hoofdtype aanwezig;;239197,59;174894,11
3;375702_1;597024_v2018;375702;0;6510;6510_hu;60;nieuw meetpunt;hoofdtype aanwezig;;163229,59;210414,11
3;375926_1;475878_v2018;375926;0;2330;2330_bu;100;nieuw meetpunt;hoofdtype aanwezig;;209693,59;210542,11
3;380638_1;415008_v2018;380638;1;4010;4010;100;bestaand meetpunt;hoofdtype aanwezig;2019-08-08;155837,60;228974,10
3;382254_1;534898_v2018;382254;1;4010;4010;70;nieuw meetpunt;hoofdtype aanwezig;;188861,60;227406,10
3;382742_1;618103_v2014;382742;0;6510;6510_hu;100;nieuw meetpunt;hoofdtype aanwezig;;155133,59;193902,11
3;383346_1;610137_v2014;383346;0;6510;6510_hu;100;nieuw meetpunt;hoofdtype aanwezig;;224061,59;158510,11
3;386798_1;474327_v2018;386798;1;4010;4010;30;nieuw meetpunt;hoofdtype aanwezig;;205469,59;219918,11
3;388142_1;625422_v2020;388142;1;4010;4010;70;nieuw meetpunt;hoofdtype aanwezig;;193853,59;218766,11
3;390950_1;560194_v2018;390950;0;6510;6510_hu;90;nieuw meetpunt;hoofdtype aanwezig;;208125,59;164622,11
3;393950_1;508789_v2018;393950;1;4010;4010;100;bestaand meetpunt;hoofdtype aanwezig;2019-06-20;154013,58;233038,11
3;398790_1;570193_v2018;398790;0;6510;6510_hu;100;nieuw meetpunt;hoofdtype aanwezig;;169277,59;171918,11
3;407025_1;664525_v2014;407025;0;6510;6510_hu;40;nieuw meetpunt;hoofdtype aanwezig;;43229,59;193742,11
3;418166_1;551721_v2016;418166;0;2310;2310;80;nieuw meetpunt;hoofdtype aanwezig;;213309,60;210862,10
3;419270_1;614821_v2014;419270;0;6510;6510_hu;70;nieuw meetpunt;hoofdtype aanwezig;;165853,60;171246,10
3;425302_1;419847_v2020;425302;0;6510;6510_hu;100;nieuw meetpunt;hoofdtype aanwezig;;180221,60;186062,10
3;425494_1;439939_v2018;425494;0;6510;6510_hu;100;nieuw meetpunt;hoofdtype aanwezig;;154205,60;194318,10
3;426358_1;478310_v2016;426358;0;2310;2310;100;nieuw meetpunt;hoofdtype aanwezig;;212957,60;213198,10
3;438646_1;533349_v2020;438646;0;2330;2330_bu;100;nieuw meetpunt;hoofdtype aanwezig;;212413,60;214446,10
3;449142_1;641994_v2020;449142;0;2310;2310;100;nieuw meetpunt;hoofdtype aanwezig;;216797,60;206830,10
3;474614_1;630748_v2020;474614;1;2330;2330_bu;100;nieuw meetpunt;hoofdtype aanwezig;;199037,60;205230,10
3;484726_1;402611_v2018;484726;1;2330;2330_bu;100;nieuw meetpunt;hoofdtype aanwezig;;213821,60;214862,10
3;491126_1;540979_v2016;491126;1;2330;2330_bu;100;nieuw meetpunt;hoofdtype aanwezig;;211133,60;208462,10
3;513070_1;560267_v2018;513070;1;2330;2330_bu;100;nieuw meetpunt;hoofdtype aanwezig;;188605,60;219566,10
3;586462_1;474530_v2018;586462;1;2330;2330_bu;100;nieuw meetpunt;hoofdtype aanwezig;;154109,60;232302,10
3;589302_1;630741_v2020;589302;1;2330;2330_bu;100;nieuw meetpunt;hoofdtype aanwezig;;199197,60;204974,10
3;690390_1;562209_v2018;690390;1;2330;2330_bu;40;nieuw meetpunt;hoofdtype aanwezig;;177501,60;217838,10
3;750198_1;638865_v2020;750198;1;2330;2330_bu;100;bestaand meetpunt;hoofdtype aanwezig;2018-07-20;218429,50;203950,10
3;779734_1;632230_v2020;779734;1;2330;2330_bu;80;nieuw meetpunt;hoofdtype aanwezig;;185437,60;210638,10
3;786902_1;562296_v2018;786902;1;2330;2330_bu;60;nieuw meetpunt;hoofdtype aanwezig;;178109,60;218286,10
3;799454_1;546487_v2018;799454;1;2330;2330_bu;100;nieuw meetpunt;hoofdtype aanwezig;;153949,60;231054,10
3;808722_1;;808722;1;2330;2330_bu;;bestaand meetpunt;hoofdtype aanwezig;2018-07-19;218653,60;204238,00
3;815838_1;436632_v2018;815838;1;2330;2330_bu;80;nieuw meetpunt;hoofdtype aanwezig;;154301,60;232430,10
3;832222_1;447529_v2018;832222;1;2330;2330_bu;100;nieuw meetpunt;hoofdtype aanwezig;;154493,60;231630,10
3;869302_1;639349_v2020;869302;1;2330;2330_bu;100;nieuw meetpunt;hoofdtype aanwezig;;216125,60;200174,10
3;881590_1;639242_v2020;881590;1;2330;2330_bu;;bestaand meetpunt;hoofdtype aanwezig;2018-08-13;216605,60;199182,10
3;901945_1;;901945;1;6510;6510_hu;;nieuw meetpunt;hoofdtype aanwezig;;131165,60;162894,10
3;902589_1;517567_v2018;902589;1;6510;6510_hu;70;nieuw meetpunt;hoofdtype aanwezig;;142845,60;222574,10
3;924722_1;533685_v2018;924722;1;6510;6510_hu;70;nieuw meetpunt;hoofdtype aanwezig;;224733,60;174798,10
3;938262_1;417830_v2020;938262;1;6510;6510_hu;70;bestaand meetpunt;hoofdtype aanwezig;2018-06-08;165629,60;187694,10
3;949222_1;509978_v2018;949222;1;6510;6510_hu;100;nieuw meetpunt;hoofdtype aanwezig;;205469,60;183438,10
3;950238_1;437242_v2018;950238;1;6510;6510_hu;20;nieuw meetpunt;hoofdtype aanwezig;;159453,60;225614,10
3;998709_1;601442_v2014;998709;1;6510;6510_hu;100;bestaand meetpunt;hoofdtype aanwezig;2020-05-29;78269,70;227310,20
3;1012446_1;474525_v2018;1012446;1;2330;2330_bu;100;nieuw meetpunt;hoofdtype aanwezig;;154237,59;232366,11
3;1018841_2;140949_v2020;1018841;1;6510;6510_hu;100;bestaand meetpunt;hoofdtype aanwezig;2020-05-26;109376,38;168022,50
3;1023282_1;423187_v2020;1023282;1;6510;6510_hu;;bestaand meetpunt;hoofdtype aanwezig;2018-06-11;224797,60;178254,20
3;1047090_1;249556_v2020;1047090;1;2330;2330_bu;100;nieuw meetpunt;hoofdtype aanwezig;;227421,59;183790,11
3;1047702_1;491111_v2018;1047702;1;6510;6510_hu;60;nieuw meetpunt;hoofdtype aanwezig;;167645,59;206126,11
3;1048566_1;515734_v2018;1048566;1;2330;2330;100;nieuw meetpunt;hoofdtype aanwezig;;187485,59;216878,11
3;1052582_1;381299_v2020;1052582;1;6510;6510_hu;;bestaand meetpunt;hoofdtype aanwezig;2018-05-31;185885,64;181038,14
3;1062514_1;663170_v2014;1062514;1;6510;6510_hu;70;bestaand meetpunt;hoofdtype aanwezig;2020-05-27;226461,42;166958,43
3;1068793_1;;1068793;1;6510;6510_hu;;bestaand meetpunt;hoofdtype aanwezig;2020-05-27;124285,59;182606,02
3;1095890_1;639006_v2020;1095890;1;6510;6510_hu;40;nieuw meetpunt;hoofdtype aanwezig;;219517,59;198638,11
3;1097222_2;;1097222;1;6510;6510_hu;;bestaand meetpunt;hoofdtype aanwezig;2018-06-05;157989,97;166450,45
3;1132838_2;354824_v2016;1132838;1;6510;6510_hu;50;bestaand meetpunt;hoofdtype aanwezig;2018-05-23;213239,12;161358,01
3;1137929_1;552581_v2018;1137929;0;2330;2330_dw;100;nieuw meetpunt;subtype aanwezig;;117149,59;206990,11
3;1163750_2;666092_v2014;1163750;1;6510;6510_hu;20;bestaand meetpunt;hoofdtype aanwezig;2018-05-25;202790,73;170515,30
3;1894033_1;163482_v2020;1894033;0;6510;6510_hua;100;nieuw meetpunt;subtype aanwezig;;36157,59;183790,11
3;2033297_1;163482_v2020;2033297;0;6510;6510_hua;100;nieuw meetpunt;subtype aanwezig;;36253,59;183694,11
3;2037393_2;173680_v2020;2037393;0;6510;6510_hua;100;bestaand meetpunt;subtype aanwezig;2019-06-05;36413,57;183951,43
3;2135697_1;145548_v2020;2135697;0;6510;6510_hua;100;nieuw meetpunt;subtype aanwezig;;38109,59;183982,11
3;2160273_1;173625_v2020;2160273;0;6510;6510_hua;80;nieuw meetpunt;subtype aanwezig;;36477,59;183470,11
3;2201202_2;449297_v2018;2201202;1;6510;6510_huk;;bestaand meetpunt;subtype aanwezig;2020-05-27;222874,54;167562,85
3;2204658_1;419723_v2020;2204658;1;2330;2330_dw;100;nieuw meetpunt;subtype aanwezig;;239069,59;183918,11
3;2280566_1;510257_v2018;2280566;1;2330;2330_dw;60;nieuw meetpunt;subtype aanwezig;;207709,59;213966,11
3;2299537_2;163483_v2020;2299537;0;6510;6510_hua;100;bestaand meetpunt;subtype aanwezig;2019-06-05;36668,54;183883,90
3;2317298_1;358560_v2020;2317298;1;2330;2330_dw;80;nieuw meetpunt;subtype aanwezig;;240829,60;180718,10
3;2343922_1;419692_v2020;2343922;1;2330;2330_dw;20;nieuw meetpunt;subtype aanwezig;;238717,59;183630,11
3;2371154_1;419616_v2020;2371154;1;2330;2330_dw;100;nieuw meetpunt;subtype aanwezig;;237533,59;187278,11
3;2410009_2;615084_v2014;2410009;0;6510;6510_hua;100;bestaand meetpunt;subtype aanwezig;2019-06-06;94432,13;168846,95
3;2445614_1;559349_v2018;2445614;1;2330;2330_dw;70;nieuw meetpunt;subtype aanwezig;;191229,59;229774,11
3;2460790_1;528729_v2018;2460790;1;2330;2330_dw;40;nieuw meetpunt;subtype aanwezig;;207229,59;213166,11
3;2506806_1;543817_v2018;2506806;1;2330;2330_dw;90;nieuw meetpunt;subtype aanwezig;;197021,59;189998,11
3;2532726_1;532294_v2018;2532726;1;2330;2330_dw;30;nieuw meetpunt;subtype aanwezig;;212893,59;216046,11
3;2553489_1;115262_v2020;2553489;0;6510;6510_hua;100;nieuw meetpunt;subtype aanwezig;;37053,59;183598,11
3;2633298_1;419616_v2020;2633298;1;2330;2330_dw;100;nieuw meetpunt;subtype aanwezig;;237437,59;186862,11
3;2635657_1;187851_v2020;2635657;1;2330;2330_dw;100;nieuw meetpunt;subtype aanwezig;;120093,60;188974,10
3;2684561_1;173625_v2020;2684561;0;6510;6510_hua;80;nieuw meetpunt;subtype aanwezig;;36413,59;183662,11
3;2733713_2;173672_v2020;2733713;0;6510;6510_hua;100;bestaand meetpunt;subtype aanwezig;2019-06-05;37446,81;183682,29
3;2891673_2;599110_v2014;2891673;0;6510;6510_hua;70;bestaand meetpunt;subtype aanwezig;2020-06-05;94843,47;169832,25
3;2911526_2;346566_v2014;2911526;0;6510;6510_hus;;bestaand meetpunt;subtype aanwezig;2020-05-26;217151,13;164464,49
3;2922993_1;173739_v2020;2922993;0;6510;6510_hua;100;nieuw meetpunt;subtype aanwezig;;40189,59;186030,11
3;2942609_2;;2942609;0;6510;6510_hua;;bestaand meetpunt;subtype aanwezig;2019-06-05;36350,54;183788,93
3;3132850_1;598288_v2014;3132850;0;6510;6510_huk;20;bestaand meetpunt;subtype aanwezig;2020-05-28;247805,58;162798,11
3;3153026_1;588998_v2014;3153026;1;6510;6510_huk;100;bestaand meetpunt;subtype aanwezig;2020-05-22;256733,61;161454,16
3;3173042_1;649072_v2014;3173042;1;6510;6510_huk;90;bestaand meetpunt;subtype aanwezig;2020-06-02;245565,52;161038,18
3;3366786_1;447541_v2014;3366786;0;6510;6510_huk;20;bestaand meetpunt;subtype aanwezig;2019-06-19;256221,67;157710,12
3;3432322_1;447541_v2014;3432322;0;6510;6510_huk;20;bestaand meetpunt;subtype aanwezig;2019-06-19;256317,63;157582,12
3;3829634_2;590218_v2014;3829634;1;6510;6510_huk;100;bestaand meetpunt;subtype aanwezig;2019-06-18;258363,65;159342,50
3;3956146_1;614357_v2014;3956146;1;6510;6510_huk;100;bestaand meetpunt;subtype aanwezig;2018-06-11;249885,61;161678,14
3;4256642_1;615256_v2014;4256642;1;6510;6510_huk;100;bestaand meetpunt;subtype aanwezig;2018-06-28;254461,60;159694,10
3;4330770_1;632717_v2020;4330770;1;6510;6510_hus;;bestaand meetpunt;subtype aanwezig;2020-05-27;219133,60;217390,10
3;4346754_1;484262_v2014;4346754;1;6510;6510_huk;40;bestaand meetpunt;subtype aanwezig;2019-06-18;253565,60;157646,10
3;4417666_1;614241_v2014;4417666;1;6510;6510_huk;100;bestaand meetpunt;subtype aanwezig;2018-06-27;253117,60;161582,10
3;4502402_1;569449_v2014;4502402;1;6510;6510_huk;100;bestaand meetpunt;subtype aanwezig;2018-06-28;254557,50;159630,40
3;5313810_1;594520_v2020;5313810;1;6510;6510_hus;;bestaand meetpunt;subtype aanwezig;2020-05-19;219261,50;217294,10
3;5474582_1;275809_v2020;5474582;1;6510;6510_hus;100;bestaand meetpunt;subtype aanwezig;2019-05-15;164573,60;187214,10
3;6165778_1;632711_v2020;6165778;1;6510;6510_hus;100;bestaand meetpunt;subtype aanwezig;2020-05-19;218813,60;217326,20
3;6201542_1;436239_v2014;6201542;0;6510;6510_hus;30;bestaand meetpunt;subtype aanwezig;2019-05-23;163037,50;184270,10
3;6427922_1;632714_v2020;6427922;1;6510;6510_hus;70;bestaand meetpunt;subtype aanwezig;2019-06-04;219101,60;217518,20
3;6448478_1;627843_v2014;6448478;1;6510;6510_hus;28;bestaand meetpunt;subtype aanwezig;2018-05-24;177501,60;241262,10
3;6523158_2;275809_v2020;6523158;1;6510;6510_hus;100;bestaand meetpunt;subtype aanwezig;2019-05-16;164413,70;187190,20
3;7062294_1;107593_v2014;7062294;0;6510;6510_hus;100;bestaand meetpunt;subtype aanwezig;2019-05-15;155101,60;186382,10
3;7148818_1;632719_v2020;7148818;1;6510;6510_hus;;bestaand meetpunt;subtype aanwezig;2018-06-12;219197,60;217422,10
