polygon_id;point_code_vervang;grts_ranking;rank_rel_polygon;rank_rel_buffer;x;y
103080_v2014;1285121_1;23763968;1;1;56605,59;211950,11
103080_v2014;1285121_1;45587456;2;2;56573,59;211918,11
103080_v2014;1285121_1;57318400;3;3;56637,59;211950,11
121306_v2014;2034782_1;7801950;1;1;179005,59;242926,11
121306_v2014;2034782_1;16190558;2;2;179069,59;242926,11
121306_v2014;2034782_1;32967774;3;3;179037,59;242958,11
121306_v2014;2034782_1;35589216;4;4;179037,59;242862,11
121306_v2014;2034782_1;45550688;5;5;179069,59;242990,11
121306_v2014;2034782_1;49744992;6;6;179069,59;242958,11
121306_v2014;2034782_1;60755040;7;7;179037,59;242830,11
121306_v2014;2034782_1;66522208;8;8;179037,59;242926,11
301444_v2016;1032326_1;5226630;1;1;179517,59;181966,11
309192_v2020;802950_1;1130630;1;1;178173,59;182734,11
309192_v2020;802950_1;2031750;2;2;178269,59;182766,11
309192_v2020;802950_1;30163078;3;3;178205,59;182734,11
309192_v2020;802950_1;31391878;4;4;178205,59;182766,11
309192_v2020;802950_1;34537608;5;5;178333,59;182766,11
309192_v2020;802950_1;46940296;6;6;178237,59;182734,11
309192_v2020;802950_1;48169096;7;7;178237,59;182766,11
309192_v2020;802950_1;51134600;8;8;178301,59;182734,11
309192_v2020;802950_1;51462280;9;9;178173,59;182702,11
309192_v2020;802950_1;52363400;10;10;178301,59;182766,11
309192_v2020;802950_1;55312520;11;11;178173,59;182766,11
309192_v2020;802950_1;64946312;12;12;178205,59;182798,11
315546_v2020;4713670_1;21490886;1;1;162685,59;179662,11
315546_v2020;4713670_1;25984198;2;;162717,59;179758,11
315546_v2020;4713670_1;31227078;3;2;162685,59;179726,11
315546_v2020;4713670_1;34372808;4;3;162749,59;179726,11
315546_v2020;4713670_1;48004296;5;4;162685,59;179694,11
315546_v2020;4713670_1;51150024;6;5;162717,59;179726,11
315546_v2020;4713670_1;63433928;7;6;162685,59;179598,11
315629_v2016;2139858_1;4761298;1;1;224509,59;188622,11
315629_v2016;2139858_1;38315728;2;2;224509,59;188590,11
315629_v2016;2139858_1;65840848;3;3;224541,59;188654,11
316609_v2016;5728454_1;14117062;1;1;168797,59;177646,11
316609_v2016;5728454_1;16214214;2;2;168861,59;177710,11
316609_v2016;5728454_1;22505670;3;3;168829,59;177710,11
316609_v2016;5728454_1;24602822;4;4;168861,59;177646,11
316609_v2016;5728454_1;30894278;5;5;168829,59;177678,11
316609_v2016;5728454_1;41380040;6;6;168861,59;177678,11
316609_v2016;5728454_1;47671496;7;7;168797,59;177678,11
316609_v2016;5728454_1;58157256;8;8;168893,59;177678,11
316609_v2016;5728454_1;64448712;9;9;168829,59;177646,11
316609_v2016;5728454_1;66545864;10;10;168893,59;177710,11
316746_v2016;5295334_1;22072550;1;1;216701,59;176014,11
316746_v2016;5295334_1;39898344;3;2;216765,59;176046,11
316746_v2016;5295334_1;44092648;5;3;216733,59;176014,11
316746_v2016;6343910_1;22072550;1;1;216701,59;176014,11
316746_v2016;6343910_1;39898344;3;2;216765,59;176046,11
316746_v2016;6343910_1;44092648;5;3;216733,59;176014,11
328476_v2016;1926866_1;2975442;1;1;223421,59;188302,11
328476_v2016;1926866_1;4024018;2;2;223421,59;188238,11
328476_v2016;1926866_1;6121170;3;3;223325,59;188174,11
328476_v2016;1926866_1;18704082;4;4;223357,59;188238,11
328476_v2016;1926866_1;19752658;5;5;223389,59;188270,11
328476_v2016;1926866_1;35481296;6;6;223325,59;188206,11
328476_v2016;1926866_1;36529872;7;7;223421,59;188270,11
328476_v2016;1926866_1;37578448;8;8;223389,59;188238,11
328476_v2016;1926866_1;38627024;9;9;223357,59;188270,11
328476_v2016;1926866_1;52258512;10;10;223357,59;188206,11
328476_v2016;1926866_1;60647120;11;11;223293,59;188174,11
328476_v2016;1926866_1;64841424;12;12;223293,59;188206,11
342352_v2020;732114_1;2829266;1;1;230781,59;194766,11
342352_v2020;732114_1;3353554;2;2;230813,59;194798,11
342352_v2020;732114_1;6499282;3;3;230717,59;194798,11
342352_v2020;732114_1;10693586;4;4;230781,59;194830,11
342352_v2020;732114_1;11217874;5;5;230717,59;194702,11
342352_v2020;732114_1;13315026;6;6;230813,59;194702,11
342352_v2020;732114_1;15412178;7;7;230781,59;194670,11
342352_v2020;732114_1;20130770;8;8;230813,59;194830,11
342352_v2020;732114_1;27470802;9;9;230749,59;194830,11
342352_v2020;732114_1;32189394;10;10;230749,59;194702,11
342352_v2020;732114_1;36383696;11;11;230749,59;194734,11
342352_v2020;732114_1;44248016;12;12;230749,59;194798,11
342352_v2020;732114_1;46869456;13;13;230813,59;194670,11
342352_v2020;732114_1;48966608;14;14;230749,59;194670,11
342352_v2020;732114_1;49490896;15;15;230813,59;194862,11
342352_v2020;732114_1;51063760;16;16;230813,59;194734,11
342352_v2020;732114_1;53160912;17;17;230781,59;194734,11
342352_v2020;732114_1;56830928;18;18;230717,59;194830,11
342352_v2020;732114_1;61025232;19;19;230781,59;194798,11
342352_v2020;732114_1;65743824;20;20;230781,59;194702,11
357136_v2020;983346_1;4522290;1;;221533,59;183214,11
357136_v2020;983346_1;8716594;2;1;221501,59;183214,11
357136_v2020;983346_1;13697330;3;2;221437,59;183214,11
357136_v2020;983346_1;17760562;4;3;221437,59;183278,11
357136_v2020;983346_1;21299506;5;;221533,59;183246,11
357136_v2020;983346_1;25493810;6;4;221469,59;183214,11
357136_v2020;983346_1;30474546;7;5;221437,59;183246,11
357136_v2020;983346_1;42271024;8;6;221501,59;183246,11
357136_v2020;983346_1;47251760;9;7;221405,59;183246,11
357136_v2020;983346_1;59048240;10;8;221469,59;183246,11
357136_v2020;983346_1;64028976;11;9;221405,59;183214,11
357286_v2020;2746674_1;9300274;1;1;226013,59;183374,11
357286_v2020;2746674_1;11135282;2;2;226109,59;183470,11
357286_v2020;2746674_1;14543154;3;3;226045,59;183406,11
357286_v2020;2746674_1;15329586;4;4;226173,59;183470,11
357286_v2020;2746674_1;19523890;5;5;226077,59;183438,11
357286_v2020;2746674_1;31320370;6;6;226013,59;183438,11
357286_v2020;2746674_1;36301104;7;7;226109,59;183438,11
357286_v2020;2746674_1;40495408;8;8;226141,59;183438,11
357286_v2020;2746674_1;42854704;9;9;226045,59;183374,11
357286_v2020;2746674_1;48097584;10;10;226045,59;183438,11
357286_v2020;2746674_1;48884016;11;11;226141,59;183470,11
357286_v2020;2746674_1;53078320;12;12;226077,59;183406,11
357286_v2020;2746674_1;54126896;13;13;226077,59;183374,11
358354_v2020;940882_1;5135186;1;1;235805,59;196014,11
358354_v2020;940882_1;9067346;2;2;235773,59;196014,11
358354_v2020;940882_1;17455954;3;3;235773,59;195982,11
358354_v2020;940882_1;34233168;4;4;235741,59;195982,11
358354_v2020;940882_1;42621776;5;5;235773,59;196046,11
358354_v2020;940882_1;51010384;6;6;235773,59;195950,11
358354_v2020;940882_1;55466832;7;7;235805,59;196046,11
358354_v2020;940882_1;59398992;8;8;235741,59;196014,11
358804_v2020;4763782_1;3715206;1;1;179069,59;184622,11
358804_v2020;4763782_1;11055238;2;2;179133,59;184686,11
358804_v2020;4763782_1;14200966;3;3;179069,59;184686,11
358804_v2020;4763782_1;21540998;4;4;179101,59;184654,11
358804_v2020;4763782_1;27832454;5;5;179133,59;184718,11
358804_v2020;4763782_1;44609672;6;6;179101,59;184686,11
358804_v2020;4763782_1;47755400;7;7;179069,59;184718,11
358804_v2020;4763782_1;61386888;8;8;179101,59;184718,11
380719_v2020;1528758_1;6771638;1;1;216285,59;198254,11
380719_v2020;1528758_1;15160246;2;2;216253,59;198286,11
380719_v2020;1528758_1;18305974;3;3;216317,59;198222,11
380719_v2020;1528758_1;23024566;4;4;216381,59;198286,11
380719_v2020;1528758_1;23548854;5;5;216317,59;198286,11
380719_v2020;1528758_1;30888886;6;6;216253,59;198190,11
380719_v2020;1528758_1;31937462;7;7;216253,59;198254,11
380719_v2020;1528758_1;35083192;8;8;216285,59;198222,11
380719_v2020;1528758_1;39801784;9;9;216349,59;198254,11
380719_v2020;1528758_1;40326072;10;10;216285,59;198286,11
380719_v2020;1528758_1;47666104;11;11;216253,59;198222,11
380719_v2020;1528758_1;51860408;12;12;216285,59;198190,11
380719_v2020;1528758_1;56054712;13;13;216285,59;198158,11
380719_v2020;1528758_1;56579000;14;14;216349,59;198286,11
380719_v2020;1528758_1;57103288;15;15;216317,59;198254,11
380719_v2020;1528758_1;65491896;16;16;216221,59;198286,11
380730_v2020;80822_1;8469430;3;1;214013,59;196814,11
380730_v2020;80822_1;9255862;5;2;213917,59;196846,11
380730_v2020;80822_1;25246646;16;3;213981,59;196782,11
380730_v2020;80822_1;26033078;17;4;213949,59;196846,11
380730_v2020;80822_1;27081654;19;5;213885,59;196846,11
380730_v2020;80822_1;37829560;27;6;213949,59;196814,11
380730_v2020;80822_1;38615992;29;7;213981,59;196846,11
380730_v2020;80822_1;39926712;31;8;213885,59;196814,11
380730_v2020;80822_1;42023864;33;9;214013,59;196782,11
380730_v2020;80822_1;44448696;36;10;214045,59;196782,11
380730_v2020;80822_1;50412472;39;11;213981,59;196718,11
380730_v2020;80822_1;54606776;43;12;213917,59;196814,11
380730_v2020;80822_1;55393208;45;13;214013,59;196846,11
380730_v2020;80822_1;58801080;48;14;213981,59;196814,11
380730_v2020;80822_1;61225912;53;15;214045,59;196814,11
380730_v2020;80822_1;63585208;55;16;214045,59;196846,11
380730_v2020;867254_1;1915830;1;1;213853,59;196910,11
380730_v2020;867254_1;5061558;2;2;213981,59;196878,11
380730_v2020;867254_1;8469430;3;3;214013,59;196814,11
380730_v2020;867254_1;9255862;5;4;213917,59;196846,11
380730_v2020;867254_1;10304438;7;5;213853,59;196878,11
380730_v2020;867254_1;13253558;8;6;214045,59;196878,11
380730_v2020;867254_1;13450166;9;7;213981,59;196910,11
380730_v2020;867254_1;16595894;10;8;213917,59;196974,11
380730_v2020;867254_1;17644470;11;9;213917,59;196910,11
380730_v2020;867254_1;18693046;12;10;213853,59;196942,11
380730_v2020;867254_1;19741622;13;11;213885,59;196974,11
380730_v2020;867254_1;20790198;14;12;213981,59;197006,11
380730_v2020;867254_1;21838774;15;13;214013,59;196878,11
380730_v2020;867254_1;26033078;17;14;213949,59;196846,11
380730_v2020;867254_1;27081654;19;15;213885,59;196846,11
380730_v2020;867254_1;30227382;21;16;214013,59;196942,11
380730_v2020;867254_1;33373110;22;17;213949,59;196974,11
380730_v2020;867254_1;34421688;23;18;213949,59;196942,11
380730_v2020;867254_1;35470264;24;19;213885,59;196910,11
380730_v2020;867254_1;36518840;25;20;213853,59;196974,11
380730_v2020;867254_1;37567416;26;21;214013,59;196974,11
380730_v2020;867254_1;37829560;27;22;213949,59;196814,11
380730_v2020;867254_1;38615992;29;23;213981,59;196846,11
380730_v2020;867254_1;39926712;31;24;213885,59;196814,11
380730_v2020;867254_1;42810296;34;25;213949,59;196878,11
380730_v2020;867254_1;43858872;35;26;213885,59;196878,11
380730_v2020;867254_1;47004600;37;27;213981,59;196942,11
380730_v2020;867254_1;50150328;38;28;213949,59;197006,11
380730_v2020;867254_1;51198904;40;29;213917,59;196942,11
380730_v2020;867254_1;52247480;41;30;213885,59;196942,11
380730_v2020;867254_1;54344632;42;31;213981,59;196974,11
380730_v2020;867254_1;54606776;43;32;213917,59;196814,11
380730_v2020;867254_1;55393208;45;33;214013,59;196846,11
380730_v2020;867254_1;56703928;47;34;213853,59;196814,11
380730_v2020;867254_1;58801080;48;35;213981,59;196814,11
380730_v2020;867254_1;59390904;50;36;214045,59;196910,11
380730_v2020;867254_1;59587512;51;37;213917,59;196878,11
380730_v2020;867254_1;60636088;52;38;213853,59;196846,11
380730_v2020;867254_1;61225912;53;39;214045,59;196814,11
380730_v2020;867254_1;63585208;55;40;214045,59;196846,11
380730_v2020;867254_1;63781816;57;41;214013,59;196910,11
380730_v2020;867254_1;66927544;58;42;213917,59;197006,11
382203_v2016;1097398_1;34651832;1;1;218013,59;189390,11
384251_v2018;1078994_1;3176146;1;1;226013,59;187758,11
384251_v2018;1078994_1;5011154;2;2;226077,59;187726,11
384251_v2018;1078994_1;5273298;3;3;226013,59;187694,11
384251_v2018;1078994_1;6321874;4;4;225885,59;187758,11
384251_v2018;1078994_1;7370450;5;5;225981,59;187822,11
384251_v2018;1078994_1;9467602;6;6;226013,59;187662,11
384251_v2018;1078994_1;10254034;7;7;226077,59;187790,11
384251_v2018;1078994_1;12613330;8;8;225885,59;187694,11
384251_v2018;1078994_1;13661906;9;9;225949,59;187630,11
384251_v2018;1078994_1;15759058;10;10;225981,59;187758,11
384251_v2018;1078994_1;17856210;11;11;225949,59;187726,11
384251_v2018;1078994_1;19953362;12;12;226045,59;187758,11
384251_v2018;1078994_1;22050514;13;13;226045,59;187726,11
384251_v2018;1078994_1;22836946;14;14;226077,59;187822,11
384251_v2018;1078994_1;23099090;15;15;225917,59;187758,11
384251_v2018;1078994_1;29390546;16;16;225917,59;187726,11
384251_v2018;1078994_1;30439122;17;17;225981,59;187630,11
384251_v2018;1078994_1;32536274;18;18;225949,59;187758,11
384251_v2018;1078994_1;35682000;19;19;225885,59;187822,11
384251_v2018;1078994_1;36730576;20;20;226045,59;187790,11
384251_v2018;1078994_1;38565584;21;21;226077,59;187694,11
384251_v2018;1078994_1;38827728;22;22;226013,59;187726,11
384251_v2018;1078994_1;39876304;23;23;225885,59;187790,11
384251_v2018;1078994_1;40924880;24;24;225949,59;187822,11
384251_v2018;1078994_1;43022032;25;25;226045,59;187662,11
384251_v2018;1078994_1;43808464;26;26;226077,59;187758,11
384251_v2018;1078994_1;45119184;27;27;226045,59;187822,11
384251_v2018;1078994_1;46167760;28;28;225917,59;187694,11
384251_v2018;1078994_1;47216336;29;29;225981,59;187662,11
384251_v2018;1078994_1;49313488;30;30;225949,59;187790,11
384251_v2018;1078994_1;52459216;31;31;225917,59;187822,11
384251_v2018;1078994_1;53507792;32;32;226013,59;187790,11
384251_v2018;1078994_1;55604944;33;33;226045,59;187694,11
384251_v2018;1078994_1;56653520;34;34;225917,59;187790,11
384251_v2018;1078994_1;61896400;35;35;226013,59;187822,11
384251_v2018;1078994_1;63993552;36;36;225949,59;187662,11
384251_v2018;1078994_1;66090704;37;37;225981,59;187790,11
385647_v2016;733862_1;34288296;1;1;197789,59;174350,11
386318_v2020;100050_1;8488658;1;1;224957,59;188910,11
386318_v2020;100050_1;11929298;2;2;224957,59;188846,11
386318_v2020;100050_1;16877266;3;3;225021,59;188942,11
386318_v2020;100050_1;41289424;4;4;224925,59;188814,11
386318_v2020;100050_1;42043088;5;5;224925,59;188910,11
386318_v2020;100050_1;50431696;6;6;224989,59;188942,11
386318_v2020;100050_1;62260944;7;7;224957,59;188878,11
392297_v2018;359122_1;3766994;1;1;222557,59;188398,11
392297_v2018;359122_1;4553426;2;2;222365,59;188430,11
392297_v2018;359122_1;7961298;3;3;222557,59;188462,11
392297_v2018;359122_1;8747730;4;4;222461,59;188430,11
392297_v2018;359122_1;12155602;5;5;222493,59;188398,11
392297_v2018;359122_1;12942034;6;6;222397,59;188462,11
392297_v2018;359122_1;16349906;7;7;222525,59;188494,11
392297_v2018;359122_1;17136338;8;8;222429,59;188462,11
392297_v2018;359122_1;20544210;9;9;222557,59;188430,11
392297_v2018;359122_1;21330642;10;10;222397,59;188430,11
392297_v2018;359122_1;25524946;11;11;222429,59;188398,11
392297_v2018;359122_1;28932818;12;12;222493,59;188430,11
392297_v2018;359122_1;29719250;13;13;222365,59;188494,11
392297_v2018;359122_1;33127122;14;14;222493,59;188462,11
392297_v2018;359122_1;33913552;15;15;222429,59;188494,11
392297_v2018;359122_1;38107856;16;16;222397,59;188398,11
392297_v2018;359122_1;42302160;17;17;222461,59;188398,11
392297_v2018;359122_1;45710032;18;18;222525,59;188430,11
392297_v2018;359122_1;46496464;19;19;222365,59;188462,11
392297_v2018;359122_1;49904336;20;20;222525,59;188462,11
392297_v2018;359122_1;50690768;21;21;222461,59;188494,11
392297_v2018;359122_1;54885072;22;22;222365,59;188398,11
392297_v2018;359122_1;55999184;23;23;222525,59;188366,11
392297_v2018;359122_1;58292944;24;24;222557,59;188494,11
392297_v2018;359122_1;59079376;25;25;222429,59;188430,11
392297_v2018;359122_1;60193488;26;26;222557,59;188366,11
392297_v2018;359122_1;62487248;27;27;222525,59;188398,11
392297_v2018;359122_1;63273680;28;28;222397,59;188494,11
392297_v2018;359122_1;66681552;29;29;222493,59;188494,11
410356_v2020;709330_1;17486546;1;1;220253,59;193262,11
410356_v2020;709330_1;30069458;2;2;220285,59;193326,11
410356_v2020;709330_1;32166610;3;3;220317,59;193262,11
410356_v2020;709330_1;34263760;4;4;220253,59;193294,11
410356_v2020;709330_1;42652368;5;5;220221,59;193294,11
410356_v2020;709330_1;44749520;6;6;220317,59;193326,11
410356_v2020;709330_1;48943824;7;7;220317,59;193294,11
410356_v2020;709330_1;51040976;8;8;220285,59;193294,11
410356_v2020;709330_1;51827408;9;9;220349,59;193230,11
410356_v2020;709330_1;65721040;10;10;220349,59;193262,11
412468_v2020;115334_1;21086854;1;1;172765,59;170286,11
412737_v2020;379222_1;1427798;1;1;183773,59;189582,11
412737_v2020;379222_1;51759448;2;2;183805,59;189550,11
413007_v2020;946518_1;5140822;1;1;184893,59;190638,11
413007_v2020;946518_1;21918038;2;2;184893,59;190670,11
413007_v2020;946518_1;38695256;3;3;184861,59;190670,11
413007_v2020;946518_1;41054552;4;4;184861,59;190702,11
413007_v2020;946518_1;57831768;5;5;184861,59;190734,11
413191_v2020;1487190_1;1749334;1;1;184573,59;191022,11
413191_v2020;1487190_1;9875798;2;2;184701,59;191054,11
413191_v2020;1487190_1;14332246;3;3;184573,59;190958,11
413191_v2020;1487190_1;18264406;4;4;184637,59;190958,11
413191_v2020;1487190_1;22720854;5;5;184509,59;190958,11
413191_v2020;1487190_1;31109462;6;6;184541,59;190990,11
413191_v2020;1487190_1;35041624;7;7;184637,59;190990,11
413191_v2020;1487190_1;43430232;8;8;184669,59;191022,11
413191_v2020;1487190_1;47886680;9;9;184541,59;190958,11
413191_v2020;1487190_1;56029528;10;10;184541,59;190926,11
413191_v2020;1487190_1;60207448;11;11;184669,59;191054,11
413191_v2020;1487190_1;64663896;12;12;184573,59;190990,11
414571_v2020;626614_1;14258102;1;1;217053,59;197230,11
414571_v2020;626614_1;56201144;2;;217085,59;197294,11
415309_v2020;1009222_1;63333960;1;1;172989,59;166862,11
415369_v2018;966569_2;4112297;1;1;125341,59;199182,11
415369_v2018;966569_2;5160873;2;2;125213,59;199182,11
415369_v2018;966569_2;16695209;3;3;125373,59;199246,11
415369_v2018;966569_2;17743784;4;4;125277,59;199150,11
415369_v2018;966569_2;26132392;5;5;125309,59;199246,11
415369_v2018;966569_2;29638568;6;6;125309,59;199118,11
415369_v2018;966569_2;30326696;7;7;125245,59;199246,11
415369_v2018;966569_2;33472424;8;8;125341,59;199246,11
415369_v2018;966569_2;34521000;9;9;125277,59;199182,11
415369_v2018;966569_2;37666728;10;10;125373,59;199150,11
415369_v2018;966569_2;38715304;11;11;125245,59;199182,11
415369_v2018;966569_2;42909608;12;12;125277,59;199214,11
415369_v2018;966569_2;46415784;13;13;125277,59;199118,11
415369_v2018;966569_2;51298216;14;14;125309,59;199182,11
415369_v2018;966569_2;54443944;15;15;125341,59;199150,11
415369_v2018;966569_2;59686824;16;16;125309,59;199214,11
415369_v2018;966569_2;67026856;17;17;125341,59;199214,11
420844_v2020;1276854_1;4160438;1;1;213309,59;196302,11
420844_v2020;1276854_1;8354742;2;2;213341,59;196270,11
420866_v2020;1653686_1;41499576;1;1;213597,59;196686,11
421712_v2020;670646_1;3816374;1;1;214109,59;196974,11
421712_v2020;670646_1;4864950;2;2;214109,59;196878,11
421712_v2020;670646_1;9059254;3;3;214077,59;196910,11
421712_v2020;670646_1;17447862;4;4;214141,59;196942,11
421712_v2020;670646_1;20593590;5;5;214141,59;197006,11
421712_v2020;670646_1;25836470;6;6;214077,59;196942,11
421712_v2020;670646_1;30030774;7;7;214077,59;196878,11
421712_v2020;670646_1;34225080;8;8;214109,59;196942,11
421712_v2020;670646_1;36322232;9;9;214173,59;197006,11
421712_v2020;670646_1;42613688;10;10;214045,59;196942,11
421712_v2020;670646_1;51002296;11;11;214141,59;196910,11
421712_v2020;670646_1;53099448;12;12;214173,59;196974,11
421712_v2020;670646_1;54148024;13;13;214141,59;196974,11
421712_v2020;670646_1;58342328;14;14;214077,59;196974,11
423938_v2020;552530_1;6843986;1;;237437,59;186702,11
423938_v2020;552530_1;17313362;2;1;237501,59;186862,11
423938_v2020;552530_1;17329746;3;2;237501,59;186830,11
423938_v2020;552530_1;36204112;4;;237405,59;186638,11
423938_v2020;552530_1;40398416;5;;237437,59;186670,11
423938_v2020;552530_1;42495568;6;3;237469,59;186734,11
423938_v2020;552530_1;48787024;7;;237373,59;186670,11
423938_v2020;552530_1;50884176;8;4;237469,59;186798,11
423938_v2020;552530_1;52981328;9;;237405,59;186606,11
423938_v2020;552530_1;57175632;10;;237405,59;186670,11
423938_v2020;552530_1;58224208;11;5;237437,59;186734,11
423938_v2020;552530_1;59272784;12;6;237469,59;186766,11
425381_v2020;1606742_1;8946774;1;1;183805,59;194638,11
425381_v2020;1606742_1;35161176;2;2;183805,59;194670,11
425381_v2020;1606742_1;50889816;3;3;183741,59;194574,11
425381_v2020;1606742_1;55084120;4;4;183741,59;194606,11
425381_v2020;1606742_1;59278424;5;5;183773,59;194638,11
425385_v2020;1582166_2;13141078;1;1;183773,59;194574,11
425385_v2020;1582166_2;18359382;2;2;183837,59;194574,11
425385_v2020;1582166_2;46695512;3;3;183773,59;194542,11
425385_v2020;1582166_2;47719512;4;4;183837,59;194606,11
425385_v2020;1582166_2;63472728;5;5;183805,59;194574,11
437242_v2018;688094_1;8028126;4;1;159261,59;225422,11
437242_v2018;688094_1;9076702;6;2;159357,59;225358,11
437242_v2018;688094_1;9924574;8;3;159229,59;225390,11
437242_v2018;688094_1;11042782;10;4;159357,59;225230,11
437242_v2018;688094_1;13271006;11;5;159357,59;225294,11
437242_v2018;688094_1;16416734;16;6;159357,59;225390,11
437242_v2018;688094_1;17465310;18;7;159293,59;225358,11
437242_v2018;688094_1;21659614;21;8;159261,59;225294,11
437242_v2018;688094_1;24805342;23;9;159293,59;225422,11
437242_v2018;688094_1;25853918;25;10;159357,59;225326,11
437242_v2018;688094_1;30048222;28;11;159325,59;225294,11
437242_v2018;688094_1;33193950;32;12;159357,59;225422,11
437242_v2018;688094_1;34242528;34;13;159261,59;225358,11
437242_v2018;688094_1;38436832;40;14;159293,59;225294,11
437242_v2018;688094_1;41582560;42;15;159293,59;225390,11
437242_v2018;688094_1;42631136;44;16;159325,59;225358,11
437242_v2018;688094_1;43479008;46;17;159229,59;225422,11
437242_v2018;688094_1;44597216;47;18;159325,59;225230,11
437242_v2018;688094_1;46825440;48;19;159325,59;225262,11
437242_v2018;688094_1;49971168;53;20;159325,59;225390,11
437242_v2018;688094_1;51019744;55;21;159293,59;225326,11
437242_v2018;688094_1;55214048;59;22;159293,59;225262,11
437242_v2018;688094_1;58359776;61;23;159261,59;225390,11
437242_v2018;688094_1;59408352;63;24;159325,59;225326,11
437242_v2018;688094_1;63602656;67;25;159357,59;225262,11
437242_v2018;688094_1;65568736;71;26;159293,59;225230,11
437242_v2018;688094_1;66748384;72;27;159325,59;225422,11
437242_v2018;950238_1;2523102;1;1;159549,59;225550,11
437242_v2018;950238_1;3047390;2;2;159357,59;225678,11
437242_v2018;950238_1;5144542;3;3;159485,59;225550,11
437242_v2018;950238_1;8290270;5;4;159485,59;225678,11
437242_v2018;950238_1;9338846;7;5;159421,59;225518,11
437242_v2018;950238_1;10387422;9;6;159357,59;225518,11
437242_v2018;950238_1;13533150;12;7;159421,59;225582,11
437242_v2018;950238_1;14057438;13;8;159549,59;225678,11
437242_v2018;950238_1;14581726;14;9;159357,59;225582,11
437242_v2018;950238_1;15106014;15;10;159517,59;225614,11
437242_v2018;950238_1;16678878;17;11;159389,59;225646,11
437242_v2018;950238_1;17727454;19;12;159485,59;225614,11
437242_v2018;950238_1;19300318;20;13;159517,59;225550,11
437242_v2018;950238_1;21921758;22;14;159485,59;225518,11
437242_v2018;950238_1;25067486;24;15;159485,59;225646,11
437242_v2018;950238_1;26116062;26;16;159389,59;225518,11
437242_v2018;950238_1;28213214;27;17;159357,59;225710,11
437242_v2018;950238_1;30310366;29;18;159389,59;225582,11
437242_v2018;950238_1;30834654;30;19;159517,59;225646,11
437242_v2018;950238_1;31883230;31;20;159517,59;225582,11
437242_v2018;950238_1;33456094;33;21;159421,59;225678,11
437242_v2018;950238_1;34504672;35;22;159453,59;225582,11
437242_v2018;950238_1;35028960;36;23;159517,59;225710,11
437242_v2018;950238_1;36077536;37;24;159549,59;225518,11
437242_v2018;950238_1;36601824;38;25;159357,59;225646,11
437242_v2018;950238_1;37650400;39;26;159389,59;225710,11
437242_v2018;950238_1;38698976;41;27;159453,59;225550,11
437242_v2018;950238_1;41844704;43;28;159453,59;225678,11
437242_v2018;950238_1;42893280;45;29;159421,59;225550,11
437242_v2018;950238_1;47087584;49;30;159389,59;225614,11
437242_v2018;950238_1;47611872;50;31;159549,59;225646,11
437242_v2018;950238_1;48136160;51;32;159357,59;225614,11
437242_v2018;950238_1;48660448;52;33;159549,59;225614,11
437242_v2018;950238_1;50233312;54;34;159389,59;225678,11
437242_v2018;950238_1;51281888;56;35;159485,59;225582,11
437242_v2018;950238_1;51806176;57;36;159549,59;225710,11
437242_v2018;950238_1;52854752;58;37;159517,59;225518,11
437242_v2018;950238_1;55476192;60;38;159453,59;225518,11
437242_v2018;950238_1;58621920;62;39;159453,59;225646,11
437242_v2018;950238_1;59670496;64;40;159389,59;225550,11
437242_v2018;950238_1;60719072;65;41;159357,59;225550,11
437242_v2018;950238_1;62816224;66;42;159485,59;225710,11
437242_v2018;950238_1;63864800;68;43;159421,59;225614,11
437242_v2018;950238_1;64389088;69;44;159517,59;225678,11
437242_v2018;950238_1;65437664;70;45;159549,59;225582,11
437242_v2018;950238_1;67010528;73;46;159421,59;225646,11
438790_v2018;1629877_1;18407092;1;1;69309,59;220110,11
438790_v2018;1629877_1;23649972;2;2;69213,59;220078,11
438790_v2018;1629877_1;57204404;3;3;69245,59;220078,11
438790_v2018;1629877_1;61398708;4;4;69213,59;220046,11
444311_v2016;1456905_1;40254216;1;1;107389,59;216622,11
444311_v2016;1456905_1;63585032;2;;107229,59;216622,11
445152_v2016;2875061_1;3661493;1;;69981,59;220366,11
445152_v2016;2875061_1;6020789;2;1;69949,59;220430,11
445152_v2016;2875061_1;6282933;3;2;69885,59;220462,11
445152_v2016;2875061_1;10215093;4;3;69981,59;220494,11
445152_v2016;2875061_1;14409397;5;4;69917,59;220462,11
445152_v2016;2875061_1;35380916;6;;69981,59;220398,11
445152_v2016;2875061_1;39575220;7;;69917,59;220398,11
445152_v2016;2875061_1;43769524;8;5;69981,59;220462,11
445152_v2016;2875061_1;47963828;9;6;69949,59;220494,11
445152_v2016;2875061_1;52158132;10;;70013,59;220398,11
445152_v2016;2875061_1;56352436;11;;69949,59;220398,11
445152_v2016;2875061_1;64741044;12;7;69949,59;220462,11
447094_v2018;941778_1;3038930;1;1;224125,59;190894,11
447094_v2018;941778_1;17718994;2;2;224157,59;190894,11
447094_v2018;941778_1;19816146;3;3;224125,59;190926,11
447094_v2018;941778_1;48963280;4;4;224157,59;190958,11
447474_v2018;2302646_1;5448374;1;1;214077,59;187982,11
447474_v2018;2302646_1;12853942;2;2;214013,59;187918,11
447474_v2018;2302646_1;18031286;3;3;214045,59;187918,11
447474_v2018;2302646_1;21242550;4;4;214013,59;187950,11
447474_v2018;2302646_1;22225590;5;5;214045,59;187950,11
447474_v2018;2302646_1;38019768;6;6;213981,59;187950,11
447474_v2018;2302646_1;39002808;7;7;214077,59;187950,11
447474_v2018;2302646_1;55780024;8;8;214045,59;187982,11
449047_v2018;491486_1;3637214;1;1;160253,59;225422,11
449047_v2018;491486_1;4685790;2;2;160189,59;225294,11
449047_v2018;491486_1;8880094;3;3;160157,59;225358,11
449047_v2018;491486_1;17268702;4;4;160253,59;225358,11
449047_v2018;491486_1;21463006;5;5;160157,59;225262,11
449047_v2018;491486_1;25657310;6;6;160189,59;225326,11
449047_v2018;491486_1;27197406;7;7;160285,59;225358,11
449047_v2018;491486_1;31391710;8;8;160285,59;225294,11
449047_v2018;491486_1;32997342;9;9;160189,59;225390,11
449047_v2018;491486_1;34045920;10;10;160221,59;225358,11
449047_v2018;491486_1;37191648;11;11;160221,59;225390,11
449047_v2018;491486_1;43974624;12;12;160285,59;225326,11
449047_v2018;491486_1;46628832;13;13;160221,59;225294,11
449047_v2018;491486_1;50823136;14;14;160253,59;225326,11
449047_v2018;491486_1;53968864;15;15;160253,59;225390,11
449047_v2018;491486_1;59211744;16;16;160189,59;225358,11
451805_v2016;1707701_1;10096309;1;1;69053,59;221358,11
451805_v2016;1707701_1;18484916;2;2;69085,59;221358,11
451805_v2016;1707701_1;43650740;3;3;69053,59;221390,11
451805_v2016;1707701_1;52039348;4;4;69085,59;221390,11
460947_v2018;394962_1;5899986;1;1;224989,59;188622,11
460947_v2018;394962_1;47843024;2;2;224925,59;188590,11
460947_v2018;394962_1;64620240;3;3;224957,59;188590,11
474249_v2016;2028213_1;6222517;1;1;63581,59;220686,11
474249_v2016;2028213_1;35582644;2;2;63613,59;220718,11
474349_v2018;878290_1;9266898;1;1;223293,59;188334,11
474349_v2018;878290_1;51209936;2;2;223293,59;188302,11
474955_v2016;2178497_1;27344320;1;1;76061,59;215502,11
479421_v2018;658869_1;33164724;1;1;61085,59;219534,11
479421_v2018;658869_1;66719156;2;2;61085,59;219502,11
480141_v2018;1301294_1;8117038;1;;194685,59;228782,11
480141_v2018;1301294_1;13622062;2;;194621,59;228462,11
480141_v2018;1301294_1;15457070;3;1;194749,59;228750,11
480141_v2018;1301294_1;21486382;4;;195069,59;228494,11
480141_v2018;1301294_1;21748526;5;2;194813,59;228686,11
480141_v2018;1301294_1;25680686;6;;195037,59;228526,11
480141_v2018;1301294_1;30661422;7;3;194909,59;228622,11
480141_v2018;1301294_1;41671472;8;;194653,59;228814,11
480141_v2018;1301294_1;42982192;9;;194685,59;228526,11
480141_v2018;1301294_1;44817200;10;4;194781,59;228718,11
480141_v2018;1301294_1;47438640;11;5;194941,59;228590,11
480141_v2018;1301294_1;51108656;12;6;194813,59;228622,11
480141_v2018;1301294_1;51370800;13;;194653,59;228494,11
480141_v2018;1301294_1;65592112;14;;194493,59;228558,11
480406_v2018;840662_1;14425814;1;;177565,59;207790,11
480406_v2018;840662_1;17322966;2;;178909,59;207630,11
480406_v2018;840662_1;31511510;3;;178525,59;207694,11
480406_v2018;840662_1;35705816;4;;178493,59;207694,11
480406_v2018;840662_1;50077400;5;;177533,59;207790,11
480406_v2018;840662_1;51172312;6;1;178237,59;207726,11
480406_v2018;840662_1;51762136;7;;177885,59;207758,11
480406_v2018;840662_1;64345048;8;;177853,59;207758,11
480406_v2018;840662_1;65557464;9;;178749,59;207662,11
480406_v2018;840662_1;66854616;10;;177501,59;207790,11
480577_v2018;750550_1;6517718;1;;179869,59;207502,11
480577_v2018;750550_1;13857750;2;;179837,59;207502,11
480577_v2018;750550_1;15954902;3;;179869,59;207438,11
480577_v2018;750550_1;17527766;4;1;179997,59;207438,11
480577_v2018;750550_1;21984214;5;;179901,59;207630,11
480577_v2018;750550_1;23294934;6;;179869,59;207470,11
480577_v2018;750550_1;27489238;7;;179869,59;207534,11
480577_v2018;750550_1;28537814;8;2;179965,59;207406,11
480577_v2018;750550_1;30634966;9;;179805,59;207470,11
480577_v2018;750550_1;38761432;10;;179869,59;207630,11
480577_v2018;750550_1;44266456;11;;179901,59;207534,11
480577_v2018;750550_1;45315032;12;3;179933,59;207406,11
480577_v2018;750550_1;47412184;13;;179837,59;207470,11
480577_v2018;750550_1;50557912;14;;179837,59;207438,11
480577_v2018;750550_1;51082200;15;4;179997,59;207406,11
480577_v2018;750550_1;52655064;16;;179933,59;207566,11
480577_v2018;750550_1;56849368;17;;179901,59;207502,11
480577_v2018;750550_1;62092248;18;5;179965,59;207438,11
480598_v2018;1102518_1;37802680;1;1;213661,59;187758,11
480598_v2018;1102518_1;56677048;2;2;213661,59;187726,11
495395_v2018;1152670_1;19248798;1;1;179741,59;223886,11
495395_v2018;1152670_1;34707104;2;2;179709,59;223918,11
508067_v2020;1892289_1;5611457;1;;76221,59;204014,11
508067_v2020;1892289_1;10280897;2;1;76637,59;204014,11
508067_v2020;1892289_1;10854337;3;;76157,59;204014,11
508067_v2020;1892289_1;19980224;4;2;76509,59;204014,11
508067_v2020;1892289_1;21028800;5;;76413,59;204014,11
508067_v2020;1892289_1;25796544;6;;75997,59;204014,11
508067_v2020;1892289_1;27058112;7;3;76669,59;204014,11
508067_v2020;1892289_1;31825856;8;;76093,59;204014,11
508067_v2020;1892289_1;35446720;9;4;76605,59;204014,11
508067_v2020;1892289_1;36757440;10;5;76541,59;204014,11
508067_v2020;1892289_1;37806016;11;;76381,59;204014,11
508067_v2020;1892289_1;40951744;12;;76445,59;204014,11
508067_v2020;1892289_1;44408768;13;;76125,59;204014,11
508067_v2020;1892289_1;45932480;14;;76701,59;204014,11
508067_v2020;1892289_1;46194624;15;;76349,59;204014,11
508067_v2020;1892289_1;47554496;16;;76285,59;204014,11
508067_v2020;1892289_1;48603072;17;;76061,59;204014,11
508067_v2020;1892289_1;50651072;18;;76733,59;203982,11
508067_v2020;1892289_1;55943104;19;;76189,59;204014,11
508067_v2020;1892289_1;57728960;20;6;76477,59;204014,11
508067_v2020;1892289_1;59350976;21;;76029,59;204014,11
508067_v2020;1892289_1;62971840;22;;76317,59;204014,11
508067_v2020;1892289_1;64331712;23;;76253,59;204014,11
510177_v2018;368758_2;39166072;1;1;205437,59;211822,11
512776_v2018;1274549_1;64189108;1;1;64413,59;221358,11
518815_v2018;968918_1;5163222;1;1;176733,59;217006,11
518815_v2018;968918_1;9357526;2;2;176765,59;216974,11
518815_v2018;968918_1;13551830;3;3;176669,59;216974,11
518815_v2018;968918_1;14436566;4;4;176637,59;216974,11
518815_v2018;968918_1;21940438;5;5;176733,59;217038,11
518815_v2018;968918_1;26134742;6;6;176733,59;216974,11
518815_v2018;968918_1;30329046;7;7;176701,59;216942,11
518815_v2018;968918_1;34523352;8;8;176701,59;217006,11
518815_v2018;968918_1;47106264;9;9;176701,59;216974,11
518815_v2018;968918_1;51300568;10;10;176669,59;217006,11
518815_v2018;968918_1;59689176;11;11;176733,59;216942,11
518815_v2018;968918_1;63883480;12;12;176669,59;216942,11
532310_v2018;1612918_1;14195830;1;1;206365,59;212206,11
532310_v2018;1612918_1;18390134;2;2;206429,59;212206,11
532310_v2018;1612918_1;34643064;3;3;206397,59;212174,11
532310_v2018;1612918_1;47750264;4;4;206397,59;212206,11
534283_v2016;1037270_1;3612374;1;1;177661,59;208238,11
534283_v2016;1037270_1;6280150;2;2;177693,59;208238,11
534283_v2016;1037270_1;13049558;3;3;177629,59;208206,11
534283_v2016;1037270_1;23057366;4;4;177725,59;208238,11
534283_v2016;1037270_1;34591704;5;5;177725,59;208206,11
534283_v2016;1037270_1;63381208;6;6;177661,59;208206,11
536713_v2018;743377_1;7362513;1;1;50237,59;184942,11
536713_v2018;743377_1;11556817;2;2;50269,59;184942,11
536713_v2018;743377_1;19617744;3;3;50173,59;184974,11
536713_v2018;743377_1;24139728;4;4;50237,59;184974,11
536713_v2018;743377_1;30431184;5;5;50237,59;184910,11
536713_v2018;743377_1;36394960;6;6;50173,59;184942,11
536713_v2018;743377_1;40916944;7;7;50205,59;184974,11
536713_v2018;743377_1;51075024;8;8;50173,59;184910,11
536713_v2018;743377_1;55597008;9;9;50269,59;184910,11
536713_v2018;743377_1;57694160;10;10;50205,59;184942,11
536713_v2018;743377_1;61888464;11;11;50269,59;184974,11
536713_v2018;743377_1;63985616;12;12;50205,59;184910,11
538098_v2018;1254353_1;35169232;1;;51325,59;185102,11
538098_v2018;1254353_1;38577104;2;;51357,59;185038,11
538098_v2018;1254353_1;41722832;3;;51453,59;184878,11
538098_v2018;1254353_1;64267216;4;;51485,59;184814,11
538773_v2018;6977430_1;2140054;1;1;165405,59;212430,11
538773_v2018;6977430_1;15366038;2;2;165405,59;212462,11
538773_v2018;6977430_1;18917270;3;3;165437,59;212430,11
538773_v2018;6977430_1;32143254;4;4;165405,59;212494,11
538773_v2018;6977430_1;42445720;5;5;165373,59;212430,11
538773_v2018;6977430_1;65697688;6;6;165437,59;212462,11
542152_v2016;1088302_1;13671214;1;1;195357,59;228334,11
542152_v2016;1088302_1;30448430;2;2;195389,59;228366,11
542152_v2016;1088302_1;47225648;3;3;195357,59;228366,11
542152_v2016;1088302_1;50567984;4;4;195325,59;228302,11
544562_v2018;676946_1;4871250;1;1;243293,59;196590,11
544562_v2018;676946_1;6968402;2;2;243357,59;196590,11
544562_v2018;676946_1;13259858;3;3;243293,59;196686,11
544562_v2018;676946_1;21648466;4;4;243325,59;196590,11
544562_v2018;676946_1;25842770;5;5;243261,59;196686,11
544562_v2018;676946_1;27939922;6;6;243357,59;196654,11
544562_v2018;676946_1;30037074;7;7;243293,59;196654,11
544562_v2018;676946_1;38425680;8;8;243293,59;196622,11
544562_v2018;676946_1;46814288;9;9;243325,59;196686,11
544562_v2018;676946_1;51008592;10;10;243261,59;196622,11
544562_v2018;676946_1;55202896;11;11;243325,59;196622,11
544562_v2018;676946_1;57300048;12;12;243357,59;196622,11
544562_v2018;676946_1;59397200;13;13;243261,59;196654,11
544562_v2018;676946_1;61494352;14;14;243357,59;196686,11
544562_v2018;676946_1;63591504;15;15;243325,59;196654,11
546085_v2018;4532818_1;10824274;1;1;237117,59;193006,11
546085_v2018;4532818_1;40184400;9;2;237117,59;193102,11
546085_v2018;4532818_1;44378704;11;3;237117,59;193038,11
546085_v2018;4532818_1;56961616;14;4;237117,59;193070,11
546085_v2018;4532818_1;65350224;18;5;237149,59;193070,11
546085_v2018;6629970_1;10824274;1;1;237117,59;193006,11
546085_v2018;6629970_1;12073554;3;2;237053,59;193006,11
546085_v2018;6629970_1;13122130;4;3;237053,59;193134,11
546085_v2018;6629970_1;20261458;5;4;237085,59;193134,11
546085_v2018;6629970_1;23407186;6;5;237085,59;193102,11
546085_v2018;6629970_1;27601490;7;6;237085,59;193006,11
546085_v2018;6629970_1;33045074;8;7;237021,59;193102,11
546085_v2018;6629970_1;40184400;9;8;237117,59;193102,11
546085_v2018;6629970_1;44378704;11;9;237117,59;193038,11
546085_v2018;6629970_1;49822288;13;10;237053,59;193102,11
546085_v2018;6629970_1;56961616;14;11;237117,59;193070,11
546085_v2018;6629970_1;61155920;16;12;237085,59;193038,11
546085_v2018;6629970_1;62405200;17;13;237053,59;193038,11
546085_v2018;6629970_1;65350224;18;14;237149,59;193070,11
546292_v2018;826486_1;51158136;1;1;206717,59;212206,11
548365_v2018;773970_1;44486480;1;1;238589,59;200462,11
548365_v2018;773970_1;60804944;2;2;238653,59;200334,11
550302_v2018;77970_1;5320850;1;1;240605,59;208718,11
550302_v2018;77970_1;8466578;2;2;240573,59;208782,11
550302_v2018;77970_1;16855186;3;3;240637,59;208750,11
550302_v2018;77970_1;22098066;4;4;240637,59;208718,11
550302_v2018;77970_1;25243794;5;5;240541,59;208782,11
550302_v2018;77970_1;33632400;6;6;240605,59;208782,11
550302_v2018;77970_1;34680976;7;7;240573,59;208718,11
550302_v2018;77970_1;42021008;8;8;240573,59;208750,11
550302_v2018;77970_1;50409616;9;9;240605,59;208750,11
550302_v2018;77970_1;58798224;10;10;240541,59;208750,11
554127_v2018;780114_1;3729234;1;;242877,59;196590,11
554127_v2018;780114_1;9103186;2;;242717,59;196526,11
554127_v2018;780114_1;15460178;3;1;242557,59;196494,11
554127_v2018;780114_1;20703058;4;2;242525,59;196398,11
554127_v2018;780114_1;25880402;5;;242717,59;196558,11
554127_v2018;780114_1;37283664;6;;242845,59;196590,11
554127_v2018;780114_1;38528848;7;3;242685,59;196526,11
554127_v2018;780114_1;54257488;8;4;242525,59;196430,11
554127_v2018;780114_1;59303760;9;;242813,59;196590,11
554127_v2018;780114_1;59434832;10;;242749,59;196558,11
560921_v2018;1433269_1;17686196;1;1;69373,59;220494,11
560921_v2018;1433269_1;38133428;2;2;69437,59;220558,11
560921_v2018;1433269_1;43376308;3;3;69437,59;220494,11
560921_v2018;1433269_1;43900596;4;4;69373,59;220526,11
560921_v2018;1433269_1;51240628;5;;69341,59;220494,11
561093_v2018;1238166_1;9626774;1;1;168093,59;206926,11
561093_v2018;1238166_1;14869654;2;2;168061,59;206830,11
561093_v2018;1238166_1;19063958;3;3;168061,59;206894,11
561093_v2018;1238166_1;30598294;4;4;168125,59;206862,11
561093_v2018;1238166_1;31646870;5;5;168061,59;206862,11
561093_v2018;1238166_1;42132632;6;6;168157,59;206958,11
561093_v2018;1238166_1;42460312;7;7;168061,59;206798,11
561093_v2018;1238166_1;43181208;8;8;168125,59;206926,11
561093_v2018;1238166_1;47375512;9;9;168093,59;206830,11
561093_v2018;1238166_1;50521240;10;10;168125,59;206958,11
561093_v2018;1238166_1;59958424;11;11;168093,59;206894,11
561093_v2018;1238166_1;64152728;12;12;168093,59;206862,11
562413_v2018;48897_1;2866945;2;1;61469,59;205390,11
562413_v2018;48897_1;4243201;3;2;61341,59;205390,11
562413_v2018;48897_1;6340353;5;3;61309,59;205326,11
562413_v2018;48897_1;7061249;6;4;61469,59;205326,11
562413_v2018;48897_1;8437505;7;5;61373,59;205294,11
562413_v2018;48897_1;9486081;9;6;61309,59;205454,11
562413_v2018;48897_1;10206977;10;7;61469,59;205486,11
562413_v2018;48897_1;11583233;12;8;61373,59;205422,11
562413_v2018;48897_1;12631809;14;9;61405,59;205326,11
562413_v2018;48897_1;14728961;16;10;61309,59;205358,11
562413_v2018;48897_1;15777537;18;11;61437,59;205422,11
562413_v2018;48897_1;16826112;20;12;61437,59;205358,11
562413_v2018;48897_1;19644160;23;13;61501,59;205390,11
562413_v2018;48897_1;19971840;25;14;61437,59;205486,11
562413_v2018;48897_1;21020416;26;15;61373,59;205390,11
562413_v2018;48897_1;22789888;27;16;61501,59;205422,11
562413_v2018;48897_1;24166144;29;17;61373,59;205486,11
562413_v2018;48897_1;29409024;33;18;61405,59;205294,11
562413_v2018;48897_1;31506176;34;19;61309,59;205390,11
562413_v2018;48897_1;32554752;35;20;61405,59;205454,11
562413_v2018;48897_1;34651904;38;21;61309,59;205486,11
562413_v2018;48897_1;36421376;39;22;61501,59;205358,11
562413_v2018;48897_1;36749056;41;23;61405,59;205486,11
562413_v2018;48897_1;37797632;43;24;61341,59;205358,11
562413_v2018;48897_1;39567104;44;25;61469,59;205422,11
562413_v2018;48897_1;39894784;45;26;61309,59;205294,11
562413_v2018;48897_1;40615680;46;27;61501,59;205326,11
562413_v2018;48897_1;41991936;48;28;61373,59;205326,11
562413_v2018;48897_1;43761408;50;29;61501,59;205486,11
562413_v2018;48897_1;45137664;53;30;61341,59;205454,11
562413_v2018;48897_1;46186240;55;31;61437,59;205326,11
562413_v2018;48897_1;49331968;58;32;61405,59;205422,11
562413_v2018;48897_1;50380544;60;33;61437,59;205390,11
562413_v2018;48897_1;53198592;63;34;61469,59;205358,11
562413_v2018;48897_1;56344320;64;35;61501,59;205454,11
562413_v2018;48897_1;57392896;66;36;61469,59;205294,11
562413_v2018;48897_1;58769152;67;37;61341,59;205294,11
562413_v2018;48897_1;59817728;69;38;61309,59;205422,11
562413_v2018;48897_1;61914880;72;39;61373,59;205454,11
562413_v2018;48897_1;66109184;75;40;61437,59;205454,11
562413_v2018;769793_1;1818369;1;1;61533,59;205454,11
562413_v2018;769793_1;4964097;4;2;61661,59;205422,11
562413_v2018;769793_1;9158401;8;3;61629,59;205518,11
562413_v2018;769793_1;11255553;11;4;61565,59;205390,11
562413_v2018;769793_1;12304129;13;5;61661,59;205390,11
562413_v2018;769793_1;14401281;15;6;61533,59;205486,11
562413_v2018;769793_1;15449857;17;7;61565,59;205326,11
562413_v2018;769793_1;16498433;19;8;61629,59;205358,11
562413_v2018;769793_1;17547008;21;9;61597,59;205454,11
562413_v2018;769793_1;18595584;22;10;61565,59;205454,11
562413_v2018;769793_1;19644160;23;11;61501,59;205390,11
562413_v2018;769793_1;22789888;27;12;61501,59;205422,11
562413_v2018;769793_1;25935616;30;13;61629,59;205486,11
562413_v2018;769793_1;28032768;31;14;61533,59;205358,11
562413_v2018;769793_1;29081344;32;15;61693,59;205358,11
562413_v2018;769793_1;33275648;36;16;61597,59;205358,11
562413_v2018;769793_1;34324224;37;17;61629,59;205454,11
562413_v2018;769793_1;36421376;39;18;61501,59;205358,11
562413_v2018;769793_1;37469952;42;19;61597,59;205326,11
562413_v2018;769793_1;40615680;46;20;61501,59;205326,11
562413_v2018;769793_1;42712832;49;21;61597,59;205486,11
562413_v2018;769793_1;43761408;50;22;61501,59;205486,11
562413_v2018;769793_1;44809984;52;23;61533,59;205390,11
562413_v2018;769793_1;45858560;54;24;61661,59;205358,11
562413_v2018;769793_1;47955712;56;25;61565,59;205518,11
562413_v2018;769793_1;49004288;57;26;61533,59;205326,11
562413_v2018;769793_1;50052864;59;27;61629,59;205390,11
562413_v2018;769793_1;51101440;61;28;61629,59;205422,11
562413_v2018;769793_1;52150016;62;29;61565,59;205422,11
562413_v2018;769793_1;56344320;64;30;61501,59;205454,11
562413_v2018;769793_1;59490048;68;31;61597,59;205518,11
562413_v2018;769793_1;60538624;70;32;61501,59;205518,11
562413_v2018;769793_1;61587200;71;33;61565,59;205358,11
562413_v2018;769793_1;62635776;73;34;61693,59;205390,11
562413_v2018;769793_1;64732928;74;35;61533,59;205518,11
562413_v2018;769793_1;66830080;76;36;61597,59;205390,11
578141_v2018;814517_1;13397429;1;1;61597,59;221966,11
578141_v2018;814517_1;19688884;2;2;61597,59;222062,11
578141_v2018;814517_1;35417524;3;3;61565,59;221934,11
578141_v2018;814517_1;53243316;4;4;61629,59;222062,11
578141_v2018;814517_1;63729076;5;5;61597,59;221934,11
578141_v2018;814517_1;64777652;6;6;61565,59;222030,11
584942_v2020;832158_1;5026462;1;1;181309,59;219790,11
584942_v2020;832158_1;6075038;2;;181309,59;219726,11
584942_v2020;832158_1;7123614;3;;181405,59;219726,11
584942_v2020;832158_1;10269342;4;;181341,59;219694,11
584942_v2020;832158_1;13415070;5;2;181341,59;219758,11
584942_v2020;832158_1;14463646;6;;181277,59;219662,11
584942_v2020;832158_1;16560798;7;;181437,59;219758,11
584942_v2020;832158_1;17609374;8;3;181277,59;219822,11
584942_v2020;832158_1;18657950;9;;181373,59;219630,11
584942_v2020;832158_1;22852254;10;;181277,59;219726,11
584942_v2020;832158_1;27046558;11;;181341,59;219726,11
584942_v2020;832158_1;30192286;12;4;181373,59;219758,11
584942_v2020;832158_1;33338014;13;;181405,59;219758,11
584942_v2020;832158_1;34386592;14;5;181309,59;219854,11
584942_v2020;832158_1;35435168;15;;181373,59;219662,11
584942_v2020;832158_1;39629472;16;;181309,59;219694,11
584942_v2020;832158_1;43823776;17;;181373,59;219694,11
584942_v2020;832158_1;52212384;18;;181341,59;219662,11
584942_v2020;832158_1;56406688;19;;181277,59;219694,11
584942_v2020;832158_1;57455264;20;;181405,59;219694,11
584942_v2020;832158_1;60600992;21;;181373,59;219726,11
584942_v2020;832158_1;63746720;22;6;181341,59;219790,11
584942_v2020;832158_1;64795296;23;;181309,59;219662,11
585691_v2016;1007570_1;15949778;1;1;233053,59;194766,11
585691_v2016;1007570_1;37707728;2;2;233085,59;194798,11
585691_v2016;1007570_1;49504208;3;3;233085,59;194766,11
589225_v2016;1479349_1;11965109;1;1;64701,59;220430,11
589225_v2016;1479349_1;22450868;2;2;64637,59;220462,11
589225_v2016;1479349_1;28742324;3;3;64701,59;220398,11
589234_v2016;1445557_1;14028469;1;1;69053,59;221582,11
589234_v2016;1445557_1;52825780;2;2;69021,59;221518,11
590686_v2018;1163822_1;34718256;1;1;195389,59;220078,11
590686_v2018;1163822_1;38912560;2;2;195421,59;220046,11
590909_v2018;1116790_1;1722998;1;1;215549,59;209294,11
590909_v2018;1116790_1;5311094;2;2;215645,59;209326,11
590909_v2018;1116790_1;6359670;3;3;215581,59;209230,11
590909_v2018;1116790_1;9505398;4;4;215613,59;209358,11
590909_v2018;1116790_1;10553974;5;5;215677,59;209230,11
590909_v2018;1116790_1;13699702;6;6;215581,59;209294,11
590909_v2018;1116790_1;15239798;7;7;215581,59;209390,11
590909_v2018;1116790_1;23136886;8;8;215581,59;209198,11
590909_v2018;1116790_1;26282614;9;9;215581,59;209358,11
590909_v2018;1116790_1;26888822;10;10;215549,59;209358,11
590909_v2018;1116790_1;27331190;11;11;215645,59;209198,11
590909_v2018;1116790_1;27970166;12;12;215549,59;209390,11
590909_v2018;1116790_1;30476918;13;13;215581,59;209262,11
590909_v2018;1116790_1;32017014;14;14;215613,59;209390,11
590909_v2018;1116790_1;34671224;15;15;215645,59;209262,11
590909_v2018;1116790_1;35277432;16;16;215549,59;209262,11
590909_v2018;1116790_1;39914104;17;17;215613,59;209230,11
590909_v2018;1116790_1;43059832;18;18;215581,59;209326,11
590909_v2018;1116790_1;43666040;19;19;215549,59;209326,11
590909_v2018;1116790_1;44108408;20;20;215677,59;209198,11
590909_v2018;1116790_1;44714616;21;21;215549,59;209230,11
590909_v2018;1116790_1;47254136;22;22;215613,59;209294,11
590909_v2018;1116790_1;51448440;23;23;215677,59;209262,11
590909_v2018;1116790_1;56691320;24;24;215613,59;209198,11
590909_v2018;1116790_1;59837048;25;25;215613,59;209326,11
590909_v2018;1116790_1;60885624;26;26;215645,59;209230,11
590909_v2018;1116790_1;61491832;27;27;215549,59;209198,11
590909_v2018;1116790_1;61934200;28;28;215709,59;209198,11
590909_v2018;1116790_1;64031352;29;29;215613,59;209262,11
599475_v2018;529473_2;3216449;1;1;75645,59;200750,11
599475_v2018;529473_2;11473985;2;;75837,59;200526,11
599475_v2018;529473_2;21042240;3;2;75677,59;200718,11
599582_v2018;711945_1;4906249;1;1;117853,59;207662,11
599582_v2018;711945_1;9100553;2;2;117853,59;207630,11
599582_v2018;711945_1;17489160;3;3;117821,59;207662,11
599582_v2018;711945_1;21683464;4;4;117853,59;207694,11
599582_v2018;711945_1;34266376;5;5;117789,59;207662,11
599582_v2018;711945_1;37412104;6;6;117821,59;207726,11
599582_v2018;711945_1;38460680;7;7;117885,59;207694,11
599582_v2018;711945_1;41606408;8;8;117853,59;207726,11
599582_v2018;711945_1;51043592;9;9;117789,59;207694,11
610941_v2020;3560662_1;13313238;1;1;175677,59;212078,11
610941_v2020;3560662_1;16143574;2;2;175581,59;212014,11
610941_v2020;3560662_1;21386454;3;3;175613,59;212078,11
610941_v2020;3560662_1;32920790;4;4;175613,59;212014,11
610941_v2020;3560662_1;41309400;5;5;175549,59;212046,11
610941_v2020;3560662_1;49698008;6;6;175581,59;212046,11
610941_v2020;3560662_1;52110552;7;7;175645,59;212046,11
610941_v2020;3560662_1;66475224;8;8;175613,59;212046,11
611705_v2014;4155670_1;15952150;1;1;164157,59;189134,11
611705_v2014;4155670_1;66283800;2;2;164125,59;189134,11
623948_v2014;5540438_1;18123350;1;1;174173,59;197518,11
623948_v2014;5540438_1;26511958;2;2;174173,59;197550,11
623948_v2014;5540438_1;43289176;3;3;174205,59;197550,11
623948_v2014;5540438_1;55872088;4;4;174141,59;197550,11
623948_v2014;5540438_1;60066392;5;5;174173,59;197582,11
628847_v2020;1370870_1;18148086;1;1;190269,59;209902,11
628847_v2020;1370870_1;22276854;2;2;190269,59;209870,11
628866_v2020;4713206_1;7858934;1;1;190077,59;209550,11
628866_v2020;4713206_1;20441846;2;;190045,59;209582,11
628866_v2020;4713206_1;21490422;3;2;190205,59;209614,11
628866_v2020;4713206_1;29879030;4;3;190141,59;209550,11
628866_v2020;4713206_1;38267640;5;4;190205,59;209582,11
628866_v2020;4713206_1;41413368;6;5;190077,59;209518,11
628866_v2020;4713206_1;42461944;7;6;190173,59;209550,11
628866_v2020;4713206_1;46656248;8;7;190109,59;209550,11
628945_v2020;906998_1;5101302;1;1;189661,59;209710,11
629173_v2020;6428406_1;52565752;1;1;189885,59;208622,11
629428_v2020;755934_1;5167326;1;1;161629,59;224750,11
629428_v2020;755934_1;6785246;2;2;161565,59;224686,11
629428_v2020;755934_1;7264478;3;;161693,59;224782,11
629428_v2020;755934_1;9361630;4;3;161597,59;224750,11
629428_v2020;755934_1;17533150;5;4;161501,59;224622,11
629428_v2020;755934_1;18581726;6;5;161501,59;224590,11
629428_v2020;755934_1;21944542;7;;161661,59;224782,11
629428_v2020;755934_1;32430302;8;;161725,59;224814,11
629428_v2020;755934_1;40339680;9;6;161597,59;224718,11
629428_v2020;755934_1;43747552;10;7;161469,59;224590,11
629428_v2020;755934_1;49207520;11;;161725,59;224846,11
629428_v2020;755934_1;51087584;12;8;161533,59;224622,11
629428_v2020;755934_1;55498976;13;;161661,59;224750,11
629428_v2020;755934_1;57116896;14;9;161597,59;224686,11
629428_v2020;755934_1;65505504;15;10;161565,59;224654,11
629428_v2020;755934_1;65984736;16;;161693,59;224814,11
630584_v2020;1467894_1;353782;1;1;197629,59;203310,11
630584_v2020;1467894_1;4548086;2;2;197629,59;203278,11
630584_v2020;1467894_1;5809654;3;3;197629,59;203182,11
630584_v2020;1467894_1;14050806;4;4;197693,59;203310,11
630584_v2020;1467894_1;17130998;5;5;197597,59;203310,11
630584_v2020;1467894_1;18245110;6;6;197661,59;203278,11
630584_v2020;1467894_1;21325302;7;7;197597,59;203278,11
630584_v2020;1467894_1;22586870;8;8;197629,59;203214,11
630584_v2020;1467894_1;26633718;9;9;197725,59;203342,11
630584_v2020;1467894_1;33269238;10;10;197661,59;203214,11
630584_v2020;1467894_1;35022328;11;11;197693,59;203246,11
630584_v2020;1467894_1;38102520;12;12;197597,59;203246,11
630584_v2020;1467894_1;39216632;13;13;197725,59;203278,11
630584_v2020;1467894_1;39364088;14;14;197597,59;203214,11
630584_v2020;1467894_1;43410936;15;15;197725,59;203310,11
630584_v2020;1467894_1;47605240;16;16;197661,59;203310,11
630584_v2020;1467894_1;50046456;17;17;197693,59;203214,11
630584_v2020;1467894_1;51799544;18;18;197661,59;203246,11
630584_v2020;1467894_1;54879736;19;19;197629,59;203246,11
630584_v2020;1467894_1;56141304;20;20;197597,59;203182,11
630584_v2020;1467894_1;64382456;21;21;197693,59;203342,11
630584_v2020;1467894_1;66823672;22;22;197661,59;203182,11
632389_v2020;1554390_1;14137302;1;1;185693,59;209870,11
632389_v2020;1554390_1;35108824;2;2;185629,59;209870,11
632389_v2020;1554390_1;49657816;3;3;185629,59;209902,11
632389_v2020;1554390_1;66435032;4;4;185661,59;209902,11
632417_v2020;1558262_1;34064120;1;1;186013,59;210254,11
632417_v2020;1558262_1;50841336;2;2;186013,59;210222,11
637786_v2020;1761910_1;5956214;1;1;215645,59;205294,11
637786_v2020;1761910_1;9101942;2;2;215677,59;205422,11
637786_v2020;1761910_1;10150518;3;3;215677,59;205390,11
637786_v2020;1761910_1;22733430;4;4;215677,59;205294,11
637786_v2020;1761910_1;25879158;5;5;215645,59;205422,11
637786_v2020;1761910_1;39510648;6;6;215645,59;205326,11
637786_v2020;1761910_1;43704952;7;7;215645,59;205390,11
637786_v2020;1761910_1;47899256;8;8;215613,59;205358,11
637786_v2020;1761910_1;48947832;9;9;215709,59;205422,11
637786_v2020;1761910_1;52093560;10;10;215613,59;205294,11
637786_v2020;1761910_1;60482168;11;11;215645,59;205358,11
637793_v2020;1008246_1;21979766;1;1;215645,59;205230,11
637793_v2020;1008246_1;30368374;3;2;215581,59;205198,11
637793_v2020;1008246_1;51339896;5;3;215581,59;205230,11
637793_v2020;1745526_1;21979766;1;1;215645,59;205230,11
637793_v2020;1745526_1;30368374;3;2;215581,59;205198,11
637793_v2020;1745526_1;51339896;5;3;215581,59;205230,11
638988_v2020;1489106_1;26654930;1;1;218941,59;198670,11
638988_v2020;1489106_1;35043536;2;2;218909,59;198734,11
638988_v2020;1489106_1;36354256;3;3;218877,59;198702,11
638988_v2020;1489106_1;51820752;4;4;218941,59;198702,11
638988_v2020;1489106_1;53131472;5;5;218877,59;198734,11
638988_v2020;1489106_1;60209360;6;6;218909,59;198670,11
639281_v2020;182482_1;9619666;1;1;219005,59;200206,11
639281_v2020;182482_1;13813970;2;2;219005,59;200270,11
639281_v2020;182482_1;16959698;3;3;219037,59;200238,11
639281_v2020;182482_1;22202578;4;4;218941,59;200238,11
639281_v2020;182482_1;25786578;5;;218973,59;200142,11
639281_v2020;182482_1;26396882;6;5;219005,59;200174,11
639281_v2020;182482_1;30591186;7;6;219005,59;200238,11
639281_v2020;182482_1;43174096;8;7;218973,59;200174,11
639281_v2020;182482_1;47368400;9;8;218973,59;200238,11
639281_v2020;182482_1;59951312;10;9;218973,59;200206,11
639281_v2020;182482_1;63097040;11;10;219037,59;200206,11
640591_v2020;5186006_1;7741910;1;1;180317,59;216046,11
640591_v2020;5186006_1;9380310;2;2;180317,59;215982,11
640591_v2020;5186006_1;21963222;3;3;180285,59;216014,11
640591_v2020;5186006_1;26157526;4;4;180317,59;216014,11
640591_v2020;5186006_1;28713430;5;5;180285,59;216046,11
640591_v2020;5186006_1;38740440;6;6;180253,59;216014,11
640591_v2020;5186006_1;45490648;7;7;180253,59;216078,11
640591_v2020;5186006_1;55517656;8;8;180253,59;215982,11
640591_v2020;5186006_1;58073560;9;9;180349,59;216046,11
640591_v2020;5186006_1;62267864;10;10;180253,59;216046,11
640950_v2020;6300118_1;10494422;1;1;180221,59;215822,11
640950_v2020;6300118_1;18883030;2;2;180157,59;215822,11
640950_v2020;6300118_1;27271638;3;3;180189,59;215822,11
640950_v2020;6300118_1;60826072;4;4;180221,59;215790,11
640950_v2020;6300118_1;61809112;5;5;180253,59;215822,11
644396_v2020;4314870_2;8509174;1;1;189885,59;209806,11
646392_v2020;1045430_1;5239734;1;1;217949,59;198638,11
646392_v2020;1045430_1;5764022;2;2;217853,59;198638,11
646392_v2020;1045430_1;8385462;3;3;217917,59;198798,11
646392_v2020;1045430_1;9434038;4;4;217949,59;198734,11
646392_v2020;1045430_1;12579766;5;5;217949,59;198766,11
646392_v2020;1045430_1;13628342;6;6;217917,59;198638,11
646392_v2020;1045430_1;17822646;7;7;217917,59;198702,11
646392_v2020;1045430_1;22016950;8;8;217981,59;198638,11
646392_v2020;1045430_1;22541238;9;9;217821,59;198638,11
646392_v2020;1045430_1;25162678;10;10;217885,59;198766,11
646392_v2020;1045430_1;26211254;11;11;217949,59;198702,11
646392_v2020;1045430_1;29356982;12;12;217949,59;198798,11
646392_v2020;1045430_1;30405558;13;13;217885,59;198638,11
646392_v2020;1045430_1;30929846;14;14;217789,59;198638,11
646392_v2020;1045430_1;34599864;15;15;217917,59;198734,11
646392_v2020;1045430_1;35124152;16;16;217853,59;198702,11
646392_v2020;1045430_1;38794168;17;17;217949,59;198670,11
646392_v2020;1045430_1;39318456;18;18;217821,59;198670,11
646392_v2020;1045430_1;41939896;19;19;217885,59;198798,11
646392_v2020;1045430_1;42988472;20;20;217981,59;198734,11
646392_v2020;1045430_1;46134200;21;21;217981,59;198766,11
646392_v2020;1045430_1;47182776;22;22;217885,59;198670,11
646392_v2020;1045430_1;47707064;23;23;217789,59;198670,11
646392_v2020;1045430_1;51377080;24;24;217885,59;198702,11
646392_v2020;1045430_1;55571384;25;25;217981,59;198670,11
646392_v2020;1045430_1;56095672;26;26;217853,59;198670,11
646392_v2020;1045430_1;58717112;27;27;217917,59;198766,11
646392_v2020;1045430_1;59765688;28;28;217981,59;198702,11
646392_v2020;1045430_1;62911416;29;29;217981,59;198798,11
646392_v2020;1045430_1;63959992;30;30;217917,59;198670,11
662873_v2014;5960754_1;4912178;1;;220669,59;175182,11
662873_v2014;5960754_1;8057906;2;1;220637,59;175214,11
662873_v2014;5960754_1;20599858;3;;220701,59;175150,11
662873_v2014;5960754_1;20640818;4;2;220573,59;175214,11
662873_v2014;5960754_1;22737970;5;3;220541,59;175310,11
662873_v2014;5960754_1;35320880;6;4;220541,59;175246,11
662873_v2014;5960754_1;37418032;7;5;220573,59;175246,11
662873_v2014;5960754_1;54195248;8;6;220605,59;175214,11
662873_v2014;5960754_1;58389552;9;;220669,59;175214,11
