panel;point_code;polygon_id;grts_ranking_draw;sbz;hoofdtype;habitattype;phab;type_meetpunt;uitvoer_opname;datum_opname_cyclus1;x;y;db_ref;recording_givid
1;1_1;581354_v2014;1;1;2130;2130_hd;40;bestaand meetpunt;hoofdtype aanwezig;2019-10-17;55165,60;218574,10;103425;"circle: IV2020032407405828; square: IV2020032407591177"
1;3_2;645479_v2020;3;1;2120;2120;76;bestaand meetpunt;hoofdtype aanwezig;2019-11-04;23101,70;198451,40;103601;"circle: IV2020031521153338; square: IV2020031521211018"
1;4_2;507129_v2018;4;1;2120;2120;100;bestaand meetpunt;hoofdtype aanwezig;2019-10-17;55805,10;219060,20;1009077;"circle: IV2020031719500282; square: IV2020031719541234"
1;6_1;439140_v2016;6;1;2130;2130_hd;25;bestaand meetpunt;hoofdtype aanwezig;2019-10-25;29441,80;201309,70;1013937_2130_hd;"circle: IV2020041011500716; square: IV2020041011550603"
1;8_2;507111_v2018;8;1;2130;2130_hd;10;bestaand meetpunt;hoofdtype aanwezig;2019-10-16;60788,50;222448,30;1015221;"circle: IV2020041015331970; square: IV2020041015454515"
1;9_2;645479_v2020;9;1;2120;2120;76;bestaand meetpunt;hoofdtype aanwezig;2019-11-04;23466,70;198599,10;1021105;"circle: IV2020031520475153; square: IV2020031520570307"
1;11_2;645439_v2014;11;1;2120;2120;;bestaand meetpunt;hoofdtype aanwezig;2019-10-28;78029,40;228572,70;1047861;"circle: IV2020032311244376; square: IV2020032311330161"
1;12_2;511687_v2020;12;1;2120;2120;84;bestaand meetpunt;hoofdtype aanwezig;2019-10-31;23130,40;199570,00;1053873;"circle: IV2020031522020707; square: IV2020031522110295"
1;13_1;561267_v2018;13;1;2170;2170;55;bestaand meetpunt;hoofdtype aanwezig;2018-09-18;33245,60;203918,10;1240881;"circle: IV2019021815483401; square: IV2019021815521039"
1;14_2;497306_v2020;14;1;2120;2120;50;bestaand meetpunt;hoofdtype aanwezig;2019-10-24;31262,30;202466,20;10010417;"circle: IV2020031622542410; square: IV2020031622591285"
1;17_1;606676_v2018;17;1;2120;2120;75;bestaand meetpunt;hoofdtype aanwezig;2019-10-23;29796,30;203375,90;10038833;"circle: IV2020031619445734; square: IV2020031620082049"
1;18_1;439140_v2016;18;1;2130;2130_hd;25;bestaand meetpunt;hoofdtype aanwezig;2019-10-24;29407,90;201671,70;10057905_2130_hd;"circle: IV2020040610425244; square: IV2020040710495029"
1;20_2;560873_v2018;20;0;2120;2120;100;bestaand meetpunt;hoofdtype aanwezig;2019-10-23;30194,90;203498,80;10071601;"circle: IV2020031619030019; square: IV2020031619093265"
1;21_2;572540_v2014;21;1;2130;2130_hd;50;bestaand meetpunt;hoofdtype aanwezig;2019-10-18;51387,90;216181,20;10082417;"circle: IV2020032606295641; square: IV2020032606512028"
1;22_1;507103_v2018;22;1;2130;2130_hd;;bestaand meetpunt;hoofdtype aanwezig;2019-10-14;65213,60;224302,10;10082997;"circle: IV2020041014344316; square: IV2020041014580548"
1;25_1;497795_v2020;25;1;2130;2130_hd;95;bestaand meetpunt;hoofdtype aanwezig;2019-10-23;33628,10;203013,60;10104625;"circle: IV2020040718225855; square: IV2020040718364614"
1;27_2;497221_v2020;27;1;2120;2120;100;bestaand meetpunt;hoofdtype aanwezig;2019-10-21;32300,60;204396,70;10129201;"circle: IV2020031623083891; square: IV2020031623145130"
1;28_2;645479_v2020;28;1;2120;2120;76;bestaand meetpunt;hoofdtype aanwezig;2019-11-04;23290,20;198565,60;10130609;"circle: IV2020031521030647; square: IV2020031521074867"
1;29_2;560857_v2018;29;1;2120;2120;55;bestaand meetpunt;hoofdtype aanwezig;2019-10-31;24354,70;200263,10;10138801;"circle: IV2020031522375705; square: IV2020031522385208"
1;31_2;444735_v2016;31;1;2120;2120;100;bestaand meetpunt;hoofdtype aanwezig;2018-07-16;32956,70;204141,40;10153777;"circle: IV2019032212064389; square: IV2019032212131981"
1;32_1;507264_v2018;32;1;2130;2130_hd;95;bestaand meetpunt;hoofdtype aanwezig;2019-10-28;77620,60;228447,10;10157365;"circle: IV2020033014401027; square: IV2020033015003401"
1;33_1;639672_v2014;33;1;2130;2130_hd;10;bestaand meetpunt;hoofdtype aanwezig;2019-10-17;57993,30;220036,70;10157493;"circle: IV2020032407075640; square: IV2020032407141512"
1;34_2;511568_v2020;34;1;2130;2130_hd;20;bestaand meetpunt;hoofdtype aanwezig;2019-10-23;31763,40;203574,00;10157873;"circle: IV2020040609581482; square: IV2020040610071733"
1;37_1;511481_v2020;37;1;2130;2130_hd;100;bestaand meetpunt;hoofdtype aanwezig;2019-10-22;35518,40;205927,40;10172209;"circle: IV2020033015060990; square: IV2020040609463603"
1;38_2;581354_v2014;38;1;2130;2130_hd;40;bestaand meetpunt;hoofdtype aanwezig;2019-10-17;55577,10;218674,30;10184117;"circle: IV2020032506172393; square: IV2020032506350318"
1;40_2;561349_v2018;40;1;2170;2170;40;bestaand meetpunt;hoofdtype aanwezig;2018-08-23;32148,00;202792,30;10186545_2170;"circle: IV2019021811495237; square: IV2019021812584035"
1;40_1;597412_v2014;40;1;2130;2130_hd;100;bestaand meetpunt;hoofdtype aanwezig;2018-08-23;31923,90;202743,40;10186545_2130_hd;"circle: IV2019021811115306; square: IV2019021811185084"
1;44_2;561267_v2018;44;1;2130;2130_hd;35;bestaand meetpunt;hoofdtype aanwezig;2018-09-26;32443,00;203482,00;10219313_2130_hd;"circle: IV2019022017453613; square: IV2019022017491986"
1;47_2;511687_v2020;47;1;2120;2120;84;bestaand meetpunt;hoofdtype aanwezig;2019-10-31;23365,00;199685,00;10233009;"circle: IV2020031522224643; square: IV2020031522270466"
1;49_1;590590_v2014;49;1;2120;2120;85;bestaand meetpunt;hoofdtype aanwezig;2019-10-24;30339,60;202104,50;10239793;"circle: IV2020031621012941; square: IV2020031621034487"
1;50_1;444991_v2014;50;1;2130;2130_hd;60;bestaand meetpunt;hoofdtype aanwezig;2018-08-21;32953,00;202861,70;10252081;"circle: IV2019022011461240; square: IV2019022011550085"
1;51_1;544605_v2018;51;1;2130;2130_hd;95;bestaand meetpunt;hoofdtype aanwezig;2018-07-20;32431,70;203928,50;10260273;"circle: IV2019021817083167; square: IV2019021817150496"
1;53_1;536926_v2018;53;1;2130;2130_hd;100;bestaand meetpunt;hoofdtype aanwezig;2018-09-27;38003,40;207293,30;10283825;"circle: IV2019022015131506; square: IV2019022015174602"
1;55_1;560166_v2018;55;1;2120;2120;30;bestaand meetpunt;hoofdtype aanwezig;2019-10-18;53437,60;217518,10;10291313;"circle: IV2020031719305514; square: IV2020031719352910"
1;57_1;606676_v2018;57;1;2120;2120;75;bestaand meetpunt;hoofdtype aanwezig;2019-10-23;29326,80;203104,20;10300977;"circle: IV2020031606440525; square: IV2020031607083552"
1;60_1;560754_v2018;60;1;2120;2120;100;bestaand meetpunt;hoofdtype aanwezig;2019-10-17;57853,60;220398,10;10323381;"circle: IV2020031721263370; square: IV2020031721311008"
1;61_1;606676_v2018;61;1;2120;2120;75;bestaand meetpunt;hoofdtype aanwezig;2019-10-23;29917,60;203374,10;10333745;"circle: IV2020031007173720; square: IV2020031007315831"
1;62_1;487758_v2020;62;1;2190;2190_overig;100;bestaand meetpunt;hoofdtype aanwezig;2018-08-14;33309,60;203438,10;10334001;"circle: IV2019021810361306; square: IV2019021810403014"
1;64_1;444735_v2016;64;1;2120;2120;100;bestaand meetpunt;hoofdtype aanwezig;2018-07-16;32701,60;204014,10;10350385;"circle: IV2019032208302341; square: IV2019032208584087"
1;67_2;601978_v2014;67;1;2130;2130_had;100;bestaand meetpunt;hoofdtype aanwezig;2019-10-22;38211,50;205477,50;10381105;"circle: IV2020032507573897; square: IV2020032508043894"
1;69_1;511704_v2020;69;1;2120;2120;100;bestaand meetpunt;hoofdtype aanwezig;2018-09-27;37021,60;206894,10;10398513;"circle: IV2019021913152687; square: IV2019021913332143"
1;72_1;561267_v2018;72;1;2170;2170;55;bestaand meetpunt;hoofdtype aanwezig;2018-08-24;33099,00;203898,30;10415921;"circle: IV2019032213402331; square: IV2019032213485629"
1;82_1;511704_v2020;82;1;2120;2120;100;bestaand meetpunt;hoofdtype aanwezig;2018-09-27;37629,60;207374,10;10578737;"circle: IV2019022013410657; square: IV2019022013422931"
1;87_1;589734_v2014;87;1;2120;2120;100;bestaand meetpunt;hoofdtype aanwezig;2018-08-23;32061,60;202734,10;10665777;"circle: IV2019022012425367; square: IV2019022012454117"
1;92_1;487758_v2020;92;1;2190;2190_mp;;bestaand meetpunt;hoofdtype aanwezig;2018-08-14;33277,60;203438,10;10809137;"circle: IV2019022019283436; square: IV2019022019311405"
1;93_1;601819_v2014;93;1;2130;2130_had;100;bestaand meetpunt;hoofdtype aanwezig;2019-10-22;37995,60;205619,10;10839857;"circle: IV2020032507445260; square: IV2020032507521080"
1;94_1;517735_v2020;94;1;2190;2190_mp;;bestaand meetpunt;hoofdtype aanwezig;2018-08-14;33181,60;203502,10;11071281;"circle: IV2019022111563297; square: IV2019022112005848"
1;95_1;561267_v2018;95;1;2170;2170;55;bestaand meetpunt;hoofdtype aanwezig;2018-07-23;32651,00;203722,00;11530033;"circle: IV2019021818015534; square: IV2019021818054897"
1;98_1;641402_v2014;98;1;2190;2190_mp;20;bestaand meetpunt;hoofdtype aanwezig;2018-07-23;32606,00;203776,00;11923249_2190_mp;"circle: IV2019022112420450; square: IV2019022112451373"
1;100_2;561349_v2018;100;1;2170;2170;40;bestaand meetpunt;hoofdtype aanwezig;2018-09-20;32536,50;203350,60;12054321;"circle: IV2019022016562144; square: IV2019022016595035"
1;102_2;487758_v2020;102;1;2190;2190_mp;;bestaand meetpunt;hoofdtype aanwezig;2018-08-21;33434,20;203344,50;12431153;"circle: IV2019022019402585; square: IV2019022019432327"
1;103_1;561349_v2018;103;1;2170;2170;40;bestaand meetpunt;hoofdtype aanwezig;2018-09-20;32381,60;203118,10;12545841;"circle: IV2019022017090395; square: IV2019022017120928"
1;105_1;561267_v2018;105;1;2170;2170;55;bestaand meetpunt;hoofdtype aanwezig;2018-08-24;32861,60;203694,10;12644145;"circle: IV2019021816464213; square: IV2019021816515851"
1;107_2;561349_v2018;107;1;2170;2170;40;bestaand meetpunt;hoofdtype aanwezig;2018-09-20;32453,90;202920,60;13070129;"circle: IV2019022017210446; square: IV2019022017234989"
1;112_2;624732_v2014;112;1;2190;2190_mp;100;bestaand meetpunt;hoofdtype aanwezig;2018-08-20;32725,00;203591,00;16772913;"circle: IV2019022112142789; square: IV2019022112243061"
1;20081_1;516933_v2020;20081;1;2130;2130_hd;100;nieuw meetpunt;hoofdtype aanwezig;;40893,60;209198,10;;
1;36917_1;578127_v2018;36917;1;2130;2130_hd;80;nieuw meetpunt;hoofdtype aanwezig;;76093,60;226286,10;;
1;37889_1;600358_v2014;37889;1;2130;2130_hd;95;nieuw meetpunt;hoofdtype aanwezig;;54813,60;217902,10;;
1;101169_1;517081_v2020;101169;0;2130;2130_hd;90;nieuw meetpunt;hoofdtype aanwezig;;35901,60;206350,10;;
1;116849_1;560166_v2018;116849;1;2130;2130_hd;60;nieuw meetpunt;hoofdtype aanwezig;;53789,60;217678,10;;
1;126769_1;624541_v2014;126769;1;2190;2190_mp;100;nieuw meetpunt;hoofdtype aanwezig;;32349,59;204046,11;;
1;163633_1;560873_v2018;163633;0;2120;2120;100;nieuw meetpunt;hoofdtype aanwezig;;30653,59;203790,11;;
1;169137_1;645479_v2020;169137;1;2130;2130_hd;12;nieuw meetpunt;hoofdtype aanwezig;;23901,59;198702,11;;
1;363313_1;497222_v2020;363313;1;2120;2120;100;nieuw meetpunt;hoofdtype aanwezig;;36093,59;206638,11;;
1;435377_2;517249_v2018;435377;1;2180;2180;45;nieuw meetpunt;hoofdtype aanwezig;;25533,59;198606,10;;
1;435377_1;517249_v2018;435377;1;2160;2160;55;nieuw meetpunt;hoofdtype aanwezig;;25533,60;198606,10;;
1;507697_1;589734_v2014;507697;1;2120;2120;100;nieuw meetpunt;hoofdtype aanwezig;;31997,60;202702,10;;
1;544821_1;646218_v2014;544821;1;2130;2130_had;20;nieuw meetpunt;subtype aanwezig;;76317,60;226158,10;;
1;611505_1;645479_v2020;611505;1;2120;2120;76;nieuw meetpunt;hoofdtype aanwezig;;22621,60;198670,10;;
1;627889_1;645479_v2020;627889;1;2120;2120;76;nieuw meetpunt;hoofdtype aanwezig;;23421,60;198478,10;;
1;634673_1;451175_v2014;634673;1;2190;2190_overig;100;nieuw meetpunt;hoofdtype aanwezig;;33597,60;203630,10;;
1;651057_1;444735_v2016;651057;1;2120;2120;100;nieuw meetpunt;hoofdtype aanwezig;;32509,60;203790,10;;
1;788593_1;624526_v2014;788593;1;2190;2190_mp;100;nieuw meetpunt;hoofdtype aanwezig;;53085,60;217230,10;;
1;862321_1;444760_v2016;862321;1;2130;2130_had;30;nieuw meetpunt;subtype aanwezig;;54173,59;216174,10;;
1;873649_1;518949_v2018;873649;1;2190;2190_overig;64;nieuw meetpunt;hoofdtype aanwezig;;23688,60;198220,30;;
1;954421_1;601065_v2014;954421;1;2130;2130_had;20;nieuw meetpunt;subtype aanwezig;;75901,60;226254,10;;
1;999217_1;624588_v2014;999217;1;2190;2190_mp;60;nieuw meetpunt;hoofdtype aanwezig;;30786,30;202189,50;;
1;1060401_1;638500_v2014;1060401;1;2160;2160;90;nieuw meetpunt;hoofdtype aanwezig;;29981,60;202894,10;;
1;1069233_1;645478_v2020;1069233;1;2160;2160;94;nieuw meetpunt;hoofdtype aanwezig;;23645,60;198062,10;;
1;1264241_1;602009_v2014;1264241;1;2130;2130_had;100;nieuw meetpunt;subtype aanwezig;;38589,60;205294,10;;
1;1306417_1;561267_v2018;1306417;1;2170;2170;55;nieuw meetpunt;hoofdtype aanwezig;;32445,59;203470,11;;
1;1354545_1;516966_v2020;1354545;1;2170;2170;100;nieuw meetpunt;hoofdtype aanwezig;;36861,59;206734,11;;
1;1433777_1;169342_v2020;1433777;1;2130;2130_had;100;nieuw meetpunt;subtype aanwezig;;24829,60;196366,10;;
1;1700017_1;601860_v2014;1700017;1;2130;2130_had;100;nieuw meetpunt;subtype aanwezig;;23645,60;195982,10;;
1;1722993_1;601951_v2014;1722993;1;2130;2130_had;100;nieuw meetpunt;subtype aanwezig;;39037,60;205806,10;;
1;1748785_1;444892_v2016;1748785;1;2190;2190_overig;100;nieuw meetpunt;hoofdtype aanwezig;;33597,60;203918,10;;
1;1797937_1;561349_v2018;1797937;1;2170;2170;40;nieuw meetpunt;hoofdtype aanwezig;;32605,60;203150,10;;
1;1898673_1;408179_v2014;1898673;1;2190;2190_mp;20;nieuw meetpunt;hoofdtype aanwezig;;28637,60;200398,10;;
1;1922225_1;511719_v2020;1922225;1;2190;2190_overig;60;nieuw meetpunt;hoofdtype aanwezig;;22621,60;198990,10;;
1;1962161_1;139759_v2020;1962161;1;2130;2130_had;100;nieuw meetpunt;subtype aanwezig;;23965,60;196046,10;;
1;1992497_1;601978_v2014;1992497;1;2130;2130_had;100;nieuw meetpunt;subtype aanwezig;;38173,60;205454,10;;
1;2003969_1;638283_v2014;2003969;1;2180;2180;100;nieuw meetpunt;hoofdtype aanwezig;;55773,60;218542,10;;
1;2050673_1;601967_v2014;2050673;1;2130;2130_had;100;nieuw meetpunt;subtype aanwezig;;38717,60;205294,10;;
1;2085041_1;601976_v2014;2085041;1;2130;2130_had;100;nieuw meetpunt;subtype aanwezig;;23933,60;196302,10;;
1;2135217_1;166869_v2020;2135217;1;2190;2190_overig;56;nieuw meetpunt;hoofdtype aanwezig;;23869,60;198222,10;;
1;2200577_1;597127_v2014;2200577;1;2190;2190_overig;100;nieuw meetpunt;hoofdtype aanwezig;;55069,60;218382,10;;
1;2314293_1;587725_v2018;2314293;1;2180;2180;100;nieuw meetpunt;hoofdtype aanwezig;;76829,60;226606,10;;
1;2352305_1;490473_v2020;2352305;1;2180;2180;98;nieuw meetpunt;hoofdtype aanwezig;;25565,60;199278,10;;
1;2358709_1;659818_v2014;2358709;1;2180;2180;100;nieuw meetpunt;hoofdtype aanwezig;;59037,59;220654,11;;
1;2401457_1;490473_v2020;2401457;1;2180;2180;98;nieuw meetpunt;hoofdtype aanwezig;;25309,60;198990,10;;
1;2430129_1;509605_v2020;2430129;1;2170;2170;40;nieuw meetpunt;hoofdtype aanwezig;;23517,59;199342,11;;
1;2456885_1;474989_v2020;2456885;1;2180;2180;100;nieuw meetpunt;hoofdtype aanwezig;;78621,60;228078,10;;
1;2466993_1;490473_v2020;2466993;1;2180;2180;98;nieuw meetpunt;hoofdtype aanwezig;;25661,60;199022,10;;
1;3108657_1;624749_v2014;3108657;1;2190;2190_mp;100;nieuw meetpunt;hoofdtype aanwezig;;32509,60;203086,10;;
1;3700913_1;414810_v2014;3700913;1;2190;2190_overig;100;nieuw meetpunt;hoofdtype aanwezig;;30205,60;201934,10;;
1;4184757_1;441562_v2016;4184757;1;2190;2190_overig;100;nieuw meetpunt;hoofdtype aanwezig;;65693,60;224430,10;;
1;4543665_1;509486_v2020;4543665;1;2170;2170;100;nieuw meetpunt;hoofdtype aanwezig;;22845,60;199054,10;;
1;4741813_1;624414_v2014;4741813;1;2190;2190_overig;90;nieuw meetpunt;hoofdtype aanwezig;;66333,60;224622,10;;
1;4761777_1;517232_v2018;4761777;1;2190;2190_overig;100;nieuw meetpunt;hoofdtype aanwezig;;26269,60;199214,10;;
1;4871345_1;166807_v2020;4871345;1;2190;2190_overig;69;nieuw meetpunt;hoofdtype aanwezig;;22813,60;198286,10;;
1;4877105_1;536911_v2018;4877105;1;2170;2170;100;nieuw meetpunt;hoofdtype aanwezig;;37949,60;207502,10;;
1;4936881_2;511719_v2020;4936881;1;2170;2170;22;nieuw meetpunt;hoofdtype aanwezig;;22525,59;198894,11;;
1;5205809_1;561349_v2018;5205809;1;2170;2170;40;nieuw meetpunt;hoofdtype aanwezig;;32285,60;203086,10;;
1;5238577_1;561267_v2018;5238577;1;2170;2170;55;nieuw meetpunt;hoofdtype aanwezig;;32637,60;203630,10;;
1;5461169_2;511719_v2020;5461169;1;2170;2170;22;nieuw meetpunt;hoofdtype aanwezig;;22461,59;198862,11;;
1;5500721_1;561267_v2018;5500721;1;2170;2170;55;nieuw meetpunt;hoofdtype aanwezig;;32477,60;203470,10;;
1;6287153_1;561267_v2018;6287153;1;2170;2170;55;nieuw meetpunt;hoofdtype aanwezig;;32541,60;203566,10;;
1;6549297_1;561349_v2018;6549297;1;2170;2170;40;nieuw meetpunt;hoofdtype aanwezig;;32445,60;203342,10;;
1;7050417_1;509553_v2020;7050417;1;2170;2170;80;nieuw meetpunt;hoofdtype aanwezig;;23261,60;198990,10;;
1;7270193_1;561267_v2018;7270193;1;2170;2170;55;nieuw meetpunt;hoofdtype aanwezig;;32893,60;203950,10;;
1;7302961_1;624749_v2014;7302961;1;2190;2190_mp;100;nieuw meetpunt;hoofdtype aanwezig;;32477,60;203022,10;;
1;7335729_1;561267_v2018;7335729;1;2170;2170;55;nieuw meetpunt;hoofdtype aanwezig;;32733,60;203630,10;;
1;10137393_1;444892_v2016;10137393;0;2190;2190_overig;100;nieuw meetpunt;hoofdtype aanwezig;;33661,59;203982,11;;
2;36_1;590458_v2014;36;0;2130;2130_hd;;bestaand meetpunt;hoofdtype aanwezig;2019-10-14;64829,60;224206,10;10160821;"circle: IV2020041015003402; square: IV2020041015045733"
2;43_1;570739_v2018;43;1;2130;2130_hd;75;bestaand meetpunt;hoofdtype aanwezig;2019-10-25;26572,60;200306,30;10213553;"circle: IV2020040710584322; square: IV2020040711103110"
2;46_1;645488_v2014;46;1;2130;2130_hd;80;bestaand meetpunt;hoofdtype aanwezig;2019-10-24;27938,80;200861,80;10221745;"circle: IV2020041012063369; square: IV2020041012121406"
2;48_1;590380_v2014;48;1;2130;2130_hd;25;bestaand meetpunt;hoofdtype aanwezig;2019-10-24;30805,90;202294,60;10235441;"circle: IV2020040610220027; square: IV2020040610284725"
2;52_1;511699_v2020;52;1;2130;2130_hd;80;bestaand meetpunt;hoofdtype aanwezig;2019-10-25;26532,90;199123,00;10266801;"circle: IV2020032508252645; square: IV2020032508304942"
2;54_1;581320_v2014;54;1;2130;2130_hd;30;bestaand meetpunt;hoofdtype aanwezig;2019-10-16;59453,60;221422,10;10288565;"circle: IV2020032507195059; square: IV2020032507272116"
2;58_2;638560_v2014;58;1;2130;2130_hd;30;bestaand meetpunt;hoofdtype aanwezig;2019-10-31;24229,40;199927,10;10314929;"circle: IV2020041012244148; square: IV2020041012315171"
2;63_1;448278_v2018;63;1;2120;2120;100;bestaand meetpunt;hoofdtype aanwezig;2019-10-15;33629,60;204462,10;10342193;"circle: IV2020031623314554; square: IV2020031623341355"
2;65_2;497287_v2020;65;1;2120;2120;70;bestaand meetpunt;hoofdtype aanwezig;2019-10-28;77657,60;228544,60;10353973;"circle: IV2020032310484895; square: IV2020032310554905"
2;68_2;509507_v2020;68;1;2120;2120;64;bestaand meetpunt;hoofdtype aanwezig;2019-10-31;22523,70;199231,50;10392753;"circle: IV2020031521403397; square: IV2020031521461005"
2;70_1;606676_v2018;70;1;2120;2120;75;bestaand meetpunt;hoofdtype aanwezig;2019-10-23;29693,60;203342,10;10399281;"circle: IV2020031607155535; square: IV2020031607261542"
2;73_1;560754_v2018;73;1;2120;2120;100;bestaand meetpunt;hoofdtype aanwezig;2019-10-16;59005,60;221230,10;10419637;"circle: IV2020031721391174; square: IV2020031721445054"
2;74_2;645479_v2020;74;1;2120;2120;76;bestaand meetpunt;hoofdtype aanwezig;2019-11-04;23541,70;198852,10;10458289;"circle: IV2020031519301833; square: IV2020031519312449"
2;75_2;663762_v2014;75;1;2120;2120;40;bestaand meetpunt;hoofdtype aanwezig;2019-10-17;56152,40;219213,00;10462645;"circle: IV2020031721123005; square: IV2020031721133100"
2;78_2;507126_v2018;78;1;2120;2120;60;bestaand meetpunt;hoofdtype aanwezig;2019-10-28;78372,80;228778,80;10517813;"circle: IV2020032307593888; square: IV2020032308041552"
2;81_1;590591_v2014;81;1;2130;2130_hd;;bestaand meetpunt;hoofdtype aanwezig;2019-10-16;62173,60;223118,10;10547637;"circle: IV2020041015191572; square: IV2020041015251468"
2;83_1;589621_v2014;83;1;2120;2120;90;bestaand meetpunt;hoofdtype aanwezig;2019-10-18;51613,60;216398,10;10606705;"circle: IV2020031718404748; square: IV2020031718454661"
2;84_1;589799_v2014;84;1;2130;2130_hd;15;bestaand meetpunt;hoofdtype aanwezig;2019-10-18;55261,60;218670,10;10642869;"circle: IV2020041015550279; square: IV2020041016164636"
2;86_1;645479_v2020;86;1;2120;2120;76;bestaand meetpunt;hoofdtype aanwezig;2019-11-04;23933,60;198830,10;10654897;"circle: IV2020031413234346; square: IV2020031416051174"
2;88_2;590304_v2014;88;1;2120;2120;80;bestaand meetpunt;hoofdtype aanwezig;2019-10-18;50977,40;216075,60;10672241;"circle: IV2020031718111730; square: IV2020031718194416"
2;90_1;596007_v2014;90;1;2130;2130_hd;70;bestaand meetpunt;hoofdtype aanwezig;2019-10-24;30205,60;201966,10;10778801;"circle: IV2020032508102596; square: IV2020032508164234"
2;108_2;561267_v2018;108;1;2170;2170;55;bestaand meetpunt;hoofdtype aanwezig;2018-08-24;32972,70;203881,60;13561649;"circle: IV2019021813401634; square: IV2019021813445547"
2;109_2;561349_v2018;109;1;2170;2170;40;bestaand meetpunt;hoofdtype aanwezig;2018-09-20;32306,80;203037,40;13594417;"circle: IV2019021809512830; square: IV2019021809593611"
2;110_2;561267_v2018;110;1;2170;2170;55;bestaand meetpunt;hoofdtype aanwezig;2018-09-18;33318,00;203982,00;13823793;"circle: IV2019021816153672; square: IV2019021816195603"
2;111_2;561349_v2018;111;1;2170;2170;40;bestaand meetpunt;hoofdtype aanwezig;2018-09-20;32452,40;203366,60;13889329;"circle: IV2019022013124861; square: IV2019022013161788"
2;2161_1;559934_v2018;2161;1;2130;2130_hd;20;bestaand meetpunt;hoofdtype aanwezig;2020-07-10;52989,60;217198,10;2161;"circle: IV2021011320130918; square: IV2021011320162379"
2;2741_1;590458_v2014;2741;0;2120;2120;100;bestaand meetpunt;hoofdtype aanwezig;2021-08-09;64925,60;224238,10;2741;"circle: IV2022030210174364; square: IV2022030210245061"
2;3637_1;640554_v2014;3637;1;2130;2130_hd;100;bestaand meetpunt;hoofdtype aanwezig;2020-09-01;79805,60;228302,10;3637;"circle: IV2021020911000800; square: IV2021020911020461"
2;5297_2;517225_v2018;5297;1;2120;2120;100;bestaand meetpunt;hoofdtype aanwezig;2020-08-27;23451,60;199789,80;5297;"circle: IV2020120213594183; square: IV2020120214062624"
2;11573_1;;11573;1;2180;2180;;bestaand meetpunt;hoofdtype aanwezig;2020-09-09;76829,60;226990,10;11573;"circle: IV2020120215592681; square: IV2020120216014961"
2;12401_1;589733_v2014;12401;0;2120;2120;100;bestaand meetpunt;hoofdtype aanwezig;2021-08-11;49405,60;215086,10;12401;"circle: IV2022042716360493; square: IV2022042716401758"
2;20657_1;518938_v2018;20657;1;2130;2130_hd;77;bestaand meetpunt;hoofdtype aanwezig;2020-06-16;22952,40;197963,00;wz_10;"circle: IV2021011112005621; square: IV2021011112113548"
2;23221_2;507103_v2018;23221;1;2130;2130_hd;;bestaand meetpunt;hoofdtype aanwezig;2020-07-03;66127,60;224669,30;23221;"circle: IV2021011211541635; square: IV2021011211591816"
2;32053_2;507126_v2018;32053;1;2160;2160;15;bestaand meetpunt;hoofdtype aanwezig;2020-07-06;78556,20;228810,80;32053;"circle: IV2021011216211239; square: IV2021011216244401"
2;38065_1;511729_v2020;38065;1;2160;2160;95;bestaand meetpunt;hoofdtype aanwezig;2020-08-27;23589,60;199544,10;wn_25;"circle: IV2021020312441990; square: IV2021020313074317"
2;42161_1;490473_v2020;42161;1;2180;2180;98;bestaand meetpunt;hoofdtype aanwezig;2020-09-21;25464,90;199369,90;kd_05;"circle: IV2020113017361075; square: IV2020113017513017"
2;51313_1;589770_v2014;51313;1;2120;2120;95;bestaand meetpunt;hoofdtype aanwezig;2020-07-10;54589,60;218254,10;51313;"circle: IV2021011317421312; square: IV2021011317445965"
2;55473_1;570739_v2018;55473;1;2160;2160;18;bestaand meetpunt;hoofdtype aanwezig;2021-08-19;26433,40;200358,90;hs_05;"circle: IV2022032121272563; square: IV2022032121314471"
2;57521_1;169536_v2020;57521;1;2130;2130_had;100;bestaand meetpunt;hoofdtype aanwezig;2020-07-16;24858,50;196678,50;ca_13;"circle: IV2021011421011981; square: IV2021011421031696"
2;61233_2;561267_v2018;61233;1;2130;2130_hd;35;bestaand meetpunt;hoofdtype aanwezig;2020-08-17;33013,90;203760,70;ty_18;"circle: IV2021030415195566; square: IV2021030415234918"
2;61877_2;609725_v2018;61877;1;2120;2120;100;bestaand meetpunt;hoofdtype aanwezig;2020-07-09;61996,10;223078,00;61877;"circle: IV2021011311172856; square: IV2021011311205751"
2;64821_1;501729_v2020;64821;1;2180;2180;100;bestaand meetpunt;hoofdtype aanwezig;2020-09-14;77914,00;228034,60;zw_17;"circle: IV2021021118354522; square: IV2021021208503675"
2;64949_1;581557_v2014;64949;1;2160;2160;50;bestaand meetpunt;hoofdtype aanwezig;2020-07-14;59305,00;221256,80;bd_13;"circle: IV2021011409405597; square: IV2021011409434206"
2;67697_1;638498_v2014;67697;1;2160;2160;80;bestaand meetpunt;hoofdtype aanwezig;2020-07-10;53437,60;217230,10;67697;"circle: IV2021011317581609; square: IV2021011318514943"
2;70833_1;511729_v2020;70833;1;2160;2160;95;bestaand meetpunt;hoofdtype aanwezig;2020-08-27;23695,50;199577,60;wn_29;"circle: IV2021020813375412; square: IV2021020813433421"
2;75889_1;601922_v2014;75889;1;2130;2130_had;100;bestaand meetpunt;hoofdtype aanwezig;2021-07-28;53887,60;216183,60;dh_03;"circle: IV2022022715240205; square: IV2022022721063192"
2;81205_2;601421_v2014;81205;1;2130;2130_had;;bestaand meetpunt;hoofdtype aanwezig;2020-09-10;77822,80;227597,60;81205;"circle: IV2021021017234254; square: IV2021021017253747"
2;81973_2;511725_v2020;81973;1;2130;2130_hd;100;bestaand meetpunt;hoofdtype aanwezig;2020-09-07;78269,90;226508,00;81973;"circle: IV2021020311555972; square: IV2021020312011653"
2;87217_1;645478_v2020;87217;1;2160;2160;94;bestaand meetpunt;hoofdtype aanwezig;2020-09-22;24176,40;198354,90;wz_24;"circle: IV2020122415564970; square: IV2020122416000878"
2;91505_1;644280_v2014;91505;1;2130;2130_hd;60;bestaand meetpunt;hoofdtype aanwezig;2020-07-20;42589,60;210574,10;91505;"circle: IV2021011513410504; square: IV2021011513425087"
2;97589_1;601135_v2014;97589;1;2130;2130_hd;100;bestaand meetpunt;hoofdtype aanwezig;2020-09-09;78220,40;227497,80;zw_95;"circle: IV2021021814202479; square: IV2021021814243054"
2;110385_1;644211_v2014;110385;1;2160;2160;100;bestaand meetpunt;hoofdtype aanwezig;2020-07-15;33597,60;203438,10;110385;"circle: IV2021011409540831; square: IV2021011411424030"
2;110705_1;590003_v2014;110705;1;2120;2120;95;bestaand meetpunt;hoofdtype aanwezig;2020-07-14;50621,60;215790,10;110705;"circle: IV2021011321424591; square: IV2021011321462517"
2;111985_1;589926_v2014;111985;1;2120;2120;50;bestaand meetpunt;hoofdtype aanwezig;2020-07-20;45085,60;212238,10;111985;"circle: IV2021011513522454; square: IV2021011513563616"
2;120945_1;589621_v2014;120945;1;2120;2120;90;bestaand meetpunt;hoofdtype aanwezig;2020-07-14;51581,60;216398,10;120945;"circle: IV2021011321285193; square: IV2021011321315520"
2;121525_2;507103_v2018;121525;1;2120;2120;100;bestaand meetpunt;hoofdtype aanwezig;2020-07-02;65373,60;224406,20;121525;"circle: IV2021011211410717; square: IV2021011211462831"
2;130865_2;511568_v2020;130865;1;2160;2160;80;bestaand meetpunt;hoofdtype aanwezig;2021-08-10;31677,40;203662,40;130865;"circle: IV2022031620244735; square: IV2022031620295649"
2;137393_1;507120_v2018;137393;0;2160;2160;30;bestaand meetpunt;hoofdtype aanwezig;2020-08-19;26429,60;201294,10;137393;"circle: IV2020120210211261; square: IV2020120211422533"
2;140465_1;645478_v2020;140465;1;2160;2160;94;bestaand meetpunt;hoofdtype aanwezig;2021-08-24;24296,20;198773,90;wo_03;"circle: IV2022051222053917; square: IV2022051222082464"
2;143797_1;609725_v2018;143797;1;2120;2120;100;bestaand meetpunt;hoofdtype aanwezig;2020-07-09;61725,60;222958,10;143797;"circle: IV2021011312123392; square: IV2021011312154589"
2;147249_1;638411_v2014;147249;1;2160;2160;10;bestaand meetpunt;hoofdtype aanwezig;2021-08-18;29737,20;202298,00;dp_09;"circle: IV2022051014311949; square: IV2022051014355786"
2;153777_1;511592_v2020;153777;1;2160;2160;60;bestaand meetpunt;hoofdtype aanwezig;2021-08-25;28323,00;200804,00;nd_15;"circle: IV2022051222194996; square: IV2022051222223979"
2;174897_1;511704_v2020;174897;1;2120;2120;100;bestaand meetpunt;hoofdtype aanwezig;2020-07-28;37149,60;207022,10;174897;"circle: IV2021011914214175; square: IV2021011914253938"
2;186481_1;572540_v2014;186481;1;2130;2130_hd;50;nieuw meetpunt;hoofdtype aanwezig;;51197,60;216078,10;;
2;186545_1;511730_v2020;186545;1;2160;2160;91;bestaand meetpunt;hoofdtype aanwezig;2021-08-19;26102,80;200260,40;hs_04;"circle: IV2022051017294517; square: IV2022051017365431"
2;188593_1;602008_v2014;188593;1;2130;2130_had;100;bestaand meetpunt;hoofdtype aanwezig;2020-07-17;24243,30;196370,20;ca_08;"circle: IV2021011509552820; square: IV2021011509585608"
2;192305_1;639486_v2014;192305;1;2160;2160;80;bestaand meetpunt;hoofdtype aanwezig;2020-07-08;32336,00;204060,50;ty_01;"circle: IV2021011309484294; square: IV2021011309504788"
2;192625_1;646053_v2014;192625;1;2120;2120;40;bestaand meetpunt;hoofdtype aanwezig;2020-07-14;50013,60;215438,10;192625;"circle: IV2021011321523331; square: IV2021011321561657"
2;194737_1;638198_v2014;194737;1;2160;2160;100;bestaand meetpunt;hoofdtype aanwezig;2021-08-25;27994,10;201049,30;nd_03;"circle: IV2022051222520494; square: IV2022051222571398"
2;196021_1;659750_v2014;196021;1;2120;2120;60;bestaand meetpunt;hoofdtype aanwezig;2020-07-09;59357,60;221454,10;196021;"circle: IV2021011313511379; square: IV2021011314105671"
2;208181_1;560727_v2018;208181;1;2130;2130_hd;100;nieuw meetpunt;hoofdtype aanwezig;;76637,60;227150,10;;
2;210737_1;517210_v2020;210737;1;2130;2130_hd;100;nieuw meetpunt;hoofdtype aanwezig;;35743,20;205885,80;;
2;215665_1;602009_v2014;215665;1;2130;2130_had;100;bestaand meetpunt;hoofdtype aanwezig;2020-09-16;38538,80;205468,90;sb_06;"circle: IV2021020915334073; square: IV2021020915383240"
2;225073_1;502872_v2018;225073;1;2130;2130_hd;70;nieuw meetpunt;hoofdtype aanwezig;;32637,60;202958,10;;
2;228977_2;516805_v2020;228977;1;2160;2160;100;bestaand meetpunt;hoofdtype aanwezig;2020-07-23;39953,40;208699,10;228977;"circle: IV2021011523012885; square: IV2021011523051835"
2;240433_1;;240433;1;2180;2180;;bestaand meetpunt;hoofdtype aanwezig;2020-09-16;36893,60;206734,10;240433;"circle: IV2020122314440629; square: IV2020122315100049"
2;249649_2;545377_v2018;249649;1;2160;2160;75;bestaand meetpunt;hoofdtype aanwezig;2020-09-28;33985,20;204743,90;sd_02;"circle: IV2021021815145590; square: IV2021021816160483"
2;250033_1;152749_v2020;250033;1;2180;2180;70;bestaand meetpunt;hoofdtype aanwezig;2020-09-17;24016,30;196389,90;ca_06;"circle: IV2020122315372252; square: IV2020122315393420"
2;255153_1;490473_v2020;255153;1;2180;2180;98;bestaand meetpunt;hoofdtype aanwezig;2020-09-21;25373,60;199310,10;255153;"circle: IV2020113016470340; square: IV2020113016571783"
2;261429_1;642989_v2014;261429;1;2160;2160;50;bestaand meetpunt;hoofdtype aanwezig;2020-09-14;77400,10;228058,80;zw_05;"circle: IV2021021516334763; square: IV2021021516522470"
2;263605_1;645638_v2014;263605;1;2130;2130_hd;95;nieuw meetpunt;hoofdtype aanwezig;;58013,60;220366,10;;
2;266417_1;169742_v2020;266417;1;2130;2130_hd;70;nieuw meetpunt;hoofdtype aanwezig;;23273,60;197890,80;;
2;268341_1;638175_v2014;268341;0;2180;2180;100;bestaand meetpunt;hoofdtype aanwezig;2020-09-14;72061,60;226190,10;268341;"circle: IV2020120410244162; square: IV2020120410471019"
2;273717_1;587725_v2018;273717;1;2180;2180;100;bestaand meetpunt;hoofdtype aanwezig;2020-09-07;77277,60;226958,10;273717;"circle: IV2020120215071324; square: IV2020120215103764"
2;273969_1;638500_v2014;273969;1;2160;2160;90;bestaand meetpunt;hoofdtype aanwezig;2021-08-16;29581,50;202789,30;sc_03;"circle: IV2022042912314790; square: IV2022042912482620"
2;304305_2;645478_v2020;304305;1;2160;2160;94;bestaand meetpunt;hoofdtype aanwezig;2021-08-26;25053,80;199086,00;304305;"circle: IV2022051310093946; square: IV2022051310132901"
2;317617_1;511730_v2020;317617;1;2160;2160;91;bestaand meetpunt;hoofdtype aanwezig;2021-08-19;26616,10;200859,30;hs_13;"circle: IV2022051017031260; square: IV2022051017072200"
2;319665_1;645696_v2014;319665;1;2130;2130_had;80;bestaand meetpunt;hoofdtype aanwezig;2020-07-17;23472,90;196286,00;ca_01;"circle: IV2021011510212832; square: IV2021011510232253"
2;326965_2;642835_v2014;326965;1;2160;2160;100;bestaand meetpunt;hoofdtype aanwezig;2020-09-14;78423,60;228514,10;zw_27;"circle: IV2020120216201945; square: IV2020120216251498"
2;329841_2;638498_v2014;329841;1;2160;2160;80;bestaand meetpunt;hoofdtype aanwezig;2021-08-10;53661,60;217518,10;329841;"circle: IV2022042710222638; square: IV2022042710353128"
2;337073_1;645478_v2020;337073;1;2160;2160;94;bestaand meetpunt;hoofdtype aanwezig;2021-08-26;24637,60;198862,10;337073;"circle: IV2022051310245008; square: IV2022051310304406"
2;338033_1;602100_v2014;338033;1;2130;2130_had;100;bestaand meetpunt;hoofdtype aanwezig;2020-07-22;53981,20;216416,30;dh_06;"circle: IV2021011516500457; square: IV2021011516515867"
2;385201_2;169536_v2020;385201;1;2130;2130_had;100;bestaand meetpunt;hoofdtype aanwezig;2020-07-16;24670,00;196397,20;385201;"circle: IV2021011417560923; square: IV2021011417592603"
2;386225_1;539187_v2018;386225;1;2180;2180;100;bestaand meetpunt;hoofdtype aanwezig;2020-09-21;25657,60;199436,10;oh_01;"circle: IV2020113021114309; square: IV2020113021140253"
2;388405_1;641642_v2014;388405;1;2160;2160;95;bestaand meetpunt;hoofdtype aanwezig;2020-07-02;77149,60;227918,10;388405;"circle: IV2021011122432466; square: IV2021011122484812"
2;405041_1;641643_v2014;405041;1;2160;2160;75;bestaand meetpunt;hoofdtype aanwezig;2021-08-20;29949,60;202318,10;405041;"circle: IV2022051114301465; square: IV2022051114342732"
2;413749_1;587725_v2018;413749;1;2180;2180;100;bestaand meetpunt;hoofdtype aanwezig;2020-09-09;76797,60;226702,10;413749;"circle: IV2020120215370449; square: IV2020120215384647"
2;414897_2;166807_v2020;414897;1;2190;2190_overig;69;bestaand meetpunt;hoofdtype aanwezig;2021-07-26;22749,59;198318,11;414897;
2;415921_2;638423_v2014;415921;1;2160;2160;100;bestaand meetpunt;hoofdtype aanwezig;2021-08-25;27837,60;200814,20;415921;"circle: IV2022051309175981; square: IV2022051309203778"
2;448689_1;511730_v2020;448689;1;2160;2160;91;bestaand meetpunt;hoofdtype aanwezig;2021-08-19;26476,00;201111,20;hs_12;"circle: IV2022032120074193; square: IV2022032120164256"
2;453425_1;570310_v2018;453425;1;2160;2160;100;bestaand meetpunt;hoofdtype aanwezig;2020-07-23;37851,10;207165,10;sl_01;"circle: IV2021011522302763; square: IV2021011522332571"
2;456881_2;511592_v2020;456881;1;2160;2160;60;bestaand meetpunt;hoofdtype aanwezig;2021-08-25;28573,50;201230,00;456881;"circle: IV2022051309304666; square: IV2022051309370206"
2;458037_1;;458037;1;2190;2190_overig;;bestaand meetpunt;hoofdtype aanwezig;2020-09-04;78535,60;228097,40;zw_31;"circle: IV2021020310360704; square: IV2021020311125571"
2;470325_1;587725_v2018;470325;1;2180;2180;100;bestaand meetpunt;hoofdtype aanwezig;2020-09-09;76701,60;226830,10;470325;"circle: IV2020120215451489; square: IV2020120215464258"
2;477809_1;601790_v2014;477809;1;2130;2130_had;100;bestaand meetpunt;subtype aanwezig;2020-09-16;38621,60;205614,10;477809;"circle: IV2021020915562064; square: IV2021020916425718"
2;511793_1;545377_v2018;511793;1;2160;2160;75;bestaand meetpunt;hoofdtype aanwezig;2020-09-28;34077,60;204558,10;511793;"circle: IV2020122316022040; square: IV2020122316200555"
2;512177_1;152749_v2020;512177;1;2180;2180;70;bestaand meetpunt;hoofdtype aanwezig;2020-09-17;24061,60;196430,10;512177;"circle: IV2021020912560994; square: IV2021020913072938"
2;514225_1;511730_v2020;514225;1;2160;2160;91;bestaand meetpunt;hoofdtype aanwezig;2021-08-19;26301,60;200622,10;514225;"circle: IV2022051111104053; square: IV2022051111145195"
2;556341_1;641965_v2014;556341;1;2160;2160;85;bestaand meetpunt;hoofdtype aanwezig;2020-07-06;78557,60;228430,10;556341;"circle: IV2021011213483112; square: IV2021011213510362"
2;556849_1;559562_v2018;556849;1;2160;2160;70;bestaand meetpunt;hoofdtype aanwezig;2021-08-17;31005,60;203278,10;556849;"circle: IV2022050314444562; square: IV2022050314513260"
2;562353_1;645478_v2020;562353;1;2160;2160;94;bestaand meetpunt;hoofdtype aanwezig;2020-09-22;23933,60;198414,10;562353;"circle: IV2021011813155073; square: IV2021011813214975"
2;567473_1;;567473;1;2180;2180;;bestaand meetpunt;hoofdtype aanwezig;2020-09-25;26333,60;199182,10;567473;"circle: IV2020122315442760; square: IV2020122315464658"
2;574901_1;595406_v2014;574901;1;2180;2180;5;bestaand meetpunt;hoofdtype aanwezig;2020-09-28;57573,10;219434,90;bd_06;"circle: IV2020122316500539; square: IV2020122316540893"
2;581809_1;169536_v2020;581809;1;2130;2130_had;100;bestaand meetpunt;subtype aanwezig;2020-07-16;24377,30;196561,90;ca_10;"circle: IV2021011415473427; square: IV2021011415502665"
2;589109_1;643003_v2014;589109;1;2160;2160;100;bestaand meetpunt;hoofdtype aanwezig;2021-08-05;77971,40;228256,40;zw_16;"circle: IV2022022819065319; square: IV2022022819130686"
2;601649_2;606676_v2018;601649;0;2160;2160;20;bestaand meetpunt;hoofdtype aanwezig;2021-08-17;29917,60;203278,10;601649;"circle: IV2022050417391801; square: IV2022050417433569"
2;606001_1;511619_v2020;606001;1;2160;2160;80;bestaand meetpunt;hoofdtype aanwezig;2021-08-20;30525,60;202542,10;606001;"circle: IV2022051114041101; square: IV2022051114171554"
2;606261_1;514150_v2018;606261;1;2180;2180;100;bestaand meetpunt;hoofdtype aanwezig;2020-09-07;77917,60;226670,10;606261;"circle: IV2020120215283175; square: IV2020120215303595"
2;616625_1;539187_v2018;616625;1;2180;2180;100;bestaand meetpunt;hoofdtype aanwezig;2020-09-25;26145,60;199054,90;oh_03;"circle: IV2021021816364719; square: IV2021021816514337"
2;631985_1;539187_v2018;631985;1;2180;2180;100;bestaand meetpunt;hoofdtype aanwezig;2020-09-25;25928,60;199179,60;oh_02;"circle: IV2021031016342319; square: IV2021031016363298"
2;648369_1;539187_v2018;648369;1;2180;2180;100;bestaand meetpunt;hoofdtype aanwezig;2020-09-25;26045,60;199214,10;648369;"circle: IV2020122315515392; square: IV2020122315542805"
2;650549_1;643003_v2014;650549;1;2160;2160;100;bestaand meetpunt;hoofdtype aanwezig;2021-08-05;77902,60;228524,20;zw_15;"circle: IV2022030112232741; square: IV2022030112284715"
2;664753_1;;664753;1;2180;2180;;bestaand meetpunt;hoofdtype aanwezig;2020-09-22;24042,20;198166,50;wz_23;"circle: IV2020122415455466; square: IV2020122415495361"
2;665653_1;640872_v2014;665653;1;2160;2160;100;bestaand meetpunt;hoofdtype aanwezig;2021-08-09;73533,60;226542,10;665653;"circle: IV2022030209540567; square: IV2022030210003057"
2;667185_1;641643_v2014;667185;1;2160;2160;75;bestaand meetpunt;hoofdtype aanwezig;2021-08-20;29981,60;202254,10;667185;"circle: IV2022051115125222; square: IV2022051115171744"
2;678065_1;460332_v2018;678065;1;2160;2160;100;bestaand meetpunt;hoofdtype aanwezig;2021-08-25;28125,60;200878,10;678065;"circle: IV2022051222383211; square: IV2022051222413977"
2;687729_1;516903_v2020;687729;1;2120;2120;45;nieuw meetpunt;hoofdtype aanwezig;;40413,60;208974,10;;
2;693425_1;645479_v2020;693425;1;2120;2120;76;nieuw meetpunt;hoofdtype aanwezig;;23581,60;198702,10;;
2;699185_1;511704_v2020;699185;1;2120;2120;100;nieuw meetpunt;hoofdtype aanwezig;;37149,60;207118,10;;
2;710769_1;590304_v2014;710769;1;2120;2120;80;nieuw meetpunt;hoofdtype aanwezig;;50941,60;216046,10;;
2;715445_1;507103_v2018;715445;1;2120;2120;100;nieuw meetpunt;hoofdtype aanwezig;;66461,60;224814,10;;
2;720689_1;511568_v2020;720689;1;2160;2160;80;bestaand meetpunt;hoofdtype aanwezig;2021-08-10;31933,50;203598,60;720689;"circle: IV2022031620420928; square: IV2022031620520353"
2;782513_1;152749_v2020;782513;1;2180;2180;70;bestaand meetpunt;hoofdtype aanwezig;2020-09-17;23759,90;196333,00;ca_04;"circle: IV2020122315175746; square: IV2020122315202968"
2;795825_1;509632_v2020;795825;1;2170;2170;75;bestaand meetpunt;hoofdtype aanwezig;2020-08-27;23817,50;199474,00;wn_27;"circle: IV2021020315180623; square: IV2021020315325351"
2;811185_2;103083_v2016;811185;1;2130;2130_had;100;bestaand meetpunt;subtype aanwezig;2020-07-17;25432,70;196879,20;811185;"circle: IV2021011421460959; square: IV2021011421474427"
2;843953_1;169536_v2020;843953;1;2130;2130_had;100;bestaand meetpunt;subtype aanwezig;2020-07-16;24356,80;196648,60;ca_09;"circle: IV2021011421115160; square: IV2021011421142186"
2;851253_1;642011_v2014;851253;1;2180;2180;100;bestaand meetpunt;hoofdtype aanwezig;2020-09-01;77242,80;227651,00;zw_04;"circle: IV2020120214121489; square: IV2020120214143341"
2;912693_1;643975_v2014;912693;1;2190;2190_mp;;bestaand meetpunt;hoofdtype aanwezig;2020-07-02;76831,70;227936,50;zw_02;"circle: IV2021011121021872; square: IV2021011122264803"
2;913585_2;152749_v2020;913585;1;2130;2130_had;;bestaand meetpunt;subtype aanwezig;2020-07-17;23910,00;196079,90;913585;"circle: IV2021011511362765; square: IV2021011511382024"
2;966833_2;139759_v2020;966833;1;2130;2130_had;100;bestaand meetpunt;subtype aanwezig;2020-07-17;24185,80;196075,80;966833;"circle: IV2021011511481135; square: IV2021011511501803"
2;975025_1;169536_v2020;975025;1;2130;2130_had;100;bestaand meetpunt;subtype aanwezig;2020-07-16;25053,60;196782,10;975025;"circle: IV2021011421243074; square: IV2021011421263811"
2;978737_2;561267_v2018;978737;1;2170;2170;55;bestaand meetpunt;hoofdtype aanwezig;2020-08-17;32925,60;203950,10;978737;"circle: IV2021030415543138; square: IV2021030415574137"
2;1036465_1;638356_v2014;1036465;1;2180;2180;100;bestaand meetpunt;hoofdtype aanwezig;2020-09-17;24591,90;196528,50;ca_12;"circle: IV2021020913215942; square: IV2021020913245178"
2;1040561_1;169536_v2020;1040561;1;2130;2130_had;100;bestaand meetpunt;subtype aanwezig;2020-07-16;24378,40;196422,50;ca_11;"circle: IV2021011420521383; square: IV2021011420541030"
2;1060149_2;587725_v2018;1060149;1;2180;2180;100;bestaand meetpunt;hoofdtype aanwezig;2020-09-14;76989,10;226829,30;1060149;"circle: IV2020120216123940; square: IV2020120216140340"
2;1113397_1;638342_v2014;1113397;1;2180;2180;100;bestaand meetpunt;hoofdtype aanwezig;2020-09-14;77693,60;228078,10;1113397;"circle: IV2021021215555995; square: IV2021021217063708"
2;1129781_1;655707_v2014;1129781;1;2180;2180;100;bestaand meetpunt;hoofdtype aanwezig;2020-09-10;77668,60;227648,70;zw_10;"circle: IV2020120216061586; square: IV2020120216081388"
2;1172657_1;539187_v2018;1172657;1;2180;2180;100;bestaand meetpunt;hoofdtype aanwezig;2020-09-21;25757,60;199278,10;1172657;"circle: IV2020120111495894; square: IV2020120112025970"
2;1223473_1;536876_v2018;1223473;1;2190;2190_mp;;bestaand meetpunt;hoofdtype aanwezig;2020-09-15;37277,60;207022,10;1223473;"circle: IV2021020914291444; square: IV2021020914425657"
2;1266865_1;169674_v2020;1266865;1;2190;2190_overig;83;bestaand meetpunt;hoofdtype aanwezig;2021-08-31;23277,30;198161,90;wz_13;"circle: IV2022051311560973; square: IV2022051311590152"
2;1298609_1;152749_v2020;1298609;1;2180;2180;70;bestaand meetpunt;hoofdtype aanwezig;2020-09-01;23613,60;196238,10;1298609;"circle: IV2021020911184688; square: IV2021020911210746"
2;1371953_1;517734_v2020;1371953;1;2190;2190_overig;;bestaand meetpunt;hoofdtype aanwezig;2020-07-15;33149,60;203438,10;1371953;"circle: IV2021011411563611; square: IV2021011412380930"
2;1375541_1;619213_v2014;1375541;1;2190;2190_overig;80;bestaand meetpunt;hoofdtype aanwezig;2020-07-01;77533,60;227822,10;1375541;"circle: IV2021011114133629; square: IV2021011114203839"
2;1381553_1;511689_v2020;1381553;1;2170;2170;20;bestaand meetpunt;hoofdtype aanwezig;2020-09-02;22636,80;198720,40;wn_05;"circle: IV2021012515511275; square: IV2021012516111513"
2;1421105_1;487758_v2020;1421105;1;2190;2190_mp;;bestaand meetpunt;hoofdtype aanwezig;2020-07-15;33341,60;203502,10;1421105;"circle: IV2021011414082974; square: IV2021011414113050"
2;1545393_1;517167_v2018;1545393;1;2170;2170;100;bestaand meetpunt;hoofdtype aanwezig;2020-08-27;23444,00;199054,70;wn_20;"circle: IV2021020318044186; square: IV2021020318085555"
2;1660081_1;511689_v2020;1660081;1;2190;2190_mp;;bestaand meetpunt;hoofdtype aanwezig;2020-09-02;22781,60;198670,10;1660081;"circle: IV2021012918041681; square: IV2021012918061488"
2;1945393_1;487758_v2020;1945393;1;2190;2190_mp;;bestaand meetpunt;hoofdtype aanwezig;2020-07-15;33373,60;203470,10;1945393;"circle: IV2021011415163965; square: IV2021011415190633"
2;2160817_1;408179_v2014;2160817;1;2190;2190_mp;20;bestaand meetpunt;hoofdtype aanwezig;2020-09-08;28502,30;200315,80;nd_22;"circle: IV2021021814592119; square: IV2021021815005509"
2;2420529_1;487758_v2020;2420529;1;2190;2190_mp;;bestaand meetpunt;hoofdtype aanwezig;2020-07-15;33213,60;203438,10;2420529;"circle: IV2021011413392661; square: IV2021011413414322"
2;2593969_1;511694_v2020;2593969;1;2190;2190_mp;;bestaand meetpunt;hoofdtype aanwezig;2020-08-27;23389,60;198990,10;2593969;"circle: IV2021020812015021; square: IV2021020812040795"
2;2987185_1;562322_v2018;2987185;1;2190;2190_overig;64;bestaand meetpunt;hoofdtype aanwezig;2021-08-27;23101,60;198126,10;2987185;"circle: IV2022051310401715; square: IV2022051310440081"
2;3025009_1;665066_v2014;3025009;1;2190;2190_overig;10;bestaand meetpunt;hoofdtype aanwezig;2020-07-22;53819,10;215976,00;dh_16;"circle: IV2021011514502944; square: IV2021011514530901"
2;3026229_2;619354_v2014;3026229;1;2190;2190_overig;100;bestaand meetpunt;hoofdtype aanwezig;2020-07-02;77245,70;227764,60;3026229;"circle: IV2021011210111773; square: IV2021011210164709"
2;3036337_1;166807_v2020;3036337;1;2190;2190_mp;;bestaand meetpunt;hoofdtype aanwezig;2020-09-02;22717,60;198382,10;3036337;"circle: IV2021012912113932; square: IV2021012912164517"
2;3168949_1;624414_v2014;3168949;1;2190;2190_overig;90;bestaand meetpunt;hoofdtype aanwezig;2020-07-03;66269,60;224654,10;3168949;"circle: IV2021011213305234; square: IV2021011213354985"
2;3600177_1;624604_v2014;3600177;1;2190;2190_mp;100;bestaand meetpunt;hoofdtype aanwezig;2020-08-13;33053,60;204238,10;3600177;"circle: IV2021012814205997; square: IV2021012814220819"
2;3796785_1;624541_v2014;3796785;1;2190;2190_mp;100;bestaand meetpunt;hoofdtype aanwezig;2020-07-08;32381,60;203982,10;3796785;"circle: IV2021011310273149; square: IV2021011310410273"
2;3963057_1;596007_v2014;3963057;1;2190;2190_mp;;bestaand meetpunt;hoofdtype aanwezig;2020-08-21;29853,60;201742,10;3963057;"circle: IV2021012116471966; square: IV2021012116502705"
2;4936881_1;511719_v2020;4936881;1;2190;2190_overig;60;nieuw meetpunt;hoofdtype aanwezig;;22525,60;198894,10;;
2;5461169_1;511719_v2020;5461169;1;2190;2190_overig;60;nieuw meetpunt;hoofdtype aanwezig;;22461,60;198862,10;;
2;5514417_1;510217_v2020;5514417;1;2190;2190_overig;100;nieuw meetpunt;hoofdtype aanwezig;;24221,60;199022,10;;
2;7427249_1;517090_v2018;7427249;1;2170;2170;100;nieuw meetpunt;hoofdtype aanwezig;;22845,60;198830,10;;
2;7515953_1;561267_v2018;7515953;1;2170;2170;55;nieuw meetpunt;hoofdtype aanwezig;;33373,60;203982,10;;
2;7520049_1;561349_v2018;7520049;1;2170;2170;40;nieuw meetpunt;hoofdtype aanwezig;;32189,60;202766,10;;
2;7689393_1;509470_v2020;7689393;1;2170;2170;70;nieuw meetpunt;hoofdtype aanwezig;;22973,60;198926,10;;
2;7745073_1;638411_v2014;7745073;1;2170;2170;50;nieuw meetpunt;hoofdtype aanwezig;;29725,60;202382,10;;
2;8007217_1;638411_v2014;8007217;1;2170;2170;50;nieuw meetpunt;hoofdtype aanwezig;;30205,60;202254,10;;
2;8072753_1;638411_v2014;8072753;1;2170;2170;50;nieuw meetpunt;hoofdtype aanwezig;;29693,60;202350,10;;
2;8135857_1;517250_v2018;8135857;1;2170;2170;70;nieuw meetpunt;hoofdtype aanwezig;;24541,60;199022,10;;
2;8449841_1;561267_v2018;8449841;1;2170;2170;55;nieuw meetpunt;hoofdtype aanwezig;;32797,60;203662,10;;
2;8646449_1;561349_v2018;8646449;1;2170;2170;40;nieuw meetpunt;hoofdtype aanwezig;;32381,60;203406,10;;
2;8732465_1;501917_v2020;8732465;1;2170;2170;20;nieuw meetpunt;hoofdtype aanwezig;;30365,60;202638,10;;
2;8793649_1;641643_v2014;8793649;1;2170;2170;20;nieuw meetpunt;hoofdtype aanwezig;;29885,60;202286,10;;
2;9074865_1;638411_v2014;9074865;1;2170;2170;50;nieuw meetpunt;hoofdtype aanwezig;;29661,60;202126,10;;
2;9170737_1;561267_v2018;9170737;1;2170;2170;55;nieuw meetpunt;hoofdtype aanwezig;;32413,60;203534,10;;
2;9184433_1;509579_v2020;9184433;1;2170;2170;15;nieuw meetpunt;hoofdtype aanwezig;;24413,59;199118,10;;
3;25777_2;645479_v2020;25777;1;2120;2120;76;bestaand meetpunt;hoofdtype aanwezig;2021-08-24;23645,60;199054,10;25777;"circle: IV2022051121423253; square: IV2022051121463601"
3;30897_1;638411_v2014;30897;1;2130;2130_hd;35;bestaand meetpunt;hoofdtype aanwezig;2021-08-18;29831,70;202086,90;dp_08;"circle: IV2022051014492331; square: IV2022051014532030"
3;54273_1;638188_v2014;54273;1;2180;2180;100;bestaand meetpunt;hoofdtype aanwezig;2022-08-01;55621,70;218584,60;bd_02;"circle: IV2022092721073587; square: IV2022092721094472"
3;81713_2;645596_v2014;81713;1;2130;2130_hd;95;bestaand meetpunt;hoofdtype aanwezig;2021-08-20;30959,40;202840,30;dp_13;"circle: IV2022051111241288; square: IV2022051111300615"
3;88117_1;645050_v2014;88117;0;2130;2130_hd;60;bestaand meetpunt;hoofdtype aanwezig;2020-09-15;72445,60;226414,10;88117;"circle: IV2021020913514220; square: IV2021020914032298"
3;96433_2;439140_v2016;96433;1;2120;2120;60;bestaand meetpunt;hoofdtype aanwezig;2021-08-23;29373,60;201422,10;96433;"circle: IV2022051116090484; square: IV2022051116124938"
3;100465_1;444760_v2016;100465;1;2130;2130_had;30;bestaand meetpunt;hoofdtype aanwezig;2021-07-14;54240,30;216383,40;dh_12;
3;107697_1;490473_v2020;107697;1;2180;2180;98;bestaand meetpunt;hoofdtype aanwezig;2022-08-31;25885,60;198830,10;107697;
3;107957_1;638214_v2014;107957;1;2180;2180;100;bestaand meetpunt;hoofdtype aanwezig;2022-08-29;55419,50;218288,10;bd_01;
3;122673_1;560524_v2018;122673;0;2120;2120;100;bestaand meetpunt;hoofdtype aanwezig;2021-08-10;31933,70;204366,20;122673;"circle: IV2022031620124918; square: IV2022031620180663"
3;136885_1;537674_v2018;136885;1;2120;2120;100;bestaand meetpunt;hoofdtype aanwezig;2021-08-09;70877,60;226478,10;136885;"circle: IV2022030213183192; square: IV2022030213233916"
3;143153_1;497795_v2020;143153;1;2130;2130_hd;95;bestaand meetpunt;hoofdtype aanwezig;2020-07-29;33597,60;202830,10;143153;"circle: IV2021012513463321; square: IV2021012513551835"
3;144561_1;570745_v2018;144561;1;2130;2130_hd;75;bestaand meetpunt;hoofdtype aanwezig;2021-08-19;27076,60;200200,00;hs_08;"circle: IV2022032120503639; square: IV2022032120560893"
3;151729_1;166852_v2020;151729;1;2130;2130_hd;97;bestaand meetpunt;hoofdtype aanwezig;2020-09-22;23903,00;198289,00;wz_22;"circle: IV2021031211493518; square: IV2021031211544343"
3;152753_1;169975_v2020;152753;1;2160;2160;89;bestaand meetpunt;hoofdtype aanwezig;2022-09-06;22884,90;198322,30;152753;
3;165301_2;644622_v2014;165301;1;2130;2130_hd;60;bestaand meetpunt;hoofdtype aanwezig;2021-08-10;59374,60;220897,70;bd_11;"circle: IV2022042710554038; square: IV2022042711011620"
3;175921_1;561267_v2018;175921;1;2130;2130_hd;35;bestaand meetpunt;hoofdtype aanwezig;2020-08-13;33356,80;204023,40;ty_20;"circle: IV2021012814295639; square: IV2021012814304459"
3;180017_1;589734_v2014;180017;1;2130;2130_hd;;bestaand meetpunt;hoofdtype aanwezig;2020-07-30;32029,60;202894,10;180017;"circle: IV2021021220084770; square: IV2021021220114269"
3;195893_1;601164_v2018;195893;1;2130;2130_hd;100;bestaand meetpunt;hoofdtype aanwezig;2020-09-10;78081,90;228247,30;zw_21;"circle: IV2021021116214310; square: IV2021021117221269"
3;201905_1;511691_v2020;201905;1;2130;2130_hd;85;bestaand meetpunt;hoofdtype aanwezig;2021-07-15;22912,10;199399,90;wn_12;
3;208433_2;645642_v2014;208433;1;2130;2130_hd;90;bestaand meetpunt;hoofdtype aanwezig;2021-08-17;29787,70;202506,80;dp_11;"circle: IV2022050313162490; square: IV2022050313224702"
3;251317_2;;251317;1;2130;2130_hd;;bestaand meetpunt;hoofdtype aanwezig;2021-08-10;59597,30;221047,70;bd_14;"circle: IV2022042716103709; square: IV2022042716131271"
3;256177_1;536936_v2018;256177;1;2180;2180;100;bestaand meetpunt;hoofdtype aanwezig;2022-09-07;27645,60;199726,10;256177;
3;259889_3;510184_v2020;259889;1;2120;2120;100;bestaand meetpunt;hoofdtype aanwezig;2021-08-06;35165,40;206158,00;259889;"circle: IV2022031615394807; square: IV2022031616040407"
3;282225_1;516913_v2020;282225;1;2130;2130_hd;100;nieuw meetpunt;hoofdtype aanwezig;;40701,59;209070,11;;
3;282801_1;509622_v2020;282801;1;2130;2130_hd;76;bestaand meetpunt;hoofdtype aanwezig;2021-09-08;23427,30;199499,90;wn_24;
3;290609_1;444991_v2014;290609;1;2130;2130_hd;60;bestaand meetpunt;hoofdtype aanwezig;2021-08-09;32883,20;202807,20;ov_91;"circle: IV2022031616195962; square: IV2022031616292374"
3;293041_1;641353_v2014;293041;1;2130;2130_hd;100;bestaand meetpunt;hoofdtype aanwezig;2021-08-17;30135,20;202623,40;dp_10;"circle: IV2022050313330804; square: IV2022050313373565"
3;296373_1;665235_v2014;296373;1;2130;2130_hd;70;nieuw meetpunt;hoofdtype aanwezig;;57149,60;219918,10;;
3;297073_1;601922_v2014;297073;1;2130;2130_had;100;bestaand meetpunt;hoofdtype aanwezig;2021-08-02;53859,30;216418,80;dh_05;"circle: IV2022031516273992; square: IV2022031516330287"
3;305329_1;509686_v2020;305329;1;2120;2120;80;bestaand meetpunt;hoofdtype aanwezig;2021-08-26;26301,60;199438,10;305329;"circle: IV2022051309464011; square: IV2022051309502084"
3;321589_1;597805_v2014;321589;1;2130;2130_hd;90;nieuw meetpunt;hoofdtype aanwezig;;75133,60;226574,10;;
3;322229_1;604963_v2014;322229;1;2130;2130_hd;100;nieuw meetpunt;hoofdtype aanwezig;;66845,60;224814,10;;
3;323377_1;497910_v2020;323377;1;2130;2130_hd;100;nieuw meetpunt;hoofdtype aanwezig;;33220,90;203285,70;;
3;332977_1;511681_v2020;332977;1;2170;2170;65;bestaand meetpunt;hoofdtype aanwezig;2021-09-10;23248,70;199120,90;wn_17;
3;339505_1;606676_v2018;339505;1;2120;2120;75;bestaand meetpunt;hoofdtype aanwezig;2021-08-16;29629,60;203214,10;339505;"circle: IV2022042911172217; square: IV2022042911232605"
3;343349_1;601187_v2014;343349;1;2130;2130_hd;100;nieuw meetpunt;hoofdtype aanwezig;;77469,60;227502,10;;
3;343477_1;645547_v2014;343477;0;2130;2130_hd;70;nieuw meetpunt;hoofdtype aanwezig;;59709,60;221774,10;;
3;358577_1;439140_v2016;358577;1;2120;2120;60;bestaand meetpunt;hoofdtype aanwezig;2020-08-21;29597,60;201550,10;358577;"circle: IV2021030414004295; square: IV2021030414080835"
3;360241_1;560873_v2018;360241;1;2120;2120;100;bestaand meetpunt;hoofdtype aanwezig;2021-08-16;30269,60;203534,10;360241;"circle: IV2022042816324163; square: IV2022042816375226"
3;365569_1;681240_v2014;365569;1;2130;2130_hd;95;nieuw meetpunt;hoofdtype aanwezig;;54845,60;218222,10;;
3;365745_1;645478_v2020;365745;1;2160;2160;94;bestaand meetpunt;hoofdtype aanwezig;2022-10-14;23421,60;198126,10;365745;
3;369841_1;490473_v2020;369841;1;2180;2180;98;bestaand meetpunt;hoofdtype aanwezig;2022-08-12;25693,60;198894,10;369841;
3;371505_1;511704_v2020;371505;1;2120;2120;100;bestaand meetpunt;hoofdtype aanwezig;2020-07-28;36861,60;206830,10;371505;"circle: IV2021011911345110; square: IV2021011911441348"
3;380529_2;644280_v2014;380529;1;2130;2130_hd;60;bestaand meetpunt;hoofdtype aanwezig;2020-07-20;42397,80;210360,60;380529;"circle: IV2021011512105237; square: IV2021011512133850"
3;388913_1;444735_v2016;388913;1;2120;2120;100;bestaand meetpunt;hoofdtype aanwezig;2021-08-03;32637,60;203918,10;388913;"circle: IV2022022622544515; square: IV2022022623030182"
3;395957_1;590458_v2014;395957;1;2120;2120;100;bestaand meetpunt;hoofdtype aanwezig;2020-09-29;64477,60;224046,10;395957;"circle: IV2020122317032853; square: IV2020122317102738"
3;399281_2;644905_v2014;399281;1;2120;2120;40;bestaand meetpunt;hoofdtype aanwezig;2021-08-23;30525,60;201998,10;399281;"circle: IV2022051115250806; square: IV2022051115283439"
3;425269_1;507117_v2018;425269;1;2120;2120;60;bestaand meetpunt;hoofdtype aanwezig;2020-07-07;79069,60;228814,10;425269;"circle: IV2021011309125223; square: IV2021011309183055"
3;431281_1;645479_v2020;431281;1;2120;2120;76;bestaand meetpunt;hoofdtype aanwezig;2021-08-24;23837,60;198926,10;431281;"circle: IV2022051121522097; square: IV2022051121553852"
3;436401_1;511543_v2020;436401;1;2180;2180;100;bestaand meetpunt;hoofdtype aanwezig;2022-09-02;27096,40;199924,00;hs_09;
3;438065_1;444735_v2016;438065;1;2120;2120;100;bestaand meetpunt;hoofdtype aanwezig;2021-08-03;33501,60;204174,10;438065;"circle: IV2022031610244106; square: IV2022031610320843"
3;454449_1;444735_v2016;454449;1;2120;2120;100;bestaand meetpunt;hoofdtype aanwezig;2021-08-03;33245,60;204142,10;454449;"circle: IV2022031611044320; square: IV2022031611215656"
3;456817_1;507115_v2018;456817;1;2120;2120;90;bestaand meetpunt;hoofdtype aanwezig;2021-08-11;52541,60;216974,10;456817;"circle: IV2022042716235735; square: IV2022042716290394"
3;461493_1;590458_v2014;461493;1;2120;2120;100;bestaand meetpunt;hoofdtype aanwezig;2021-08-09;64701,60;224142,10;461493;"circle: IV2022030210333141; square: IV2022030210363565"
3;501937_1;511690_v2020;501937;1;2180;2180;78;bestaand meetpunt;hoofdtype aanwezig;2022-09-08;26397,59;199982,11;501937;
3;513461_1;560754_v2018;513461;1;2120;2120;100;bestaand meetpunt;hoofdtype aanwezig;2021-08-10;58621,60;220942,10;513461;"circle: IV2022030320251055; square: IV2022030320284365"
3;514741_1;507103_v2018;514741;1;2120;2120;100;bestaand meetpunt;hoofdtype aanwezig;2021-08-09;65661,60;224494,10;514741;"circle: IV2022030213370159; square: IV2022030213394969"
3;517297_1;490473_v2020;517297;1;2180;2180;98;bestaand meetpunt;hoofdtype aanwezig;2022-08-31;25117,60;199278,10;517297;
3;530485_2;638175_v2014;530485;0;2180;2180;100;bestaand meetpunt;hoofdtype aanwezig;2022-08-04;71869,60;226222,10;530485;"circle: IV2022092721053921; square: IV2022092721074784"
3;566449_1;490473_v2020;566449;1;2180;2180;98;bestaand meetpunt;hoofdtype aanwezig;2022-08-12;25469,60;198862,10;566449;
3;585521_1;;585521;1;2180;2180;;bestaand meetpunt;hoofdtype aanwezig;2022-08-05;33100,80;203551,90;ha_02;"circle: IV2022092721033636; square: IV2022092721054626"
3;595121_1;511729_v2020;595121;1;2160;2160;95;bestaand meetpunt;hoofdtype aanwezig;2022-10-12;23261,60;199342,10;595121;
3;627889_2;645479_v2020;627889;1;2160;2160;12;bestaand meetpunt;hoofdtype aanwezig;2022-09-15;23421,60;198478,10;627889;
3;632245_1;638283_v2014;632245;1;2180;2180;100;bestaand meetpunt;hoofdtype aanwezig;2022-08-01;55782,80;218450,30;bd_03;"circle: IV2022092721073450; square: IV2022092721094098"
3;634417_2;606676_v2018;634417;1;2120;2120;75;bestaand meetpunt;hoofdtype aanwezig;2021-08-16;29373,60;203054,20;634417;"circle: IV2022042911313354; square: IV2022042911542414"
3;661425_1;596007_v2014;661425;1;2120;2120;5;bestaand meetpunt;hoofdtype aanwezig;2020-08-24;30461,60;202030,10;661425;"circle: IV2020120211582747; square: IV2020120212133830"
3;693425_2;645479_v2020;693425;1;2160;2160;12;bestaand meetpunt;hoofdtype aanwezig;2022-10-11;23581,60;198702,10;693425;
3;726193_1;511729_v2020;726193;1;2160;2160;95;bestaand meetpunt;hoofdtype aanwezig;2022-09-13;23613,59;199534,11;726193;
3;730289_1;645478_v2020;730289;1;2160;2160;94;bestaand meetpunt;hoofdtype aanwezig;2022-10-06;24637,60;198350,10;730289;
3;746865_1;589893_v2014;746865;1;2120;2120;70;nieuw meetpunt;hoofdtype aanwezig;;43261,60;211022,10;;
3;758961_1;511729_v2020;758961;1;2160;2160;95;bestaand meetpunt;hoofdtype aanwezig;2022-10-07;23133,60;199118,10;758961;
3;764081_1;511690_v2020;764081;0;2180;2180;78;bestaand meetpunt;hoofdtype aanwezig;2022-09-08;26141,59;200046,11;764081;
3;775605_1;590277_v2014;775605;1;2120;2120;60;nieuw meetpunt;hoofdtype aanwezig;;58781,60;220974,10;;
3;784177_1;517193_v2020;784177;1;2120;2120;30;nieuw meetpunt;hoofdtype aanwezig;;35069,60;205998,10;;
3;798257_1;638500_v2014;798257;1;2160;2160;90;bestaand meetpunt;hoofdtype aanwezig;2022-09-28;29789,60;202830,10;798257;"circle: IV2022092815443741; square: IV2022092815453749"
3;802609_1;638369_v2014;802609;1;2160;2160;90;bestaand meetpunt;hoofdtype aanwezig;2022-09-28;30493,60;202894,10;802609;"circle: IV2022092815443549; square: IV2022093017003466"
3;817329_1;638604_v2014;817329;1;2160;2160;80;bestaand meetpunt;hoofdtype aanwezig;2022-09-28;29949,60;201870,10;817329;"circle: IV2022092815443368; square: IV2022092815453464"
3;823089_1;638468_v2014;823089;1;2160;2160;80;bestaand meetpunt;hoofdtype aanwezig;2022-08-05;32989,60;204430,10;823089;"circle: IV2022092721054155; square: IV2022092721073816"
3;824497_1;645478_v2020;824497;1;2160;2160;94;bestaand meetpunt;hoofdtype aanwezig;2022-09-15;23709,59;198286,10;824497;
3;828593_1;645478_v2020;828593;1;2160;2160;94;bestaand meetpunt;hoofdtype aanwezig;2022-09-16;25149,60;198702,10;828593;
3;854129_2;638498_v2014;854129;1;2160;2160;80;bestaand meetpunt;hoofdtype aanwezig;2022-09-21;53565,60;217454,10;854129;"circle: IV2022092720553273; square: IV2022092720573527"
3;857265_1;511729_v2020;857265;1;2160;2160;95;bestaand meetpunt;hoofdtype aanwezig;2022-09-13;23165,60;199502,10;857265;
3;861361_1;645478_v2020;861361;1;2160;2160;94;bestaand meetpunt;hoofdtype aanwezig;2022-09-09;25053,60;199086,10;861361;
3;863793_1;638500_v2014;863793;1;2160;2160;90;bestaand meetpunt;hoofdtype aanwezig;2022-09-28;29533,60;202894,10;863793;"circle: IV2022092815443602; square: IV2022092815453237"
3;877745_1;507121_v2018;877745;1;2160;2160;30;bestaand meetpunt;hoofdtype aanwezig;2022-10-12;24093,60;200110,10;877745;
3;884337_1;517259_v2020;884337;1;2120;2120;45;nieuw meetpunt;hoofdtype aanwezig;;39517,60;208622,10;;
3;890033_1;645478_v2020;890033;1;2160;2160;94;bestaand meetpunt;hoofdtype aanwezig;2022-10-14;23261,60;198318,10;890033;
3;896561_1;606676_v2018;896561;1;2160;2160;20;bestaand meetpunt;hoofdtype aanwezig;2022-09-28;29789,60;203342,10;896561;"circle: IV2022092815443417; square: IV2022092815453533"
3;913201_1;638468_v2014;913201;1;2160;2160;80;bestaand meetpunt;hoofdtype aanwezig;2022-08-05;33037,80;204307,30;913201;"circle: IV2022092721033248; square: IV2022092721054768"
3;919665_1;607450_v2014;919665;1;2160;2160;30;bestaand meetpunt;hoofdtype aanwezig;2022-09-21;52829,60;217038,10;919665;"circle: IV2022092720553302; square: IV2022092720573616"
3;923569_2;638502_v2014;923569;1;2160;2160;80;bestaand meetpunt;hoofdtype aanwezig;2022-09-27;30685,60;202222,10;923569;"circle: IV2022092720513272; square: IV2022092720523477"
3;945969_1;638129_v2014;945969;1;2160;2160;100;bestaand meetpunt;hoofdtype aanwezig;2022-09-27;33117,60;202702,10;945969;"circle: IV2022092720523337; square: IV2022092720533621"
3;959925_1;638212_v2014;959925;1;2180;2180;100;bestaand meetpunt;hoofdtype aanwezig;2022-08-01;56349,60;218894,10;959925;"circle: IV2022092721093501; square: IV2022092721104370"
3;971953_1;511729_v2020;971953;1;2160;2160;95;bestaand meetpunt;hoofdtype aanwezig;2022-10-07;22877,60;199278,10;971953;
3;977713_2;554503_v2018;977713;1;2160;2160;100;bestaand meetpunt;hoofdtype aanwezig;2022-09-27;37469,60;207118,10;977713;"circle: IV2022092720533217; square: IV2022092720553636"
3;992433_1;645478_v2020;992433;1;2160;2160;94;bestaand meetpunt;hoofdtype aanwezig;2022-10-05;24669,60;198510,10;992433;
3;1011505_1;644192_v2014;1011505;1;2160;2160;100;bestaand meetpunt;hoofdtype aanwezig;2022-09-27;32381,60;203054,10;1011505;"circle: IV2022092720523231; square: IV2022092720533744"
3;1021105_1;645479_v2020;1021105;1;2160;2160;12;bestaand meetpunt;hoofdtype aanwezig;2022-10-11;23421,60;198702,10;1021105;
3;1030321_1;511555_v2020;1030321;0;2160;2160;70;bestaand meetpunt;hoofdtype aanwezig;2022-09-28;28957,60;201390,10;1030321;"circle: IV2022092815443395; square: IV2022092815453624"
3;1036081_2;545377_v2018;1036081;1;2160;2160;75;bestaand meetpunt;hoofdtype aanwezig;2022-08-05;34269,60;204558,10;1036081;"circle: IV2022092721053845; square: IV2022092721074803"
3;1037749_1;411287_v2014;1037749;1;2160;2160;50;bestaand meetpunt;hoofdtype aanwezig;2022-08-01;58685,60;220878,10;1037749;"circle: IV2022092721093614; square: IV2022092721104008"
3;1038513_1;511730_v2020;1038513;1;2160;2160;91;bestaand meetpunt;hoofdtype aanwezig;2022-09-30;26141,60;200398,10;1038513;"circle: IV2022093016593381; square: IV2022093017003588"
3;1057969_1;645478_v2020;1057969;1;2160;2160;94;bestaand meetpunt;hoofdtype aanwezig;2022-10-06;24541,60;198798,10;1057969;
3;1090737_1;490473_v2020;1090737;1;2180;2180;98;bestaand meetpunt;hoofdtype aanwezig;2022-08-12;25437,60;198926,10;1090737;
3;1106097_1;169536_v2020;1106097;1;2130;2130_had;100;bestaand meetpunt;subtype aanwezig;2021-08-04;24029,70;196132,00;ca_07;"circle: IV2022022818342797; square: IV2022022818365753"
3;1124465_1;602221_v2014;1124465;1;2130;2130_had;98;bestaand meetpunt;subtype aanwezig;2021-07-14;54370,20;216572,50;dh_10;
3;1158961_1;638538_v2014;1158961;1;2180;2180;100;bestaand meetpunt;hoofdtype aanwezig;2022-09-27;33725,60;203342,10;1158961;"circle: IV2022092720533554; square: IV2022092720553887"
3;1237169_1;152749_v2020;1237169;1;2130;2130_had;;bestaand meetpunt;subtype aanwezig;2021-08-04;23601,80;196352,30;ca_02;"circle: IV2022022623181075; square: IV2022022623241598"
3;1303729_1;490473_v2020;1303729;1;2180;2180;98;bestaand meetpunt;hoofdtype aanwezig;2022-08-12;25501,60;199214,10;1303729;
3;1322293_1;587725_v2018;1322293;1;2180;2180;100;bestaand meetpunt;hoofdtype aanwezig;2022-08-02;77181,60;226894,10;1322293;"circle: IV2022092721073439; square: IV2022092721094272"
3;1368241_1;139759_v2020;1368241;1;2130;2130_had;100;bestaand meetpunt;subtype aanwezig;2021-08-04;24450,50;196194,40;ca_15;"circle: IV2022031614343498; square: IV2022031615023963"
3;1391925_2;506498_v2018;1391925;1;2180;2180;30;bestaand meetpunt;hoofdtype aanwezig;2022-08-02;77373,60;227438,10;1391925;"circle: IV2022092721054491; square: IV2022092721073759"
3;1418417_1;490473_v2020;1418417;1;2180;2180;98;bestaand meetpunt;hoofdtype aanwezig;2022-08-11;25821,60;199022,10;1418417;
3;1434801_1;539187_v2018;1434801;1;2180;2180;100;bestaand meetpunt;hoofdtype aanwezig;2022-08-30;25693,60;199406,10;1434801;
3;1462325_1;587725_v2018;1462325;1;2180;2180;100;bestaand meetpunt;hoofdtype aanwezig;2022-08-02;76573,60;226638,10;1462325;"circle: IV2022092721053652; square: IV2022092721074657"
3;1484977_1;511543_v2020;1484977;1;2180;2180;100;bestaand meetpunt;hoofdtype aanwezig;2022-09-02;26973,60;199918,10;1484977;
3;1506613_1;582559_v2014;1506613;1;2180;2180;45;bestaand meetpunt;hoofdtype aanwezig;2022-08-04;78013,60;228046,10;1506613;"circle: IV2022092721054248; square: IV2022092721074543"
3;1550513_1;511690_v2020;1550513;1;2180;2180;78;bestaand meetpunt;hoofdtype aanwezig;2022-09-08;26525,59;200078,11;1550513;
3;1560753_1;169536_v2020;1560753;1;2130;2130_had;100;bestaand meetpunt;subtype aanwezig;2021-08-04;24035,70;196581,80;ca_05;"circle: IV2022022622253016; square: IV2022022622363959"
3;1565873_1;490473_v2020;1565873;1;2180;2180;98;bestaand meetpunt;hoofdtype aanwezig;2022-08-31;25149,60;199150,10;1565873;
3;1566897_1;511543_v2020;1566897;1;2180;2180;100;bestaand meetpunt;hoofdtype aanwezig;2022-09-02;27197,60;199822,10;1566897;
3;1648753_1;602100_v2014;1648753;1;2130;2130_had;100;bestaand meetpunt;subtype aanwezig;2021-08-05;54101,00;216381,70;dh_07;"circle: IV2022031615151196; square: IV2022031615200103"
3;1670453_1;638252_v2014;1670453;1;2180;2180;100;bestaand meetpunt;hoofdtype aanwezig;2022-08-04;78365,60;228110,10;1670453;"circle: IV2022092721054382; square: IV2022092721073635"
3;1680561_1;539187_v2018;1680561;1;2180;2180;100;bestaand meetpunt;hoofdtype aanwezig;2022-08-11;26109,60;198990,10;1680561;
3;1691825_1;601860_v2014;1691825;1;2130;2130_had;100;bestaand meetpunt;subtype aanwezig;2021-08-04;23637,00;196029,70;ca_03;"circle: IV2022022818175616; square: IV2022022818203568"
3;1696945_1;539187_v2018;1696945;1;2180;2180;100;bestaand meetpunt;hoofdtype aanwezig;2022-08-30;25949,60;199246,10;1696945;
3;1792053_1;638269_v2014;1792053;0;2160;2160;100;bestaand meetpunt;hoofdtype aanwezig;2022-08-04;72861,60;226542,10;1792053;"circle: IV2022092721054068; square: IV2022092721074006"
3;1807537_1;166814_v2020;1807537;1;2170;2170;87;bestaand meetpunt;hoofdtype aanwezig;2021-08-27;23219,50;198132,30;wz_11;"circle: IV2022051217190442; square: IV2022051217220212"
3;1812657_1;511690_v2020;1812657;1;2180;2180;78;bestaand meetpunt;hoofdtype aanwezig;2022-09-08;26333,59;200014,11;1812657;
3;1860785_1;166830_v2020;1860785;1;2180;2180;95;bestaand meetpunt;hoofdtype aanwezig;2022-09-06;22805,50;198111,00;wz_08;
3;1892529_1;638357_v2014;1892529;1;2180;2180;100;bestaand meetpunt;hoofdtype aanwezig;2022-09-30;24253,60;196110,10;1892529;"circle: IV2022093016593283; square: IV2022093017003811"
3;1896241_1;517735_v2020;1896241;1;2190;2190_mp;;bestaand meetpunt;hoofdtype aanwezig;2021-08-13;32989,60;203470,10;1896241;"circle: IV2022032113550270; square: IV2022032114004370"
3;1899829_2;652735_v2014;1899829;1;2180;2180;100;bestaand meetpunt;hoofdtype aanwezig;2022-08-04;77725,60;227918,10;zw_28;"circle: IV2022092721053463; square: IV2022092721073974"
3;1916213_1;644195_v2014;1916213;1;2180;2180;;bestaand meetpunt;hoofdtype aanwezig;2022-08-02;77811,80;228001,00;zw_11;"circle: IV2022092721053334; square: IV2022092721074444"
3;1938609_1;169674_v2020;1938609;1;2190;2190_mp;;bestaand meetpunt;hoofdtype aanwezig;2021-08-27;23261,60;198126,10;1938609;"circle: IV2022051311180812; square: IV2022051311213579"
3;1986613_1;587725_v2018;1986613;1;2180;2180;100;bestaand meetpunt;hoofdtype aanwezig;2022-08-02;76445,60;226446,10;1986613;"circle: IV2022092721053236; square: IV2022092721074597"
3;2089137_1;169536_v2020;2089137;1;2130;2130_had;100;nieuw meetpunt;subtype aanwezig;;24509,60;196622,10;;
3;2090161_1;490473_v2020;2090161;1;2180;2180;98;bestaand meetpunt;hoofdtype aanwezig;2022-08-30;25405,60;199534,10;2090161;
3;2108725_1;587725_v2018;2108725;1;2180;2180;100;bestaand meetpunt;hoofdtype aanwezig;2022-08-02;76893,60;226830,10;2108725;"circle: IV2022092721073659; square: IV2022092721094321"
3;2139313_1;490473_v2020;2139313;1;2180;2180;98;bestaand meetpunt;hoofdtype aanwezig;2022-08-30;25565,60;199054,10;2139313;
3;2145589_2;638287_v2014;2145589;1;2180;2180;100;bestaand meetpunt;hoofdtype aanwezig;2022-08-04;78717,60;227662,10;2145589;"circle: IV2022092721054044; square: IV2022092721074131"
3;2151425_1;638515_v2014;2151425;1;2180;2180;100;bestaand meetpunt;hoofdtype aanwezig;2022-08-01;55933,60;218542,10;2151425;"circle: IV2022092721073344; square: IV2022092721093900"
3;2178357_1;655707_v2014;2178357;1;2180;2180;100;bestaand meetpunt;hoofdtype aanwezig;2022-08-02;77629,60;227662,10;2178357;"circle: IV2022092721053763; square: IV2022092721074393"
3;2205109_1;581457_v2014;2205109;1;2180;2180;60;bestaand meetpunt;hoofdtype aanwezig;2022-08-01;56253,60;218638,10;2205109;"circle: IV2022092721093754; square: IV2022092721104462"
3;2207537_1;638538_v2014;2207537;1;2180;2180;100;bestaand meetpunt;hoofdtype aanwezig;2022-09-27;33661,60;203278,10;2207537;"circle: IV2022092720533546; square: IV2022092720553570"
3;2221233_1;490473_v2020;2221233;1;2180;2180;98;bestaand meetpunt;hoofdtype aanwezig;2022-08-11;25789,60;199150,10;2221233;
3;2273073_1;;2273073;1;2180;2180;;bestaand meetpunt;hoofdtype aanwezig;2022-08-05;33262,50;203751,80;ha_14;"circle: IV2022092721033513; square: IV2022092721054872"
3;2780977_2;645807_v2014;2780977;1;2170;2170;5;bestaand meetpunt;hoofdtype aanwezig;2020-07-29;33046,20;202465,00;2780977;"circle: IV2021020122084267; square: IV2021020122134201"
3;2993969_1;487758_v2020;2993969;1;2190;2190_mp;;bestaand meetpunt;hoofdtype aanwezig;2021-08-13;33437,70;203406,00;2993969;"circle: IV2022032112371561; square: IV2022032112422059"
3;3069105_1;509549_v2020;3069105;1;2190;2190_mp;;bestaand meetpunt;hoofdtype aanwezig;2021-07-20;22973,59;199278,11;3069105;
3;3642545_1;511681_v2020;3642545;1;2170;2170;65;bestaand meetpunt;hoofdtype aanwezig;2020-08-27;23421,60;199118,10;3642545;"circle: IV2021020812481017; square: IV2021020812520105"
3;3740849_2;511681_v2020;3740849;1;2170;2170;65;bestaand meetpunt;hoofdtype aanwezig;2021-09-09;23389,60;199150,07;3740849;
3;3995825_1;408179_v2014;3995825;1;2190;2190_mp;20;bestaand meetpunt;hoofdtype aanwezig;2020-09-07;28463,00;200233,70;nd_21;"circle: IV2021021812391093; square: IV2021021812420586"
3;4013365_1;605791_v2014;4013365;1;2190;2190_overig;100;bestaand meetpunt;hoofdtype aanwezig;2021-08-12;77437,60;227790,10;4013365;"circle: IV2022042809325082; square: IV2022042809370928"
3;4386609_1;561267_v2018;4386609;1;2170;2170;55;bestaand meetpunt;hoofdtype aanwezig;2020-08-17;33053,60;203918,10;4386609;"circle: IV2021030414321464; square: IV2021030414365081"
3;4608177_1;169674_v2020;4608177;1;2190;2190_mp;;bestaand meetpunt;hoofdtype aanwezig;2021-08-27;23293,60;198094,10;4608177;"circle: IV2022051218364845; square: IV2022051218444991"
3;4779825_1;517735_v2020;4779825;1;2190;2190_mp;;bestaand meetpunt;hoofdtype aanwezig;2021-08-13;33117,60;203502,10;4779825;"circle: IV2022032113324715; square: IV2022032113360637"
3;5798065_1;414810_v2014;5798065;1;2190;2190_overig;100;nieuw meetpunt;hoofdtype aanwezig;;30013,60;201838,10;;
3;5943089_1;444892_v2016;5943089;1;2190;2190_overig;100;nieuw meetpunt;hoofdtype aanwezig;;33661,60;203886,10;;
3;5959473_1;624604_v2014;5959473;1;2190;2190_mp;100;bestaand meetpunt;hoofdtype aanwezig;2020-08-13;33021,60;204238,10;5959473;"circle: IV2021012811583289; square: IV2021012812153975"
3;6001841_1;509469_v2020;6001841;1;2170;2170;70;bestaand meetpunt;hoofdtype aanwezig;2021-09-07;23069,59;198990,11;6001841;
3;6094133_1;591547_v2014;6094133;1;2190;2190_overig;90;bestaand meetpunt;hoofdtype aanwezig;2021-08-12;77821,60;227854,10;6094133;"circle: IV2022042814541748; square: IV2022042814581877"
3;6139697_1;487758_v2020;6139697;1;2190;2190_mp;;bestaand meetpunt;hoofdtype aanwezig;2021-08-13;33405,60;203406,10;6139697;"circle: IV2022032113160894; square: IV2022032113193220"
3;6314677_1;441561_v2016;6314677;1;2190;2190_overig;100;nieuw meetpunt;hoofdtype aanwezig;;66077,60;224558,10;;
3;6579569_1;638556_v2014;6579569;1;2170;2170;100;bestaand meetpunt;hoofdtype aanwezig;2021-08-11;43101,60;210894,10;6579569;"circle: IV2022042716522756; square: IV2022042716593057"
3;7159093_1;511491_v2020;7159093;1;2190;2190_overig;100;bestaand meetpunt;hoofdtype aanwezig;2021-08-12;77565,60;227726,00;7159093;"circle: IV2022032110412070; square: IV2022032110452935"
3;7330485_1;441562_v2016;7330485;1;2190;2190_overig;100;nieuw meetpunt;hoofdtype aanwezig;;65661,60;224430,10;;
3;7421237_1;581713_v2014;7421237;1;2190;2190_overig;20;bestaand meetpunt;hoofdtype aanwezig;2021-08-12;77629,60;227758,10;7421237;"circle: IV2022032111193875; square: IV2022032111315512"
3;8015925_1;528330_v2018;8015925;1;2190;2190_overig;100;nieuw meetpunt;hoofdtype aanwezig;;76797,60;226446,10;;
3;8157361_1;415306_v2014;8157361;1;2190;2190_overig;100;nieuw meetpunt;hoofdtype aanwezig;;29853,60;201774,10;;
3;8207669_1;517780_v2020;8207669;1;2190;2190_overig;100;bestaand meetpunt;hoofdtype aanwezig;2021-08-12;77341,60;227694,10;8207669;"circle: IV2022032109223660; square: IV2022032109305242"
3;8379061_1;441562_v2016;8379061;1;2190;2190_overig;100;nieuw meetpunt;hoofdtype aanwezig;;65693,60;224398,10;;
3;8641205_1;441561_v2016;8641205;1;2190;2190_overig;100;nieuw meetpunt;hoofdtype aanwezig;;66045,60;224558,10;;
3;9317937_1;497791_v2020;9317937;1;2170;2170;30;nieuw meetpunt;hoofdtype aanwezig;;30045,60;202670,10;;
3;9432881_1;561267_v2018;9432881;1;2170;2170;55;nieuw meetpunt;hoofdtype aanwezig;;32573,60;203630,10;;
3;9518897_1;640264_v2014;9518897;1;2170;2170;20;nieuw meetpunt;hoofdtype aanwezig;;30461,60;202222,10;;
3;9655473_2;511719_v2020;9655473;1;2170;2170;22;nieuw meetpunt;hoofdtype aanwezig;;22493,59;198798,10;;
3;9695025_1;561267_v2018;9695025;1;2170;2170;55;nieuw meetpunt;hoofdtype aanwezig;;32509,60;203406,10;;
3;9770161_1;511681_v2020;9770161;1;2170;2170;65;nieuw meetpunt;hoofdtype aanwezig;;23357,60;199278,10;;
3;9957169_1;561267_v2018;9957169;1;2170;2170;55;nieuw meetpunt;hoofdtype aanwezig;;32541,60;203374,10;;
3;9987249_1;509642_v2020;9987249;1;2170;2170;60;nieuw meetpunt;hoofdtype aanwezig;;24125,60;199470,10;;
3;9992369_1;638604_v2014;9992369;1;2170;2170;15;nieuw meetpunt;hoofdtype aanwezig;;29981,60;201902,10;;
3;10497585_1;501917_v2020;10497585;1;2170;2170;20;nieuw meetpunt;hoofdtype aanwezig;;30141,60;202766,10;;
3;11152945_1;638611_v2014;11152945;1;2170;2170;50;nieuw meetpunt;hoofdtype aanwezig;;30141,60;202446,10;;
3;11303089_1;638604_v2014;11303089;1;2170;2170;15;nieuw meetpunt;hoofdtype aanwezig;;29725,60;201838,10;;
3;11565233_1;638411_v2014;11565233;1;2170;2170;50;nieuw meetpunt;hoofdtype aanwezig;;29949,60;202030,10;;
3;11736241_1;509633_v2020;11736241;1;2170;2170;58;nieuw meetpunt;hoofdtype aanwezig;;23901,60;199566,10;;
3;12021553_1;561349_v2018;12021553;1;2170;2170;40;nieuw meetpunt;hoofdtype aanwezig;;32285,60;202830,10;;
3;12201521_1;638411_v2014;12201521;1;2170;2170;50;nieuw meetpunt;hoofdtype aanwezig;;30109,60;202318,10;;
