point_code;polygon_id;grts_ranking_draw;sbz;hoofdtype;habitattype;phab;type_meetpunt;datum_opname_cyclus1;x;y
1040518_1;342983_v2020;1040518;1;6230;6230_hn;100;bestaand meetpunt (niet weerhouden voor cyclus 2);2017-06-29;180381,80;184494,00
1085366_2;414574_v2020;1085366;1;6230;6230_hn;;bestaand meetpunt (niet weerhouden voor cyclus 2);2017-07-31;217214,90;197709,70
1095890_2;639013_v2020;1095890;1;6230;6230_hn;;bestaand meetpunt (niet weerhouden voor cyclus 2);2018-07-12;219509,70;198617,80
1107666_1;409732_v2018;1107666;1;6230;6230_ha;10;bestaand meetpunt (niet weerhouden voor cyclus 2);2018-06-19;224061,80;189806,10
1135826_2;421354_v2020;1135826;1;6230;6230_hn;20;bestaand meetpunt (niet weerhouden voor cyclus 2);2018-07-12;220022,40;196886,70
1212382_2;437242_v2018;1212382;1;6230;6230_hn;20;bestaand meetpunt (niet weerhouden voor cyclus 2);2018-06-27;159697,30;225447,30
1217746_2;421332_v2020;1217746;1;6230;6230_hn;10;bestaand meetpunt (niet weerhouden voor cyclus 2);2018-07-12;219393,70;196547,10
1249582_1;511134_v2018;1249582;1;6230;6230_ha;;bestaand meetpunt (niet weerhouden voor cyclus 2);2018-06-13;191101,70;230446,50
1255122_1;409732_v2018;1255122;1;6230;6230_ha;10;bestaand meetpunt (niet weerhouden voor cyclus 2);2018-06-19;223229,50;189806,30
1269458_1;409732_v2018;1269458;1;6230;6230_ha;10;bestaand meetpunt (niet weerhouden voor cyclus 2);2018-06-19;224125,40;189998,30
1359838_1;473571_v2018;1359838;1;6230;6230_hn;;bestaand meetpunt (niet weerhouden voor cyclus 2);2018-06-27;159325,60;225966,10
1395766_1;358613_v2020;1395766;0;6230;6230_hn;60;bestaand meetpunt (niet weerhouden voor cyclus 2);2019-05-27;198973,60;188398,10
1428270_1;591868_v2016;1428270;0;6230;6230_hn;60;bestaand meetpunt (niet weerhouden voor cyclus 2);2017-06-26;196637,60;229230,10
1448238_1;598533_v2014;1448238;1;6230;6230_ha;100;bestaand meetpunt (niet weerhouden voor cyclus 2);2020-08-06;191517,70;231726,00
1457206_1;358537_v2020;1457206;0;6230;6230_ha;;bestaand meetpunt (niet weerhouden voor cyclus 2);2019-05-24;198301,70;187854,00
1461302_1;358613_v2020;1461302;0;6230;6230_ha;;bestaand meetpunt (niet weerhouden voor cyclus 2);2019-05-27;198845,60;188333,90
1464626_1;345006_v2020;1464626;1;6230;6230_ha;;bestaand meetpunt (niet weerhouden voor cyclus 2);2019-07-02;224733,60;181838,20
1508278_1;594450_v2020;1508278;1;6230;6230_hn;90;bestaand meetpunt (niet weerhouden voor cyclus 2);2019-07-10;214781,50;201422,20
1531602_1;545815_v2018;1531602;1;6230;6230_ha;;bestaand meetpunt (niet weerhouden voor cyclus 2);2019-07-04;223933,70;190190,00
1593478_2;447854_v2018;1593478;1;6230;6230_ha;40;bestaand meetpunt (niet weerhouden voor cyclus 2);2019-07-08;180091,60;182159,50
1627010_2;673511_v2014;1627010;0;6230;6230_hnk;;bestaand meetpunt (niet weerhouden voor cyclus 2);2018-05-31;254788,30;158336,70
1631954_1;409732_v2018;1631954;1;6230;6230_ha;10;bestaand meetpunt (niet weerhouden voor cyclus 2);2019-07-04;223805,60;189870,10
1634546_1;569332_v2014;1634546;0;6230;6230_ha;20;bestaand meetpunt (niet weerhouden voor cyclus 2);2018-06-05;237021,60;174606,10
1660114_2;421351_v2020;1660114;1;6230;6230_hn;;bestaand meetpunt (niet weerhouden voor cyclus 2);2019-07-10;219707,60;196609,20
1660950_1;572187_v2014;1660950;0;6230;6230_hmo;;bestaand meetpunt (niet weerhouden voor cyclus 2);2017-06-23;162110,00;195726,10
1676498_2;421332_v2020;1676498;1;6230;6230_hn;10;bestaand meetpunt (niet weerhouden voor cyclus 2);2019-07-10;219438,30;196598,00
1711014_1;360526_v2020;1711014;1;6230;6230_ha;;bestaand meetpunt (niet weerhouden voor cyclus 2);2016-08-23;190141,60;182094,10
1713874_1;409732_v2018;1713874;1;6230;6230_ha;10;bestaand meetpunt (niet weerhouden voor cyclus 2);2019-07-04;223261,50;189838,10
1723446_2;358613_v2020;1723446;0;6230;6230_ha;;bestaand meetpunt (niet weerhouden voor cyclus 2);2019-05-27;198972,60;188112,00
1742034_2;421332_v2020;1742034;1;6230;6230_hn;10;bestaand meetpunt (niet weerhouden voor cyclus 2);2019-07-10;219459,90;196479,00
1793746_1;409732_v2018;1793746;1;6230;6230_ha;10;bestaand meetpunt (niet weerhouden voor cyclus 2);2020-07-22;223837,60;190030,10
1826514_1;545814_v2018;1826514;1;6230;6230_ha;10;bestaand meetpunt (niet weerhouden voor cyclus 2);2020-07-15;223581,60;190126,10
1829622_2;629010_v2020;1829622;1;7140;7140_meso;100;bestaand meetpunt (niet weerhouden voor cyclus 2);2018-05-15;189539,70;209786,10
1839666_1;677383_v2014;1839666;1;7140;7140_meso;100;bestaand meetpunt (niet weerhouden voor cyclus 2);2018-06-07;232157,60;178638,10
1884126_2;665978_v2014;1884126;1;6230;6230_hmo;25;bestaand meetpunt (niet weerhouden voor cyclus 2);2016-08-02;159413,60;226099,30
1887022_2;542975_v2016;1887022;1;6230;6230_hn;100;bestaand meetpunt (niet weerhouden voor cyclus 2);2018-06-13;196862,90;229544,50
1913782_1;646388_v2020;1913782;1;7140;7140_meso;30;bestaand meetpunt (niet weerhouden voor cyclus 2);2018-07-10;217085,40;198478,30
1927030_1;667452_v2014;1927030;1;7140;7140_meso;100;bestaand meetpunt (niet weerhouden voor cyclus 2);2018-07-05;206685,40;205006,20
1933238_1;421381_v2020;1933238;0;6230;6230_ha;50;bestaand meetpunt (niet weerhouden voor cyclus 2);2020-09-02;218333,60;195982,10
1938478_2;561722_v2018;1938478;1;6230;6230_hmo;70;bestaand meetpunt (niet weerhouden voor cyclus 2);2015-07-08;189778,10;218765,90
1950913_1;590794_v2018;1950913;1;6230;6230;50;bestaand meetpunt (niet weerhouden voor cyclus 2);2021-07-06;86845,10;205357,90
1951958_1;520598_v2018;1951958;1;6230;6230_ha;100;bestaand meetpunt (niet weerhouden voor cyclus 2);2020-10-09;176989,60;217293,90
2016242_1;663179_v2014;2016242;1;6230;6230_ha;40;bestaand meetpunt (niet weerhouden voor cyclus 2);2020-07-22;238813,60;183054,10
2016390_1;509902_v2018;2016390;1;6230;6230_hmo;10;bestaand meetpunt (niet weerhouden voor cyclus 2);2019-07-08;178173,50;177710,10
2070830_1;661382_v2014;2070830;1;6230;6230_ha;100;bestaand meetpunt (niet weerhouden voor cyclus 2);2020-08-06;191997,60;232046,20
2080902_1;442573_v2018;2080902;1;6230;6230_ha;70;bestaand meetpunt (niet weerhouden voor cyclus 2);2020-07-09;179613,40;181838,40
2088658_1;409732_v2018;2088658;1;6230;6230_ha;10;bestaand meetpunt (niet weerhouden voor cyclus 2);2020-07-22;223453,60;189998,10
2133734_1;552600_v2018;2133734;0;6230;6230_hmo;70;bestaand meetpunt (niet weerhouden voor cyclus 2);2016-07-26;216957,60;185550,10
2133926_2;343594_v2020;2133926;1;6230;6230_hmo;100;bestaand meetpunt (niet weerhouden voor cyclus 2);2017-07-20;186084,30;179851,60
2156242_1;409732_v2018;2156242;1;6230;6230_ha;10;bestaand meetpunt (niet weerhouden voor cyclus 2);2020-07-23;224221,60;189838,10
2225078_2;646399_v2020;2225078;1;7140;7140_meso;50;bestaand meetpunt (niet weerhouden voor cyclus 2);2015-09-18;218228,60;198739,50
2239241_1;449104_v2016;2239241;1;1330;1330_hpr;100;bestaand meetpunt (niet weerhouden voor cyclus 2);2019-10-29;104701,60;215438,10
2264998_2;360528_v2020;2264998;1;6230;6230_hmo;100;bestaand meetpunt (niet weerhouden voor cyclus 2);2017-07-20;186457,90;180070,40
2333697_2;102987_v2014;2333697;1;1330;1330_hpr;20;bestaand meetpunt (niet weerhouden voor cyclus 2);2019-10-31;56695,80;211781,80
2334854_2;420066_v2020;2334854;1;6230;6230_hmo;100;bestaand meetpunt (niet weerhouden voor cyclus 2);2017-06-29;180063,50;184824,10
2364085_2;440942_v2016;2364085;1;1330;1330_hpr;100;bestaand meetpunt (niet weerhouden voor cyclus 2);2019-10-29;63358,50;220493,30
2438198_1;544687_v2018;2438198;1;6230;6230_hmo;70;bestaand meetpunt (niet weerhouden voor cyclus 2);2015-06-11;197821,60;189902,10
2441398_2;647565_v2014;2441398;0;6230;6230_hn;20;bestaand meetpunt (niet weerhouden voor cyclus 2);2020-07-31;208119,80;197516,90
2447382_2;572187_v2014;2447382;0;6230;6230_hmo;;bestaand meetpunt (niet weerhouden voor cyclus 2);2018-06-18;162109,60;195690,50
2500918_2;449874_v2018;2500918;1;7140;7140_meso;;bestaand meetpunt (niet weerhouden voor cyclus 2);2019-07-05;192775,50;189887,80
2595841_2;456033_v2016;2595841;1;1330;1330_hpr;100;bestaand meetpunt (niet weerhouden voor cyclus 2);2020-08-18;56393,50;211891,10
2598774_2;660672_v2014;2598774;1;7140;7140_meso;100;bestaand meetpunt (niet weerhouden voor cyclus 2);2020-07-23;207443,70;204821,30
2637569_1;562632_v2018;2637569;1;6230;6230_hmo;100;bestaand meetpunt (niet weerhouden voor cyclus 2);2018-07-03;61501,80;205038,20
2645158_2;449353_v2018;2645158;1;7140;7140_meso;30;bestaand meetpunt (niet weerhouden voor cyclus 2);2020-07-09;201051,60;185632,00
2767798_1;420894_v2020;2767798;1;7140;7140_meso;90;bestaand meetpunt (niet weerhouden voor cyclus 2);2020-07-23;214205,60;197006,10
2813697_1;538464_v2018;2813697;1;6230;6230_hn;60;bestaand meetpunt (niet weerhouden voor cyclus 2);2017-09-25;60829,60;204718,10
2814902_2;414180_v2020;2814902;1;7140;7140_oli;40;bestaand meetpunt (niet weerhouden voor cyclus 2);2020-09-10;218379,70;198191,20
2936253_1;686141_v2014;2936253;0;1330;1330_hpr;95;bestaand meetpunt (niet weerhouden voor cyclus 2);2020-10-15;139549,70;220142,30
2943734_4;628828_v2020;2943734;1;7140;7140_meso;80;bestaand meetpunt (niet weerhouden voor cyclus 2);2020-10-08;190376,50;210168,60
2945974_2;414182_v2020;2945974;1;7140;7140_oli;70;bestaand meetpunt (niet weerhouden voor cyclus 2);2020-09-10;218013,80;198125,30
2977246_1;528608_v2018;2977246;1;7140;7140_oli;85;bestaand meetpunt (niet weerhouden voor cyclus 2);2020-10-14;165117,50;226798,00
2981953_2;103414_v2016;2981953;1;6230;6230_hmo;28;bestaand meetpunt (niet weerhouden voor cyclus 2);2018-06-12;78229,90;197308,30
2993589_1;478990_v2018;2993589;1;1330;1330_hpr;100;bestaand meetpunt (niet weerhouden voor cyclus 2);2020-08-28;62621,60;221038,20
3002670_1;571477_v2018;3002670;1;6230;6230_hmo;100;bestaand meetpunt (niet weerhouden voor cyclus 2);2018-06-13;190621,30;228846,20
3010229_2;589054_v2016;3010229;1;1330;1330_hpr;100;bestaand meetpunt (niet weerhouden voor cyclus 2);2020-08-21;68597,00;220600,10
3026357_2;456668_v2016;3026357;1;1330;1330_hpr;100;bestaand meetpunt (niet weerhouden voor cyclus 2);2020-08-28;62773,10;222189,90
3046837_1;589809_v2016;3046837;1;1330;1330_hpr;100;bestaand meetpunt (niet weerhouden voor cyclus 2);2020-08-28;60829,00;222094,70
3054593_1;100797_v2014;3054593;1;1330;1330_hpr;70;bestaand meetpunt (niet weerhouden voor cyclus 2);2020-08-18;56541,10;212365,70
3062785_2;456983_v2016;3062785;0;1330;1330_hpr;30;bestaand meetpunt (niet weerhouden voor cyclus 2);2020-08-18;57434,00;213801,10
3067325_1;686298_v2014;3067325;0;1330;1330_hpr;80;bestaand meetpunt (niet weerhouden voor cyclus 2);2020-10-15;139613,50;219950,50
3101622_1;421144_v2020;3101622;1;7140;7140_meso;30;bestaand meetpunt (niet weerhouden voor cyclus 2);2020-07-23;216509,60;198158,10
3134649_2;529497_v2018;3134649;1;6230;6230_hmo;100;bestaand meetpunt (niet weerhouden voor cyclus 2);2018-05-31;144467,90;156411,40
3185198_1;475082_v2018;3185198;1;7140;7140_oli;95;bestaand meetpunt (niet weerhouden voor cyclus 2);2020-10-12;195709,50;225550,30
3192390_2;411930_v2020;3192390;1;7140;7140_meso;100;bestaand meetpunt (niet weerhouden voor cyclus 2);2020-07-09;169691,80;167499,90
3202998_2;380749_v2020;3202998;1;7140;7140_meso;;bestaand meetpunt (niet weerhouden voor cyclus 2);2020-07-23;215786,00;197802,70
3219382_2;380747_v2020;3219382;1;7140;7140_meso;70;bestaand meetpunt (niet weerhouden voor cyclus 2);2015-09-21;215017,00;197164,90
3223006_1;595827_v2020;3223006;1;7140;7140_oli;100;bestaand meetpunt (niet weerhouden voor cyclus 2);2020-10-14;164893,70;228782,20
3273046_2;413113_v2020;3273046;1;6230;6230_hmo;70;bestaand meetpunt (niet weerhouden voor cyclus 2);2018-07-02;184232,20;190717,30
3276198_2;546696_v2018;3276198;0;6230;6230_hmo;;bestaand meetpunt (niet weerhouden voor cyclus 2);2016-08-23;188662,60;175128,20
3319506_1;455999_v2018;3319506;1;7140;7140_oli;90;bestaand meetpunt (niet weerhouden voor cyclus 2);2020-09-29;223869,60;188782,10
3351638_1;356487_v2020;3351638;1;6230;6230_hmo;;bestaand meetpunt (niet weerhouden voor cyclus 2);2022-06-22;184221,60;194446,10
3351638_2;356487_v2020;3351638;1;6230;6230_hmo;;bestaand meetpunt (niet weerhouden voor cyclus 2);2018-06-27;184230,20;194445,60
3358866_2;514386_v2018;3358866;1;7140;7140_meso;60;bestaand meetpunt (niet weerhouden voor cyclus 2);2020-07-16;242094,10;208443,50
3359797_1;589172_v2016;3359797;0;1330;1330_hpr;100;bestaand meetpunt (niet weerhouden voor cyclus 2);2020-08-21;72222,30;220813,50
3367542_2;594481_v2020;3367542;1;7140;7140_oli;80;bestaand meetpunt (niet weerhouden voor cyclus 2);2020-10-09;215902,90;205083,60
3405958_1;416192_v2020;3405958;1;6230;6230_hmo;100;bestaand meetpunt (niet weerhouden voor cyclus 2);2018-06-25;185853,50;180110,20
3411958_2;515383_v2018;3411958;1;7140;7140_meso;;bestaand meetpunt (niet weerhouden voor cyclus 2);2020-10-09;188894,70;217099,40
3424742_2;507816_v2018;3424742;1;6230;6230_hmo;100;bestaand meetpunt (niet weerhouden voor cyclus 2);2018-06-04;204017,40;170833,30
3428530_2;370040_v2018;3428530;0;6230;6230_hnk;30;bestaand meetpunt (niet weerhouden voor cyclus 2);2021-07-12;241245,60;168238,10
3432449_2;587576_v2016;3432449;0;1330;1330_hpr;100;bestaand meetpunt (niet weerhouden voor cyclus 2);2020-08-28;61528,60;215460,00
3447342_1;475082_v2018;3447342;1;7140;7140_oli;95;bestaand meetpunt (niet weerhouden voor cyclus 2);2020-10-12;195933,60;225517,90
3450578_1;304132_v2016;3450578;1;7140;7140_oli;100;bestaand meetpunt (niet weerhouden voor cyclus 2);2020-09-29;224349,60;188654,10
3456990_1;665978_v2014;3456990;1;6230;6230_hmo;25;bestaand meetpunt (niet weerhouden voor cyclus 2);2018-06-27;159453,60;225934,10
3461110_2;507245_v2018;3461110;1;6230;6230_hmo;100;bestaand meetpunt (niet weerhouden voor cyclus 2);2016-09-14;188909,20;218073,10
3492617_2;449277_v2016;3492617;0;1330;1330_hpr;99;bestaand meetpunt (niet weerhouden voor cyclus 2);2020-08-07;106757,50;216036,00
3502814_2;572552_v2018;3502814;1;7140;7140_oli;;bestaand meetpunt (niet weerhouden voor cyclus 2);2020-10-23;154697,80;232409,70
3600726_2;413113_v2020;3600726;1;6230;6230_hmo;70;bestaand meetpunt (niet weerhouden voor cyclus 2);2018-07-02;184383,10;190683,50
3601334_2;414180_v2020;3601334;1;7140;7140_oli;40;bestaand meetpunt (niet weerhouden voor cyclus 2);2020-09-10;218508,00;198125,70
3732406_2;646392_v2020;3732406;1;7140;7140_meso;100;bestaand meetpunt (niet weerhouden voor cyclus 2);2015-09-21;217856,90;198563,90
3734950_2;546696_v2018;3734950;0;6230;6230_hn;85;bestaand meetpunt (niet weerhouden voor cyclus 2);2017-07-20;188628,10;175090,50
3821746_2;674992_v2014;3821746;1;6230;6230_hnk;70;bestaand meetpunt (niet weerhouden voor cyclus 2);2019-07-12;241478,20;167411,30
3863478_1;414180_v2020;3863478;1;7140;7140_oli;40;bestaand meetpunt (niet weerhouden voor cyclus 2);2020-09-10;218205,60;198190,10
3968934_1;383185_v2020;3968934;1;6230;6230_hmo;30;bestaand meetpunt (niet weerhouden voor cyclus 2);2019-07-08;185949,40;180046,20
4013534_1;582123_v2020;4013534;1;7140;7140_oli;100;bestaand meetpunt (niet weerhouden voor cyclus 2);2020-10-14;165149,40;229037,90
4059478_1;413110_v2020;4059478;1;6230;6230_hmo;10;bestaand meetpunt (niet weerhouden voor cyclus 2);2019-07-09;184253,50;190606,30
4178198_2;599515_v2014;4178198;0;6230;6230_hmo;100;bestaand meetpunt (niet weerhouden voor cyclus 2);2019-07-09;167155,90;187978,60
4370774_2;413257_v2020;4370774;1;7140;7140_meso;80;bestaand meetpunt (niet weerhouden voor cyclus 2);2019-07-05;184716,40;191404,60
4416118_1;594481_v2020;4416118;1;7140;7140_oli;80;bestaand meetpunt (niet weerhouden voor cyclus 2);2020-10-09;215933,60;205166,10
4441846_2;632397_v2020;4441846;1;7140;7140_oli;70;bestaand meetpunt (niet weerhouden voor cyclus 2);2020-10-08;186116,40;210117,80
4465750_2;425391_v2020;4465750;1;6230;6230_hmo;;bestaand meetpunt (niet weerhouden voor cyclus 2);2019-07-09;184262,10;194524,00
4495918_1;475086_v2018;4495918;1;7140;7140_oli;100;bestaand meetpunt (niet weerhouden voor cyclus 2);2020-10-12;196061,40;225550,30
4613842_1;455999_v2018;4613842;1;7140;7140_oli;90;bestaand meetpunt (niet weerhouden voor cyclus 2);2020-09-29;223581,60;188654,10
4765682_2;425023_v2020;4765682;1;7140;7140_oli;;bestaand meetpunt (niet weerhouden voor cyclus 2);2020-09-24;238730,80;181148,30
4912054_2;414180_v2020;4912054;1;7140;7140_oli;40;bestaand meetpunt (niet weerhouden voor cyclus 2);2020-09-10;218239,60;198254,80
5630310_2;599161_v2014;5630310;0;6410;6410_mo;65;bestaand meetpunt (niet weerhouden voor cyclus 2);2017-07-19;197403,10;167287,80
6194105_2;381512_v2020;6194105;0;6410;6410_mo;20;bestaand meetpunt (niet weerhouden voor cyclus 2);2017-06-20;145463,30;156126,60
6770678_1;581418_v2018;6770678;1;6230;6230_hmo;100;bestaand meetpunt (niet weerhouden voor cyclus 2);2018-06-06;189725,90;218094,20
6792238_1;560640_v2020;6792238;1;6230;6230_hn;80;bestaand meetpunt (niet weerhouden voor cyclus 2);2018-06-06;186013,60;219470,10
6948370_1;649530_v2014;6948370;0;6410;6410_mo;30;bestaand meetpunt (niet weerhouden voor cyclus 2);2017-07-03;231741,60;212238,10
7033906_1;329220_v2016;7033906;1;6410;6410_mo;30;bestaand meetpunt (niet weerhouden voor cyclus 2);2019-06-19;221469,70;175374,00
7072966_1;427759_v2020;7072966;1;6410;6410_mo;100;bestaand meetpunt (niet weerhouden voor cyclus 2);2017-05-29;162429,70;179534,40
7203174_1;599161_v2014;7203174;0;6410;6410_mo;65;bestaand meetpunt (niet weerhouden voor cyclus 2);2017-07-19;197341,60;167342,10
7394534_1;628180_v2014;7394534;0;6410;6410_mo;15;bestaand meetpunt (niet weerhouden voor cyclus 2);2018-06-19;212733,50;172814,00
7839026_1;358968_v2020;7839026;1;6410;6410_mo;80;bestaand meetpunt (niet weerhouden voor cyclus 2);2019-07-02;225021,60;178542,10
7874902_1;449238_v2018;7874902;1;6410;6410_mo;50;bestaand meetpunt (niet weerhouden voor cyclus 2);2019-07-09;184605,60;185934,10
7929558_1;449395_v2018;7929558;1;6410;6410_mo;50;bestaand meetpunt (niet weerhouden voor cyclus 2);2019-08-26;177629,60;209678,30
7941057_1;513690_v2020;7941057;1;6410;6410_mo;;bestaand meetpunt (niet weerhouden voor cyclus 2);2019-06-18;72989,60;205518,10
8121542_1;360520_v2020;8121542;1;6410;6410_mo;100;bestaand meetpunt (niet weerhouden voor cyclus 2);2017-05-29;162462,10;179501,40
8158406_2;359622_v2020;8158406;1;6410;6410_mo;100;bestaand meetpunt (niet weerhouden voor cyclus 2);2017-05-29;162798,30;179928,80
8220722_2;321195_v2020;8220722;0;6410;6410_mo;20;bestaand meetpunt (niet weerhouden voor cyclus 2);2018-06-20;219773,00;171980,70
8363961_2;534518_v2018;8363961;1;6410;6410_mo;100;bestaand meetpunt (niet weerhouden voor cyclus 2);2018-06-01;145341,00;160480,60
8705254_1;628180_v2014;8705254;0;6410;6410_mo;15;bestaand meetpunt (niet weerhouden voor cyclus 2);2018-06-19;212765,60;172814,00
9087041_1;517669_v2020;9087041;1;6410;6410_mo;;bestaand meetpunt (niet weerhouden voor cyclus 2);2015-07-10;74205,60;200718,10
9131058_1;477305_v2018;9131058;1;6410;6410_mo;;bestaand meetpunt (niet weerhouden voor cyclus 2);2018-06-13;221629,60;175534,10
9189270_1;538778_v2018;9189270;1;6410;6410_mo;;bestaand meetpunt (niet weerhouden voor cyclus 2);2018-06-04;166685,50;212942,10
9655346_1;669144_v2014;9655346;1;6410;6410_mo;30;bestaand meetpunt (niet weerhouden voor cyclus 2);2018-06-12;221309,80;175310,30
10317874_1;;10317874;0;6410;6410_mo;;bestaand meetpunt (niet weerhouden voor cyclus 2);2019-07-04;219869,70;171981,50
10766985_2;571296_v2018;10766985;1;6410;6410_mo;10;bestaand meetpunt (niet weerhouden voor cyclus 2);2016-06-09;112125,80;193388,30
10840262_1;450341_v2018;10840262;0;6410;6410_mo;30;bestaand meetpunt (niet weerhouden voor cyclus 2);2019-07-08;169053,70;177773,10
11142674_1;649530_v2014;11142674;0;6410;6410_mo;30;bestaand meetpunt (niet weerhouden voor cyclus 2);2019-07-03;231773,60;212302,30
11228210_1;329220_v2016;11228210;1;6410;6410_mo;30;bestaand meetpunt (niet weerhouden voor cyclus 2);2019-06-19;221533,50;175438,20
11394098_1;670047_v2014;11394098;1;6410;6410_mo;20;bestaand meetpunt (niet weerhouden voor cyclus 2);2019-07-05;223069,60;175502,20
11466886_1;361010_v2020;11466886;1;6410;6410_mo;80;bestaand meetpunt (niet weerhouden voor cyclus 2);2019-07-08;185021,40;180206,10
12229422_1;447386_v2018;12229422;1;6410;6410_mo;;bestaand meetpunt (niet weerhouden voor cyclus 2);2019-08-01;195677,50;228014,10
17475649_1;517669_v2020;17475649;1;6410;6410_mo;;bestaand meetpunt (niet weerhouden voor cyclus 2);2015-07-10;74173,60;200686,10
1118134_1;414244_v2020;1118134;1;6230;6230_hn;100;nieuw meetpunt (reserve);;218333,59;197294,11
1152185_1;357598_v2020;1152185;1;6230;6230_hn;80;nieuw meetpunt (reserve);;144349,59;155822,11
1170697_1;545202_v2018;1170697;1;6230;6230_hn;100;nieuw meetpunt (reserve);;117981,59;207950,11
1242782_1;495326_v2018;1242782;1;6230;6230_ha;70;nieuw meetpunt (reserve);;180157,59;223054,11
1286134_1;507182_v2018;1286134;0;6230;6230_ha;80;nieuw meetpunt (reserve);;187165,59;216462,11
1286278_1;420093_v2020;1286278;1;6230;6230;30;nieuw meetpunt (reserve);;180221,59;185038,11
1294470_1;315231_v2016;1294470;1;6230;6230_ha;40;nieuw meetpunt (reserve);;179453,59;181902,11
1294470_1;315231_v2016;1294470;1;6230;6230_hn;25;nieuw meetpunt (reserve);;179453,59;181902,11
1308318_1;495339_v2018;1308318;1;6230;6230_ha;50;nieuw meetpunt (reserve);;180349,59;223150,11
1394881_1;618588_v2014;1394881;0;6230;6230;80;nieuw meetpunt (reserve);;79677,59;202894,11
1427798_1;412737_v2020;1427798;1;6230;6230_hn;100;nieuw meetpunt (reserve);;183773,59;189582,11
1462209_1;592260_v2014;1462209;0;6230;6230;40;nieuw meetpunt (reserve);;79165,59;203278,11
1473234_1;305282_v2016;1473234;1;6230;6230_ha;50;nieuw meetpunt (reserve);;222589,59;188302,11
1516497_1;538137_v2018;1516497;1;6230;6230_hn;20;nieuw meetpunt (reserve);;51389,59;184366,11
1546542_1;467378_v2018;1546542;1;6230;6230_ha;80;nieuw meetpunt (reserve);;191677,60;231982,10
1594294_1;638924_v2020;1594294;1;6230;6230_ha;30;nieuw meetpunt (reserve);;216221,59;198638,11
1594321_1;562671_v2018;1594321;1;6230;6230_hn;100;nieuw meetpunt (reserve);;50973,59;183726,11
1605598_1;437242_v2018;1605598;1;6230;6230_ha;60;nieuw meetpunt (reserve);;159389,59;225102,11
1609638_1;415876_v2020;1609638;1;6230;6230_hn;100;nieuw meetpunt (reserve);;186205,59;179758,11
1615593_1;537758_v2018;1615593;0;6230;6230_hn;60;nieuw meetpunt (reserve);;138781,59;196526,11
1620614_1;548845_v2018;1620614;0;6230;6230_hn;100;nieuw meetpunt (reserve);;173853,59;170926,11
1638390_1;500336_v2018;1638390;1;6230;6230_ha;100;nieuw meetpunt (reserve);;187741,59;217454,11
1639350_1;639518_v2020;1639350;1;6230;6230_hn;100;nieuw meetpunt (reserve);;215421,59;201614,11
1646894_2;559666_v2018;1646894;1;6230;6230_hmo;30;nieuw meetpunt (reserve);;190589,59;228334,11
1657793_1;514965_v2020;1657793;0;6230;6230_hn;100;nieuw meetpunt (reserve);;71261,59;203918,11
1662902_1;414452_v2020;1662902;1;6230;6230_hmo;30;nieuw meetpunt (reserve);;216317,59;196526,11
1688198_1;412464_v2020;1688198;1;6230;6230_hn;40;nieuw meetpunt (reserve);;172829,59;170446,11
1693342_1;560893_v2018;1693342;0;6230;6230_hmo;60;nieuw meetpunt (reserve);;179229,59;223502,11
1749334_1;413191_v2020;1749334;1;6230;6230_hmo;70;nieuw meetpunt (reserve);;184573,59;191022,11
1778641_1;538113_v2018;1778641;1;6230;6230_hmo;100;nieuw meetpunt (reserve);;51581,59;184334,11
1804562_1;629788_v2020;1804562;1;7140;7140_meso;100;nieuw meetpunt (reserve);;223389,59;217358,11
1829074_1;560736_v2018;1829074;1;6230;6230_hmo;45;nieuw meetpunt (reserve);;221437,59;200718,11
1891314_1;424245_v2020;1891314;1;7140;7140_meso;80;nieuw meetpunt (reserve);;240413,59;180398,11
1892289_1;508067_v2020;1892289;0;6230;6230;75;nieuw meetpunt (reserve);;76573,59;204014,11
1892289_1;508067_v2020;1892289;0;6230;6230_ha;20;nieuw meetpunt (reserve);;76573,59;204014,11
1915830_1;380730_v2020;1915830;1;7140;7140_meso;80;nieuw meetpunt (reserve);;213853,59;196910,11
1919169_1;618588_v2014;1919169;0;6230;6230;80;nieuw meetpunt (reserve);;79453,59;202926,11
1927478_1;491898_v2018;1927478;0;6230;6230_ha;70;nieuw meetpunt (reserve);;193853,59;191118,11
1958022_1;420372_v2020;1958022;1;6230;6230_hmo;70;nieuw meetpunt (reserve);;179805,59;184622,11
1973974_1;544777_v2016;1973974;0;6230;6230_ha;100;nieuw meetpunt (reserve);;176861,59;207982,11
1982209_1;560176_v2018;1982209;1;6230;6230_hmo;20;nieuw meetpunt (reserve);;61309,59;205006,11
1985142_1;590909_v2018;1985142;0;6230;6230_ha;50;nieuw meetpunt (reserve);;215485,59;208910,11
2028745_1;598777_v2014;2028745;0;6230;6230_hn;100;nieuw meetpunt (reserve);;97245,60;189966,10
2050241_1;618588_v2014;2050241;0;6230;6230;80;nieuw meetpunt (reserve);;80317,59;202446,11
2052510_1;633086_v2020;2052510;0;6230;6230_hmo;60;nieuw meetpunt (reserve);;183165,59;230862,11
2109586_1;550284_v2018;2109586;1;7140;7140_meso;100;nieuw meetpunt (reserve);;240797,59;208526,11
2135926_1;462920_v2018;2135926;1;7140;7140_meso;100;nieuw meetpunt (reserve);;206493,59;204174,11
2177974_1;420884_v2020;2177974;1;7140;7140_meso;100;nieuw meetpunt (reserve);;213885,59;196750,11
2178817_1;560895_v2018;2178817;1;6230;6230_hmo;60;nieuw meetpunt (reserve);;61245,59;204526,11
2205854_1;644442_v2020;2205854;0;6230;6230_hmo;100;nieuw meetpunt (reserve);;175101,59;220302,11
2233013_1;561777_v2018;2233013;1;1330;1330_hpr;100;nieuw meetpunt (reserve);;63197,59;219790,11
2298502_1;424652_v2020;2298502;1;7140;7140_meso;100;nieuw meetpunt (reserve);;169981,59;169614,11
2330037_1;456026_v2016;2330037;1;1330;1330_hpr;100;nieuw meetpunt (reserve);;62781,59;220398,11
2370997_1;438953_v2018;2370997;1;1330;1330_hpr;100;nieuw meetpunt (reserve);;62973,59;221870,11
2428469_1;589297_v2014;2428469;1;1330;1330_da;80;nieuw meetpunt (reserve);;80349,59;228462,11
2436726_1;552248_v2016;2436726;1;7140;7140_meso;100;nieuw meetpunt (reserve);;210845,59;206926,11
2438961_1;517574_v2020;2438961;1;1330;1330_da;100;nieuw meetpunt (reserve);;35837,59;205326,11
2440885_1;448628_v2016;2440885;1;1330;1330_hpr;100;nieuw meetpunt (reserve);;69597,59;221422,11
2448949_1;507101_v2018;2448949;1;1330;1330_da;95;nieuw meetpunt (reserve);;80253,59;228846,11
2471214_1;527919_v2018;2471214;1;6230;6230;;nieuw meetpunt (reserve);;188189,60;229582,10
2471357_1;553429_v2018;2471357;1;1330;1330_da;100;nieuw meetpunt (reserve);;144189,59;222446,11
2494005_1;589729_v2014;2494005;1;1330;1330_da;80;nieuw meetpunt (reserve);;79453,59;228622,11
2495157_1;509115_v2018;2495157;1;1330;1330_hpr;100;nieuw meetpunt (reserve);;63261,59;219694,11
2505729_1;438293_v2018;2505729;1;1330;1330_hpr;100;nieuw meetpunt (reserve);;57437,60;212526,10
2559285_1;589717_v2014;2559285;1;1330;1330_da;60;nieuw meetpunt (reserve);;79357,59;228846,11
2559541_1;589296_v2014;2559541;1;1330;1330_da;100;nieuw meetpunt (reserve);;80125,59;228174,11
2592181_1;456026_v2016;2592181;1;1330;1330_hpr;100;nieuw meetpunt (reserve);;62749,59;220366,11
2592309_1;589298_v2014;2592309;1;1330;1330_da;90;nieuw meetpunt (reserve);;80445,59;228334,11
2643702_1;629015_v2020;2643702;1;6230;6230;80;nieuw meetpunt (reserve);;188861,59;209774,11
2676946_1;485276_v2018;2676946;1;6230;6230_hmo;70;nieuw meetpunt (reserve);;222045,59;199630,11
2680897_1;517668_v2020;2680897;1;6230;6230_hmo;100;nieuw meetpunt (reserve);;74749,59;200334,11
2690485_1;479301_v2018;2690485;1;1330;1330_hpr;100;nieuw meetpunt (reserve);;61757,60;219566,10
2695470_1;559666_v2018;2695470;1;6230;6230_hmo;30;nieuw meetpunt (reserve);;190685,59;228334,11
2706185_1;512996_v2020;2706185;1;7140;7140_mrd;100;nieuw meetpunt (reserve);;106621,59;215694,11
2740161_1;618588_v2014;2740161;0;6230;6230;80;nieuw meetpunt (reserve);;79197,59;202926,11
2744765_1;625915_v2020;2744765;1;1330;1330_da;100;nieuw meetpunt (reserve);;141597,59;225230,11
2774709_1;505777_v2020;2774709;1;1330;1330_hpr;100;nieuw meetpunt (reserve);;70493,59;224910,11
2805173_1;513660_v2020;2805173;1;1330;1330_hpr;100;nieuw meetpunt (reserve);;61885,59;220494,11
2842165_1;589719_v2014;2842165;1;1330;1330_da;50;nieuw meetpunt (reserve);;79517,59;228846,11
2889397_1;537669_v2018;2889397;1;1330;1330_da;100;nieuw meetpunt (reserve);;70461,59;226446,11
2952757_1;507101_v2018;2952757;1;1330;1330_da;95;nieuw meetpunt (reserve);;80093,59;228814,11
2965173_1;589754_v2016;2965173;0;1330;1330_hpr;100;nieuw meetpunt (reserve);;69565,59;221358,11
2967745_1;499314_v2020;2967745;0;6230;6230;100;nieuw meetpunt (reserve);;79581,59;202830,11
2975442_1;328476_v2016;2975442;1;7140;7140_oli;50;nieuw meetpunt (reserve);;223421,59;188302,11
3033206_1;474012_v2018;3033206;1;7140;7140_oli;100;nieuw meetpunt (reserve);;206045,59;217806,11
3051061_1;589480_v2014;3051061;1;1330;1330_da;80;nieuw meetpunt (reserve);;80477,59;228238,11
3076789_1;509125_v2018;3076789;0;1330;1330_hpr;100;nieuw meetpunt (reserve);;63517,59;220846,11
3081405_1;562859_v2018;3081405;1;1330;1330_da;100;nieuw meetpunt (reserve);;141373,59;228782,11
3137205_1;473972_v2016;3137205;0;1330;1330_hpr;100;nieuw meetpunt (reserve);;69757,59;220526,11
3149365_1;589478_v2014;3149365;1;1330;1330_da;100;nieuw meetpunt (reserve);;79773,59;228078,11
3151541_1;554630_v2018;3151541;1;1330;1330_da;50;nieuw meetpunt (reserve);;70493,59;226542,11
3173846_1;642771_v2014;3173846;0;7140;7140_meso;100;nieuw meetpunt (reserve);;182141,59;216942,11
3195318_1;422247_v2020;3195318;0;7140;7140_meso;20;nieuw meetpunt (reserve);;203773,59;187214,11
3203517_1;625915_v2020;3203517;1;1330;1330_da;100;nieuw meetpunt (reserve);;141661,59;225326,11
3280437_1;589520_v2014;3280437;1;1330;1330_da;100;nieuw meetpunt (reserve);;79869,59;228718,11
3303122_1;455999_v2018;3303122;1;7140;7140_oli;90;nieuw meetpunt (reserve);;223421,59;188558,11
3308853_1;589866_v2014;3308853;1;1330;1330_da;100;nieuw meetpunt (reserve);;79229,59;228622,11
3361582_1;544116_v2016;3361582;1;7140;7140_oli;80;nieuw meetpunt (reserve);;197213,59;229518,11
3378741_1;589576_v2014;3378741;1;1330;1330_da;90;nieuw meetpunt (reserve);;80413,59;228718,11
3391926_1;422235_v2020;3391926;0;7140;7140_meso;20;nieuw meetpunt (reserve);;204029,59;187374,11
3411509_1;589731_v2014;3411509;1;1330;1330_da;90;nieuw meetpunt (reserve);;79453,59;228142,11
3542581_1;618403_v2014;3542581;1;1330;1330_da;90;nieuw meetpunt (reserve);;79517,59;228686,11
3586258_1;639024_v2020;3586258;1;7140;7140_oli;30;nieuw meetpunt (reserve);;219069,59;198830,11
3608117_1;589297_v2014;3608117;1;1330;1330_da;80;nieuw meetpunt (reserve);;80125,59;228270,11
3620533_1;589192_v2016;3620533;0;1330;1330_hpr;100;nieuw meetpunt (reserve);;69469,59;220814,11
3661493_1;445152_v2016;3661493;0;1330;1330_hpr;100;nieuw meetpunt (reserve);;69981,59;220366,11
3684145_1;517453_v2020;3684145;1;1330;1330_da;100;nieuw meetpunt (reserve);;36029,59;205358,11
3716913_1;517461_v2020;3716913;1;1330;1330_da;100;nieuw meetpunt (reserve);;36157,59;205166,11
3749309_1;553925_v2018;3749309;0;1330;1330_da;100;nieuw meetpunt (reserve);;142973,59;222158,11
3782642_1;425003_v2020;3782642;1;7140;7140_oli;40;nieuw meetpunt (reserve);;238173,59;181166,11
3838098_1;550255_v2018;3838098;1;6230;6230;100;nieuw meetpunt (reserve);;242173,59;208142,11
4010130_1;550304_v2018;4010130;1;7140;7140_mrd;100;nieuw meetpunt (reserve);;240349,59;208654,11
4024018_1;328476_v2016;4024018;1;7140;7140_oli;50;nieuw meetpunt (reserve);;223421,59;188238,11
4163858_1;629780_v2020;4163858;1;7140;7140_mrd;60;nieuw meetpunt (reserve);;223325,59;217230,11
4316853_1;455713_v2016;4316853;0;1330;1330_hpr;100;nieuw meetpunt (reserve);;69629,59;220302,11
4353158_1;603739_v2014;4353158;0;6230;6230;100;nieuw meetpunt (reserve);;182461,59;182766,11
4447925_1;443621_v2016;4447925;0;1330;1330_hpr;100;nieuw meetpunt (reserve);;69693,59;220206,11
4470066_1;642641_v2014;4470066;0;7140;7140_meso;100;nieuw meetpunt (reserve);;221629,59;180174,11
4507218_1;647731_v2014;4507218;0;7140;7140_meso;40;nieuw meetpunt (reserve);;239357,59;189390,11
4537673_1;511528_v2020;4537673;1;7140;7140_mrd;100;nieuw meetpunt (reserve);;93181,59;217870,11
4599942_1;419968_v2020;4599942;1;6230;6230;20;nieuw meetpunt (reserve);;179069,59;184846,11
4644533_1;449731_v2016;4644533;0;1330;1330_hpr;100;nieuw meetpunt (reserve);;70013,59;219790,11
4676022_1;644593_v2014;4676022;0;7140;7140_meso;70;nieuw meetpunt (reserve);;209533,59;190926,11
4713206_1;628866_v2020;4713206;1;6230;6230;100;nieuw meetpunt (reserve);;190173,59;209614,11
4761298_1;315629_v2016;4761298;1;7140;7140_oli;100;nieuw meetpunt (reserve);;224509,59;188622,11
4763782_1;358804_v2020;4763782;1;6230;6230;30;nieuw meetpunt (reserve);;179133,59;184654,11
4799817_1;511528_v2020;4799817;1;7140;7140_mrd;100;nieuw meetpunt (reserve);;92893,59;217710,11
5112885_1;589172_v2016;5112885;0;1330;1330_hpr;100;nieuw meetpunt (reserve);;72157,59;220750,11
5164477_1;686298_v2014;5164477;0;1330;1330_hpr;80;nieuw meetpunt (reserve);;139645,59;220046,11
5246913_1;565550_v2014;5246913;0;6230;6230;20;nieuw meetpunt (reserve);;78333,59;202542,11
5320850_1;550302_v2018;5320850;1;7140;7140_mrd;90;nieuw meetpunt (reserve);;240605,59;208718,11
5361830_1;644080_v2014;5361830;0;7140;7140_meso;50;nieuw meetpunt (reserve);;196349,59;183310,11
5365429_1;560305_v2018;5365429;0;1330;1330_hpr;100;nieuw meetpunt (reserve);;69437,59;220334,11
5365697_1;494150_v2020;5365697;0;6230;6230;80;nieuw meetpunt (reserve);;76861,59;203886,11
5426621_1;686221_v2014;5426621;0;1330;1330_hpr;80;nieuw meetpunt (reserve);;139517,59;219918,11
5455541_1;561105_v2018;5455541;0;1330;1330_hpr;50;nieuw meetpunt (reserve);;69181,59;221134,11
5459637_1;591300_v2018;5459637;0;1330;1330_hpr;100;nieuw meetpunt (reserve);;68925,59;222222,11
5535570_1;554042_v2018;5535570;1;6230;6230;40;nieuw meetpunt (reserve);;242429,59;195726,11
5625270_1;644455_v2014;5625270;0;7140;7140_meso;100;nieuw meetpunt (reserve);;206973,59;188974,11
5717685_1;560830_v2018;5717685;0;1330;1330_hpr;100;nieuw meetpunt (reserve);;69533,59;220686,11
5741622_1;422347_v2020;5741622;0;7140;7140_meso;100;nieuw meetpunt (reserve);;202045,59;186158,11
5783221_1;477825_v2018;5783221;0;1330;1330_hpr;100;nieuw meetpunt (reserve);;69789,59;220718,11
5883574_1;378568_v2018;5883574;0;7140;7140_meso;100;nieuw meetpunt (reserve);;213245,59;193166,11
5944897_1;565868_v2014;5944897;0;6230;6230;30;nieuw meetpunt (reserve);;81405,59;201454,11
6020789_1;445152_v2016;6020789;0;1330;1330_hpr;100;nieuw meetpunt (reserve);;69949,59;220430,11
6045365_1;451497_v2016;6045365;0;1330;1330_hpr;100;nieuw meetpunt (reserve);;69917,59;220686,11
6094722_1;583758_v2018;6094722;1;6230;6230_hnk;40;nieuw meetpunt (reserve);;258365,60;158958,10
6152129_1;494150_v2020;6152129;0;6230;6230;80;nieuw meetpunt (reserve);;77149,59;203758,11
6222894_1;611644_v2014;6222894;0;6410;6410_mo;30;nieuw meetpunt (reserve);;188477,59;220846,11
6381622_1;572392_v2014;6381622;0;6230;6230;30;nieuw meetpunt (reserve);;195453,59;189934,11
6669505_1;590794_v2018;6669505;1;6230;6230;50;nieuw meetpunt (reserve);;86781,59;205390,11
6691254_1;644593_v2014;6691254;0;7140;7140_meso;70;nieuw meetpunt (reserve);;209533,59;190990,11
6743890_1;554105_v2018;6743890;1;6230;6230;20;nieuw meetpunt (reserve);;242877,59;196174,11
6850998_1;456380_v2018;6850998;0;7140;7140_meso;100;nieuw meetpunt (reserve);;209725,59;192142,11
6916697_1;554852_v2018;6916697;0;6410;6410_mo;60;nieuw meetpunt (reserve);;111229,59;178478,11
7205814_1;646399_v2020;7205814;1;6410;6410_mo;40;nieuw meetpunt (reserve);;218397,59;198638,11
7237974_1;413006_v2020;7237974;1;6410;6410_mo;100;nieuw meetpunt (reserve);;184989,59;190574,11
7401398_1;644723_v2014;7401398;0;7140;7140_meso;70;nieuw meetpunt (reserve);;215581,59;194446,11
7405442_1;583758_v2018;7405442;1;6230;6230_hnk;40;nieuw meetpunt (reserve);;258397,59;158894,11
7425286_1;411401_v2020;7425286;1;6410;6410_mo;60;nieuw meetpunt (reserve);;167453,59;162510,11
7448854_1;644370_v2014;7448854;0;7140;7140_meso;100;nieuw meetpunt (reserve);;165213,59;188718,11
7513537_1;106680_v2014;7513537;0;7140;7140_mrd;20;nieuw meetpunt (reserve);;73629,59;216302,11
7633718_1;629929_v2020;7633718;0;7140;7140_meso;100;nieuw meetpunt (reserve);;193789,59;201870,11
7717302_1;422246_v2020;7717302;0;7140;7140_meso;30;nieuw meetpunt (reserve);;203805,59;187278,11
7741910_1;640591_v2020;7741910;1;6410;6410_mo;100;nieuw meetpunt (reserve);;180317,59;216046,11
7762642_1;528555_v2018;7762642;0;7140;7140_meso;30;nieuw meetpunt (reserve);;219133,59;190510,11
7839878_1;420234_v2020;7839878;1;6410;6410_mo;80;nieuw meetpunt (reserve);;179965,59;184974,11
7853106_1;669780_v2014;7853106;1;6410;6410_mo;100;nieuw meetpunt (reserve);;222589,59;175534,11
7858934_1;628866_v2020;7858934;1;6410;6410_mo;100;nieuw meetpunt (reserve);;190077,59;209550,11
7936134_1;562545_v2018;7936134;1;6410;6410_mo;95;nieuw meetpunt (reserve);;182813,59;180622,11
7965273_1;554852_v2018;7965273;0;6410;6410_mo;60;nieuw meetpunt (reserve);;111229,59;178574,11
8057906_1;662873_v2014;8057906;1;6410;6410_mo;60;nieuw meetpunt (reserve);;220637,59;175214,11
8204434_1;550304_v2018;8204434;1;7140;7140_mrd;100;nieuw meetpunt (reserve);;240349,59;208686,11
8466578_1;550302_v2018;8466578;1;7140;7140_mrd;90;nieuw meetpunt (reserve);;240573,59;208782,11
8509174_1;644396_v2020;8509174;1;6410;6410_mo;100;nieuw meetpunt (reserve);;189885,59;209806,11
8623542_1;624810_v2014;8623542;0;7140;7140_meso;30;nieuw meetpunt (reserve);;207549,59;189102,11
8761798_1;590207_v2018;8761798;1;6410;6410_mo;60;nieuw meetpunt (reserve);;167069,59;177134,11
8814310_1;507748_v2018;8814310;0;7140;7140_meso;30;nieuw meetpunt (reserve);;215101,59;185678,11
8827222_1;413194_v2020;8827222;1;6410;6410_ve;70;nieuw meetpunt (reserve);;184637,59;191150,11
8901682_1;669780_v2014;8901682;1;6410;6410_mo;100;nieuw meetpunt (reserve);;222621,59;175502,11
8944438_1;629929_v2020;8944438;0;7140;7140_meso;100;nieuw meetpunt (reserve);;193821,59;201902,11
8984710_1;562545_v2018;8984710;1;6410;6410_mo;95;nieuw meetpunt (reserve);;182813,59;180558,11
9401042_1;528555_v2018;9401042;0;7140;7140_meso;30;nieuw meetpunt (reserve);;219101,59;190350,11
9431346_1;370474_v2020;9431346;1;7140;7140_mrd;80;nieuw meetpunt (reserve);;226333,59;182830,11
9669209_1;554801_v2018;9669209;0;6410;6410_mo;60;nieuw meetpunt (reserve);;111293,59;178126,11
9749750_1;558789_v2014;9749750;0;7140;7140_oli;60;nieuw meetpunt (reserve);;196061,59;216142,11
9918902_1;644577_v2014;9918902;0;7140;7140_meso;60;nieuw meetpunt (reserve);;209501,59;190702,11
10135990_1;624640_v2014;10135990;0;7140;7140_meso;30;nieuw meetpunt (reserve);;207549,59;189966,11
10280897_1;508067_v2020;10280897;0;6410;6410_mo;75;nieuw meetpunt (reserve);;76637,59;204014,11
10304841_1;511528_v2020;10304841;1;7140;7140_mrd;100;nieuw meetpunt (reserve);;93117,59;217806,11
10517702_1;361155_v2020;10517702;1;7140;7140_base;60;nieuw meetpunt (reserve);;162557,59;179726,11
10854337_1;508067_v2020;10854337;0;6410;6410_mo;75;nieuw meetpunt (reserve);;76157,59;204014,11
11098134_1;572187_v2014;11098134;0;6410;6410_mo;100;nieuw meetpunt (reserve);;162109,59;195630,11
11649202_1;680686_v2014;11649202;1;6230;6230_hnk;70;nieuw meetpunt (reserve);;241693,59;167150,11
12042418_1;674718_v2014;12042418;1;6230;6230_hnk;100;nieuw meetpunt (reserve);;241533,59;167342,11
12073554_1;546085_v2018;12073554;0;6410;6410_mo;90;nieuw meetpunt (reserve);;237053,59;193006,11
12552466_1;629780_v2020;12552466;1;7140;7140_mrd;60;nieuw meetpunt (reserve);;223261,59;217262,11
12854694_1;343302_v2016;12854694;0;6410;6410_mo;60;nieuw meetpunt (reserve);;190365,59;171438,11
12959622_1;611770_v2014;12959622;0;6410;6410_mo;30;nieuw meetpunt (reserve);;177277,59;181326,11
13191945_1;470747_v2018;13191945;1;7140;7140_mrd;100;nieuw meetpunt (reserve);;106653,59;215566,11
13285158_1;570203_v2018;13285158;0;6230;6230_hnk;60;nieuw meetpunt (reserve);;207261,59;163790,11
13313238_1;610941_v2020;13313238;0;6410;6410_mo;100;nieuw meetpunt (reserve);;175677,59;212078,11
13353138_1;614673_v2014;13353138;1;6230;6230_hnk;30;nieuw meetpunt (reserve);;241405,59;167374,11
13822258_1;370474_v2020;13822258;1;7140;7140_mrd;80;nieuw meetpunt (reserve);;226301,59;182830,11
13917526_1;559225_v2014;13917526;0;6410;6410_mo;60;nieuw meetpunt (reserve);;178397,59;188814,11
14139570_1;680444_v2014;14139570;1;6230;6230_hnk;100;nieuw meetpunt (reserve);;241565,59;167278,11
14243862_1;572187_v2014;14243862;0;6410;6410_mo;100;nieuw meetpunt (reserve);;162141,59;195726,11
14387474_1;629792_v2020;14387474;1;7140;7140_mrd;70;nieuw meetpunt (reserve);;223421,59;217422,11
14430070_1;631122_v2020;14430070;1;7140;7140_mrd;100;nieuw meetpunt (reserve);;203581,59;204366,11
14641014_1;560237_v2018;14641014;1;7140;7140_mrd;75;nieuw meetpunt (reserve);;207229,59;204718,11
14695753_1;511528_v2020;14695753;1;7140;7140_mrd;100;nieuw meetpunt (reserve);;93213,59;217966,11
14712006_1;361155_v2020;14712006;1;7140;7140_base;60;nieuw meetpunt (reserve);;162493,59;179726,11
15526194_1;370475_v2020;15526194;1;7140;7140_mrd;30;nieuw meetpunt (reserve);;226685,59;183310,11
15829593_1;554801_v2018;15829593;0;6410;6410_mo;60;nieuw meetpunt (reserve);;111261,59;178222,11
15952150_1;611705_v2014;15952150;0;6410;6410_mo;100;nieuw meetpunt (reserve);;164157,59;189134,11
16593042_1;550304_v2018;16593042;1;7140;7140_mrd;100;nieuw meetpunt (reserve);;240317,59;208686,11
16855186_1;550302_v2018;16855186;1;7140;7140_mrd;90;nieuw meetpunt (reserve);;240637,59;208750,11
17120584_1;511528_v2020;17120584;1;7140;7140_mrd;100;nieuw meetpunt (reserve);;93181,59;217902,11
18333874_1;674718_v2014;18333874;1;6230;6230_hnk;100;nieuw meetpunt (reserve);;241565,59;167374,11
20006080_1;507372_v2018;20006080;1;6410;6410_ve;50;nieuw meetpunt (reserve);;85949,59;204334,11
20625190_1;118623_v2014;20625190;0;6230;6230_hnk;20;nieuw meetpunt (reserve);;207197,59;163790,11
21167406_1;509729_v2018;21167406;1;6410;6410_ve;100;nieuw meetpunt (reserve);;187357,59;232462,11
21314888_1;511528_v2020;21314888;1;7140;7140_mrd;100;nieuw meetpunt (reserve);;93181,59;217838,11
22098066_1;550302_v2018;22098066;1;7140;7140_mrd;90;nieuw meetpunt (reserve);;240637,59;208718,11
23700242_1;582114_v2018;23700242;1;6410;6410_ve;50;nieuw meetpunt (reserve);;223901,59;205742,11
24535826_1;463151_v2018;24535826;1;6410;6410_ve;100;nieuw meetpunt (reserve);;223741,59;205678,11
24845038_1;532613_v2018;24845038;1;7140;7140_base;100;nieuw meetpunt (reserve);;202333,59;224110,11
25542834_1;439613_v2018;25542834;1;6230;6230_hnk;40;nieuw meetpunt (reserve);;241693,59;166958,11
25671462_1;570203_v2018;25671462;0;6230;6230_hnk;60;nieuw meetpunt (reserve);;207229,59;163822,11
26297536_1;507372_v2018;26297536;1;6410;6410_ve;50;nieuw meetpunt (reserve);;85885,59;204494,11
28987570_1;674992_v2014;28987570;1;6230;6230_hnk;70;nieuw meetpunt (reserve);;241501,59;167406,11
29039342_1;532613_v2018;29039342;1;7140;7140_base;100;nieuw meetpunt (reserve);;202301,59;224110,11
30908550_1;420039_v2020;30908550;1;7140;7140_base;95;nieuw meetpunt (reserve);;179869,59;184846,11
30916786_1;680444_v2014;30916786;0;6230;6230_hnk;100;nieuw meetpunt (reserve);;241597,59;167310,11
31260546_1;115793_v2014;31260546;1;6230;6230_hnk;30;nieuw meetpunt (reserve);;258397,59;159054,11
31875858_1;463216_v2018;31875858;1;6410;6410_ve;100;nieuw meetpunt (reserve);;223677,59;205550,11
31957126_1;420039_v2020;31957126;1;7140;7140_base;95;nieuw meetpunt (reserve);;179837,59;184814,11
32403330_1;673746_v2014;32403330;1;6230;6230_hnk;20;nieuw meetpunt (reserve);;258269,59;159278,11
33181874_1;450630_v2018;33181874;1;6230;6230_hnk;60;nieuw meetpunt (reserve);;241533,59;167470,11
35454848_1;115793_v2014;35454848;1;6230;6230_hnk;30;nieuw meetpunt (reserve);;258429,59;158990,11
36783296_1;507372_v2018;36783296;1;6410;6410_ve;50;nieuw meetpunt (reserve);;85949,59;204366,11
37376176_1;674992_v2014;37376176;1;6230;6230_hnk;70;nieuw meetpunt (reserve);;241469,59;167438,11
37944624_1;509729_v2018;37944624;1;6410;6410_ve;100;nieuw meetpunt (reserve);;187357,59;232430,11
38187352_1;413194_v2020;38187352;1;6410;6410_ve;70;nieuw meetpunt (reserve);;184605,59;191118,11
38338432_1;583758_v2018;38338432;1;6230;6230_hnk;40;nieuw meetpunt (reserve);;258269,59;159118,11
39428880_1;463151_v2018;39428880;1;6410;6410_ve;100;nieuw meetpunt (reserve);;223773,59;205678,11
40083592_1;420090_v2020;40083592;1;7140;7140_base;100;nieuw meetpunt (reserve);;180029,59;184910,11
40434992_1;509729_v2018;40434992;1;6410;6410_ve;100;nieuw meetpunt (reserve);;187421,59;232462,11
40791936_1;115793_v2014;40791936;1;6230;6230_hnk;30;nieuw meetpunt (reserve);;258301,59;159214,11
41271472_1;439613_v2018;41271472;1;6230;6230_hnk;40;nieuw meetpunt (reserve);;241693,59;167054,11
41622256_1;532613_v2018;41622256;1;7140;7140_base;100;nieuw meetpunt (reserve);;202365,59;224142,11
47685768_1;420039_v2020;47685768;1;7140;7140_base;95;nieuw meetpunt (reserve);;179869,59;184814,11
48501952_1;507372_v2018;48501952;1;6410;6410_ve;50;nieuw meetpunt (reserve);;85949,59;204014,11
48734344_1;420039_v2020;48734344;1;7140;7140_base;95;nieuw meetpunt (reserve);;179837,59;184846,11
54721840_1;509729_v2018;54721840;1;6410;6410_ve;100;nieuw meetpunt (reserve);;187389,59;232462,11
56206096_1;463151_v2018;56206096;1;6410;6410_ve;100;nieuw meetpunt (reserve);;223805,59;205710,11
58399472_1;532613_v2018;58399472;1;7140;7140_base;100;nieuw meetpunt (reserve);;202365,59;224110,11
59158872_1;413194_v2020;59158872;1;6410;6410_ve;70;nieuw meetpunt (reserve);;184605,59;191150,11
60268680_1;420039_v2020;60268680;1;7140;7140_base;95;nieuw meetpunt (reserve);;179869,59;184878,11
64462984_1;420039_v2020;64462984;1;7140;7140_base;95;nieuw meetpunt (reserve);;179901,59;184814,11
